=== lm_v3_chunked (2-block, chunked sampling from full optim.rail) ===
corpus chars=10901  vocab size=94
corpus encoded to arr (10901 ids)
seq_len=512  max offset=10388
[tgl_init] dylib=$HOME/projects/rail/tools/metal/libtensor_gpu.dylib src_path=$HOME/projects/rail/tools/metal/tensor_gpu.metal
[tgl_init] OK — 38 functions
initial loss (on one sampled chunk)=8.62960223571262  uniform=4.54329478227
training 10000 steps...
step 0  lr=0  loss=8.01492801962747
step 1  lr=0.0002  loss=8.70287359700098
step 2  lr=0.0004  loss=8.69565839041839
step 3  lr=0.0006  loss=8.17877691691753
step 4  lr=0.0008  loss=7.50182100065378
step 5  lr=0.001  loss=7.3178499649932
step 6  lr=0.0012  loss=7.22023192956236
step 7  lr=0.0014  loss=7.17640568896567
step 8  lr=0.0016  loss=6.5393100313016
step 9  lr=0.0018  loss=6.52758760452158
step 10  lr=0.002  loss=6.10615870578884
step 11  lr=0.0022  loss=6.2584806543153
step 12  lr=0.0024  loss=5.56770243579913
step 13  lr=0.0026  loss=5.03983353442284
step 14  lr=0.0028  loss=5.2734139070022
step 15  lr=0.003  loss=5.19867135991776
step 16  lr=0.0032  loss=4.8260729517873
step 17  lr=0.0034  loss=4.60484261846166
step 18  lr=0.0036  loss=4.62396374559058
step 19  lr=0.0038  loss=5.20690009252667
step 20  lr=0.004  loss=4.71961593084392
step 21  lr=0.0042  loss=4.29873885488811
step 22  lr=0.0044  loss=4.93864663537274
step 23  lr=0.0046  loss=4.41358133506357
step 24  lr=0.0048  loss=4.55234796668418
step 25  lr=0.005  loss=4.82943231328186
step 26  lr=0.0052  loss=4.2995914481877
step 27  lr=0.0054  loss=4.4463796174832
step 28  lr=0.0056  loss=3.80363708195208
step 29  lr=0.0058  loss=4.12805666677411
step 30  lr=0.006  loss=4.07981421625553
step 31  lr=0.0062  loss=3.95253990929615
step 32  lr=0.0064  loss=3.8989119555257
step 33  lr=0.0066  loss=4.21186122950032
step 34  lr=0.0068  loss=3.82365013897435
step 35  lr=0.007  loss=3.71884458106271
step 36  lr=0.0072  loss=3.66823875027108
step 37  lr=0.0074  loss=3.75856843552482
step 38  lr=0.0076  loss=4.31025833195919
step 39  lr=0.0078  loss=3.85007824920974
step 40  lr=0.008  loss=4.21999051084336
step 41  lr=0.0082  loss=3.3874274956605
step 42  lr=0.0084  loss=3.48747258200201
step 43  lr=0.0086  loss=3.69984304860648
step 44  lr=0.0088  loss=3.42065543947768
step 45  lr=0.009  loss=3.35599469136758
step 46  lr=0.0092  loss=3.43056078875207
step 47  lr=0.0094  loss=3.31533703635261
step 48  lr=0.0096  loss=3.40516136561334
step 49  lr=0.0098  loss=3.36640470772197
step 50  lr=0.01  loss=3.23451967047507
step 51  lr=0.0102  loss=3.56827899861669
step 52  lr=0.0104  loss=3.14824077217887
step 53  lr=0.0106  loss=3.10071198076828
step 54  lr=0.0108  loss=3.31331589649907
step 55  lr=0.011  loss=3.41076545441396
step 56  lr=0.0112  loss=3.09455357143849
step 57  lr=0.0114  loss=3.05586909490864
step 58  lr=0.0116  loss=3.16888481826607
step 59  lr=0.0118  loss=3.14174131408606
step 60  lr=0.012  loss=3.03983963882125
step 61  lr=0.0122  loss=3.3648011977301
step 62  lr=0.0124  loss=3.4060743246991
step 63  lr=0.0126  loss=3.8833281106721
step 64  lr=0.0128  loss=3.04640131111837
step 65  lr=0.013  loss=3.47987673722594
step 66  lr=0.0132  loss=3.2575359831886
step 67  lr=0.0134  loss=2.99991750235425
step 68  lr=0.0136  loss=3.15692202248633
step 69  lr=0.0138  loss=2.92525307048486
step 70  lr=0.014  loss=3.24326350996595
step 71  lr=0.0142  loss=2.85922412776063
step 72  lr=0.0144  loss=2.87281151002936
step 73  lr=0.0146  loss=3.6184623556066
step 74  lr=0.0148  loss=2.85043341582031
step 75  lr=0.015  loss=3.02058620657207
step 76  lr=0.0152  loss=3.1226073955494
step 77  lr=0.0154  loss=3.31478158309042
step 78  lr=0.0156  loss=3.29045815122603
step 79  lr=0.0158  loss=3.68899179581242
step 80  lr=0.016  loss=2.82441529155149
step 81  lr=0.0162  loss=3.22283792549332
step 82  lr=0.0164  loss=3.25866387698741
step 83  lr=0.0166  loss=3.53056406679459
step 84  lr=0.0168  loss=3.06126795677813
step 85  lr=0.017  loss=3.33315886247396
step 86  lr=0.0172  loss=3.19008192978734
step 87  lr=0.0174  loss=3.32282375334678
step 88  lr=0.0176  loss=2.85199752768224
step 89  lr=0.0178  loss=3.01590763982243
step 90  lr=0.018  loss=2.83644011559504
step 91  lr=0.0182  loss=2.8547431992406
step 92  lr=0.0184  loss=3.53395901381778
step 93  lr=0.0186  loss=2.89619658023685
step 94  lr=0.0188  loss=3.17400362909583
step 95  lr=0.019  loss=2.78486775853756
step 96  lr=0.0192  loss=3.24229739707201
step 97  lr=0.0194  loss=2.99561106318249
step 98  lr=0.0196  loss=2.57220949517227
step 99  lr=0.0198  loss=2.65741928057278
step 100  lr=0.02  loss=3.37462608118964
step 101  lr=0.0199999994965001  loss=3.23557292958186
step 102  lr=0.0199999979860006  loss=2.48297604016263
step 103  lr=0.0199999954685015  loss=2.6927951562224
step 104  lr=0.0199999919440032  loss=2.6207589695909
step 105  lr=0.019999987412506  loss=2.63356764597091
step 106  lr=0.0199999818740102  loss=3.00049272653519
step 107  lr=0.0199999753285166  loss=3.47792266150383
step 108  lr=0.0199999677760258  loss=2.55576742737758
step 109  lr=0.0199999592165385  loss=2.67022286725878
step 110  lr=0.0199999496500555  loss=2.07810651135486
step 111  lr=0.0199999390765779  loss=2.62287727213917
step 112  lr=0.0199999274961067  loss=2.6618599690523
step 113  lr=0.0199999149086431  loss=2.51501617020395
step 114  lr=0.0199999013141883  loss=3.00348583667429
step 115  lr=0.0199998867127437  loss=2.76788854412512
step 116  lr=0.0199998711043108  loss=2.48100483149795
step 117  lr=0.0199998544888912  loss=3.40771007450456
step 118  lr=0.0199998368664865  loss=2.45123121804677
step 119  lr=0.0199998182370985  loss=3.60159020597358
step 120  lr=0.0199997986007291  loss=2.44861400795543
step 121  lr=0.0199997779573802  loss=3.54560487434641
step 122  lr=0.0199997563070539  loss=3.32174469470383
step 123  lr=0.0199997336497525  loss=2.70648762144612
step 124  lr=0.0199997099854782  loss=3.29757945352785
step 125  lr=0.0199996853142333  loss=2.65476990763726
step 126  lr=0.0199996596360204  loss=2.94789250684025
step 127  lr=0.0199996329508421  loss=3.0703420718439
step 128  lr=0.019999605258701  loss=3.46377646442536
step 129  lr=0.0199995765595999  loss=2.45264396293379
step 130  lr=0.0199995468535417  loss=2.74149862110081
step 131  lr=0.0199995161405295  loss=3.20100364911647
step 132  lr=0.0199994844205662  loss=2.56767359855753
step 133  lr=0.0199994516936551  loss=2.44618767168096
step 134  lr=0.0199994179597995  loss=2.65968759860021
step 135  lr=0.0199993832190028  loss=2.3568746639247
step 136  lr=0.0199993474712685  loss=3.3524634437268
step 137  lr=0.0199993107166002  loss=3.46863862256605
step 138  lr=0.0199992729550015  loss=3.32434345985314
step 139  lr=0.0199992341864764  loss=2.49685085729035
step 140  lr=0.0199991944110286  loss=2.93384241288711
step 141  lr=0.0199991536286622  loss=3.3965160437414
step 142  lr=0.0199991118393813  loss=3.07454528813555
step 143  lr=0.0199990690431902  loss=3.236122873715
step 144  lr=0.019999025240093  loss=2.37371671444426
step 145  lr=0.0199989804300943  loss=3.04355602339292
step 146  lr=0.0199989346131986  loss=2.31269936102375
step 147  lr=0.0199988877894104  loss=3.29119657765233
step 148  lr=0.0199988399587344  loss=2.74643955066555
step 149  lr=0.0199987911211756  loss=2.73085559824646
step 150  lr=0.0199987412767388  loss=2.4028007725358
step 151  lr=0.0199986904254289  loss=2.61167875559055
step 152  lr=0.0199986385672513  loss=2.16020678348576
step 153  lr=0.019998585702211  loss=2.57299859556076
step 154  lr=0.0199985318303134  loss=2.20347461606416
step 155  lr=0.0199984769515639  loss=3.48952051312124
step 156  lr=0.0199984210659681  loss=3.23568537939807
step 157  lr=0.0199983641735315  loss=2.72595014303023
step 158  lr=0.01999830627426  loss=2.37102221666909
step 159  lr=0.0199982473681592  loss=2.09350155450554
step 160  lr=0.0199981874552353  loss=2.23756743381736
step 161  lr=0.0199981265354941  loss=3.25592947315382
step 162  lr=0.0199980646089419  loss=2.05178010881141
step 163  lr=0.0199980016755848  loss=3.28316064218978
step 164  lr=0.0199979377354292  loss=2.04297668774195
step 165  lr=0.0199978727884816  loss=2.28020976552923
step 166  lr=0.0199978068347485  loss=3.53832695590678
step 167  lr=0.0199977398742364  loss=3.22237583954493
step 168  lr=0.0199976719069523  loss=2.37134381885406
step 169  lr=0.0199976029329029  loss=3.06293107199775
step 170  lr=0.0199975329520951  loss=2.52163288136057
step 171  lr=0.019997461964536  loss=3.30502913755781
step 172  lr=0.0199973899702328  loss=3.5718656194317
step 173  lr=0.0199973169691927  loss=3.22734848593018
step 174  lr=0.019997242961423  loss=3.40404518851639
step 175  lr=0.0199971679469313  loss=3.40131631683061
step 176  lr=0.019997091925725  loss=2.2081166141266
step 177  lr=0.0199970148978118  loss=2.32690848595293
step 178  lr=0.0199969368631995  loss=3.18120820161875
step 179  lr=0.019996857821896  loss=3.34167140116112
step 180  lr=0.0199967777739091  loss=3.20776414633276
step 181  lr=0.019996696719247  loss=2.28722754112495
step 182  lr=0.0199966146579178  loss=1.84408089235355
step 183  lr=0.0199965315899297  loss=3.29590991845077
step 184  lr=0.0199964475152912  loss=3.05087160338313
step 185  lr=0.0199963624340108  loss=2.42149607624114
step 186  lr=0.0199962763460968  loss=2.17269968186297
step 187  lr=0.0199961892515582  loss=3.34116120989367
step 188  lr=0.0199961011504035  loss=2.16517007713092
step 189  lr=0.0199960120426418  loss=3.18748686253741
step 190  lr=0.0199959219282819  loss=2.25525936283397
step 191  lr=0.0199958308073329  loss=2.27154014106736
step 192  lr=0.0199957386798041  loss=3.18691326544459
step 193  lr=0.0199956455457046  loss=2.46339596675464
step 194  lr=0.0199955514050439  loss=2.1732067176219
step 195  lr=0.0199954562578315  loss=2.19106213213383
step 196  lr=0.0199953601040769  loss=2.24070880103162
step 197  lr=0.0199952629437898  loss=2.07336322759309
step 198  lr=0.0199951647769799  loss=2.07922070320387
step 199  lr=0.0199950656036573  loss=1.9853215873685
step 200  lr=0.0199949654238319  loss=2.23523941318165
step 201  lr=0.0199948642375136  loss=3.33699940880201
step 202  lr=0.0199947620447129  loss=2.12749593739891
step 203  lr=0.0199946588454399  loss=2.11254255640827
step 204  lr=0.0199945546397049  loss=2.16735548914027
step 205  lr=0.0199944494275187  loss=2.64643638819715
step 206  lr=0.0199943432088916  loss=3.07118164202688
step 207  lr=0.0199942359838345  loss=2.28397494320882
step 208  lr=0.019994127752358  loss=3.31201548183492
step 209  lr=0.0199940185144732  loss=1.95859096144465
step 210  lr=0.019993908270191  loss=2.01035664383234
step 211  lr=0.0199937970195224  loss=3.1271652403536
step 212  lr=0.0199936847624788  loss=2.15440896840291
step 213  lr=0.0199935714990715  loss=3.01894666818742
step 214  lr=0.0199934572293117  loss=2.14905970449033
step 215  lr=0.0199933419532111  loss=3.2281137124725
step 216  lr=0.0199932256707812  loss=1.59738366791497
step 217  lr=0.0199931083820338  loss=2.00792609469589
step 218  lr=0.0199929900869806  loss=1.96388394211957
step 219  lr=0.0199928707856336  loss=2.013950961579
step 220  lr=0.0199927504780047  loss=2.23009758415828
step 221  lr=0.0199926291641062  loss=3.00841182382623
step 222  lr=0.0199925068439502  loss=3.2112225534797
step 223  lr=0.019992383517549  loss=2.9214382259324
step 224  lr=0.0199922591849151  loss=3.07049874416131
step 225  lr=0.019992133846061  loss=2.97512019061271
step 226  lr=0.0199920075009992  loss=2.49109462688788
step 227  lr=0.0199918801497426  loss=2.13336479234914
step 228  lr=0.0199917517923039  loss=3.45501537927991
step 229  lr=0.0199916224286961  loss=3.12227340974555
step 230  lr=0.0199914920589321  loss=3.44239275482094
step 231  lr=0.0199913606830252  loss=3.41117597462851
step 232  lr=0.0199912283009886  loss=2.6186348156295
step 233  lr=0.0199910949128355  loss=2.18844566793372
step 234  lr=0.0199909605185795  loss=3.33725317881223
step 235  lr=0.019990825118234  loss=2.91505793011933
step 236  lr=0.0199906887118126  loss=3.25116150502784
step 237  lr=0.0199905512993292  loss=3.1823081360536
step 238  lr=0.0199904128807976  loss=3.05717118808477
step 239  lr=0.0199902734562316  loss=2.44719858231795
step 240  lr=0.0199901330256454  loss=2.68881109897186
step 241  lr=0.0199899915890531  loss=3.01574431038174
step 242  lr=0.0199898491464689  loss=3.04840019654704
step 243  lr=0.0199897056979071  loss=2.11762201551391
step 244  lr=0.0199895612433823  loss=3.0026508586721
step 245  lr=0.0199894157829089  loss=2.2016319114303
step 246  lr=0.0199892693165017  loss=3.15074760161912
step 247  lr=0.0199891218441752  loss=3.00770683651685
step 248  lr=0.0199889733659445  loss=2.14523599885653
step 249  lr=0.0199888238818244  loss=3.39906982565086
step 250  lr=0.0199886733918301  loss=2.4463984134293
step 251  lr=0.0199885218959766  loss=2.67354316508256
step 252  lr=0.0199883693942792  loss=3.03876990550898
step 253  lr=0.0199882158867533  loss=3.13272797231917
step 254  lr=0.0199880613734143  loss=2.13835291722875
step 255  lr=0.0199879058542779  loss=3.01817142525982
step 256  lr=0.0199877493293595  loss=2.14988884588401
step 257  lr=0.0199875917986751  loss=2.62553728129937
step 258  lr=0.0199874332622405  loss=1.5106038682266
step 259  lr=0.0199872737200716  loss=3.05505970409694
step 260  lr=0.0199871131721846  loss=2.25136044721039
step 261  lr=0.0199869516185955  loss=2.09861345357941
step 262  lr=0.0199867890593206  loss=3.26173903842905
step 263  lr=0.0199866254943764  loss=3.05525385273309
step 264  lr=0.0199864609237792  loss=3.19366012964727
step 265  lr=0.0199862953475457  loss=2.1628306377853
step 266  lr=0.0199861287656926  loss=3.07401801750876
step 267  lr=0.0199859611782365  loss=2.44029749990343
step 268  lr=0.0199857925851945  loss=3.27855306494939
step 269  lr=0.0199856229865833  loss=1.98883654512371
step 270  lr=0.0199854523824203  loss=2.19120496449516
step 271  lr=0.0199852807727224  loss=2.76267089558222
step 272  lr=0.0199851081575071  loss=3.01203284766264
step 273  lr=0.0199849345367916  loss=3.03242511571865
step 274  lr=0.0199847599105935  loss=2.38682724786367
step 275  lr=0.0199845842789303  loss=3.29020773416053
step 276  lr=0.0199844076418198  loss=2.96228458545414
step 277  lr=0.0199842299992797  loss=1.95730966858459
step 278  lr=0.0199840513513279  loss=2.01173533017555
step 279  lr=0.0199838716979824  loss=2.81283935452845
step 280  lr=0.0199836910392614  loss=2.99897000201453
step 281  lr=0.0199835093751829  loss=1.96493525401921
step 282  lr=0.0199833267057652  loss=3.289268004887
step 283  lr=0.0199831430310269  loss=3.22781596515647
step 284  lr=0.0199829583509863  loss=3.07524354283387
step 285  lr=0.0199827726656621  loss=3.06031150832379
step 286  lr=0.0199825859750729  loss=3.01635489709449
step 287  lr=0.0199823982792377  loss=2.08913943084358
step 288  lr=0.0199822095781751  loss=3.01369683530928
step 289  lr=0.0199820198719044  loss=2.92403749999437
step 290  lr=0.0199818291604445  loss=2.00771952658099
step 291  lr=0.0199816374438147  loss=2.62870933698567
step 292  lr=0.0199814447220343  loss=2.09165589853563
step 293  lr=0.0199812509951227  loss=2.39090582131034
step 294  lr=0.0199810562630993  loss=2.11364583487202
step 295  lr=0.0199808605259839  loss=2.14865848147337
step 296  lr=0.0199806637837961  loss=2.94320903480374
step 297  lr=0.0199804660365557  loss=3.16555927921311
step 298  lr=0.0199802672842827  loss=2.74213416069411
step 299  lr=0.019980067526997  loss=2.77294749479641
step 300  lr=0.0199798667647188  loss=2.13134710495205
step 301  lr=0.0199796649974683  loss=2.85635961126685
step 302  lr=0.0199794622252658  loss=3.02502009426596
step 303  lr=0.0199792584481318  loss=3.19595560554217
step 304  lr=0.0199790536660866  loss=3.03333673820712
step 305  lr=0.0199788478791511  loss=2.24583322453291
step 306  lr=0.0199786410873458  loss=2.18163188700981
step 307  lr=0.0199784332906917  loss=3.15211710897258
step 308  lr=0.0199782244892095  loss=3.1688107382834
step 309  lr=0.0199780146829205  loss=3.05713560196099
step 310  lr=0.0199778038718457  loss=2.16067799290646
step 311  lr=0.0199775920560062  loss=2.3935623282042
step 312  lr=0.0199773792354236  loss=3.54635776382279
step 313  lr=0.0199771654101191  loss=2.04714614043382
step 314  lr=0.0199769505801143  loss=2.13857506227171
step 315  lr=0.0199767347454309  loss=2.65610040940617
step 316  lr=0.0199765179060905  loss=3.31425846822368
step 317  lr=0.0199763000621151  loss=2.57692918239602
step 318  lr=0.0199760812135265  loss=2.96972815643364
step 319  lr=0.0199758613603469  loss=3.02542210148538
step 320  lr=0.0199756405025982  loss=2.92945965598009
step 321  lr=0.0199754186403029  loss=2.38385847229124
step 322  lr=0.0199751957734831  loss=3.07929801989209
step 323  lr=0.0199749719021615  loss=2.26936909924284
step 324  lr=0.0199747470263604  loss=2.97027311713639
step 325  lr=0.0199745211461025  loss=2.93664677767311
step 326  lr=0.0199742942614107  loss=3.1403111790977
step 327  lr=0.0199740663723077  loss=3.05264712543302
step 328  lr=0.0199738374788165  loss=3.11796505853949
step 329  lr=0.0199736075809601  loss=3.21265125972822
step 330  lr=0.0199733766787617  loss=2.90753817109089
step 331  lr=0.0199731447722446  loss=2.36248513310394
step 332  lr=0.019972911861432  loss=2.17773858909819
step 333  lr=0.0199726779463475  loss=3.21680711243539
step 334  lr=0.0199724430270146  loss=2.14467950664668
step 335  lr=0.019972207103457  loss=2.93015525241328
step 336  lr=0.0199719701756984  loss=2.22820991716571
step 337  lr=0.0199717322437626  loss=3.36722125117569
step 338  lr=0.0199714933076737  loss=3.30018160067423
step 339  lr=0.0199712533674557  loss=3.14950132971321
step 340  lr=0.0199710124231328  loss=2.25315120754651
step 341  lr=0.0199707704747291  loss=2.57240542663825
step 342  lr=0.0199705275222692  loss=3.02027750963086
step 343  lr=0.0199702835657774  loss=3.36582938578012
step 344  lr=0.0199700386052783  loss=2.10845684974708
step 345  lr=0.0199697926407966  loss=2.0275556735236
step 346  lr=0.0199695456723571  loss=3.28178214902494
step 347  lr=0.0199692976999846  loss=3.28399967647804
step 348  lr=0.0199690487237041  loss=2.07012116848599
step 349  lr=0.0199687987435406  loss=3.19121341652956
step 350  lr=0.0199685477595194  loss=3.0374938905606
step 351  lr=0.0199682957716657  loss=2.21906220475531
step 352  lr=0.0199680427800049  loss=3.1608134225963
step 353  lr=0.0199677887845625  loss=2.11724199444906
step 354  lr=0.019967533785364  loss=1.59536210473146
step 355  lr=0.0199672777824351  loss=3.01022963893282
step 356  lr=0.0199670207758016  loss=3.15322803580342
step 357  lr=0.0199667627654894  loss=3.10286158571226
step 358  lr=0.0199665037515245  loss=2.51688247603282
step 359  lr=0.0199662437339329  loss=3.15548961307407
step 360  lr=0.0199659827127408  loss=1.85372426531443
step 361  lr=0.0199657206879746  loss=3.13515029169021
step 362  lr=0.0199654576596605  loss=3.17192528445141
step 363  lr=0.0199651936278251  loss=3.07803720593739
step 364  lr=0.019964928592495  loss=2.1418715019941
step 365  lr=0.0199646625536969  loss=3.11135242454824
step 366  lr=0.0199643955114575  loss=2.66380818786537
step 367  lr=0.0199641274658038  loss=3.0689623897801
step 368  lr=0.0199638584167627  loss=2.95975054434862
step 369  lr=0.0199635883643614  loss=2.52163381071516
step 370  lr=0.0199633173086269  loss=3.15467852689344
step 371  lr=0.0199630452495867  loss=3.27299928635299
step 372  lr=0.0199627721872681  loss=3.14627557242296
step 373  lr=0.0199624981216986  loss=3.16697739817222
step 374  lr=0.0199622230529058  loss=3.40256183181434
step 375  lr=0.0199619469809175  loss=3.32585380023177
step 376  lr=0.0199616699057613  loss=3.28570552512838
step 377  lr=0.0199613918274653  loss=3.10140093528151
step 378  lr=0.0199611127460573  loss=2.55452915983646
step 379  lr=0.0199608326615656  loss=2.67055426499464
step 380  lr=0.0199605515740183  loss=3.70077742355731
step 381  lr=0.0199602694834438  loss=2.70879310315742
step 382  lr=0.0199599863898704  loss=3.19485643611174
step 383  lr=0.0199597022933266  loss=2.30031565387555
step 384  lr=0.0199594171938411  loss=3.3898100564504
step 385  lr=0.0199591310914425  loss=3.52114942458809
step 386  lr=0.0199588439861597  loss=2.56158605581045
step 387  lr=0.0199585558780216  loss=2.49476478148113
step 388  lr=0.0199582667670572  loss=2.84185209263865
step 389  lr=0.0199579766532956  loss=3.29264927285544
step 390  lr=0.019957685536766  loss=3.00887594491008
step 391  lr=0.0199573934174978  loss=3.34084257872034
step 392  lr=0.0199571002955203  loss=2.83275180952854
step 393  lr=0.019956806170863  loss=3.37505769571728
step 394  lr=0.0199565110435557  loss=2.40167771203535
step 395  lr=0.019956214913628  loss=2.33785632669424
step 396  lr=0.0199559177811097  loss=3.25627955606072
step 397  lr=0.0199556196460308  loss=2.62892122060901
step 398  lr=0.0199553205084212  loss=3.2153389418185
step 399  lr=0.0199550203683112  loss=2.44041588184352
step 400  lr=0.0199547192257308  loss=2.29846650506407
step 401  lr=0.0199544170807106  loss=2.40970278001914
step 402  lr=0.0199541139332807  loss=3.4249600547805
step 403  lr=0.0199538097834719  loss=2.1981641081074
step 404  lr=0.0199535046313147  loss=2.52882071674252
step 405  lr=0.0199531984768399  loss=2.26243286822852
step 406  lr=0.0199528913200782  loss=2.45808801317534
step 407  lr=0.0199525831610607  loss=3.15918934773212
step 408  lr=0.0199522739998183  loss=2.54410611578455
step 409  lr=0.0199519638363822  loss=2.18879642920714
step 410  lr=0.0199516526707836  loss=2.21450906179188
step 411  lr=0.0199513405030539  loss=2.60238956638041
step 412  lr=0.0199510273332244  loss=3.36644790028545
step 413  lr=0.0199507131613268  loss=3.4577456075737
step 414  lr=0.0199503979873926  loss=2.31697901513288
step 415  lr=0.0199500818114536  loss=2.23837702183821
step 416  lr=0.0199497646335416  loss=3.1915141871463
step 417  lr=0.0199494464536887  loss=2.95560926601426
step 418  lr=0.0199491272719267  loss=2.15801921270633
step 419  lr=0.0199488070882879  loss=3.24138055163121
step 420  lr=0.0199484859028045  loss=2.15445837771584
step 421  lr=0.0199481637155088  loss=2.90135201224168
step 422  lr=0.0199478405264333  loss=3.12963267568502
step 423  lr=0.0199475163356106  loss=2.16098185472915
step 424  lr=0.0199471911430732  loss=2.21489004091022
step 425  lr=0.0199468649488539  loss=3.30895606750657
step 426  lr=0.0199465377529857  loss=2.09832202507897
step 427  lr=0.0199462095555013  loss=2.15063268403793
step 428  lr=0.0199458803564339  loss=2.1295018579483
step 429  lr=0.0199455501558166  loss=3.18193253423282
step 430  lr=0.0199452189536827  loss=2.24278891071522
step 431  lr=0.0199448867500656  loss=3.1910581040512
step 432  lr=0.0199445535449986  loss=2.73286017341351
step 433  lr=0.0199442193385153  loss=3.03838390670247
step 434  lr=0.0199438841306494  loss=3.06982285483966
step 435  lr=0.0199435479214347  loss=2.18842103742383
step 436  lr=0.0199432107109049  loss=3.10018911420958
step 437  lr=0.0199428724990941  loss=3.2043162874978
step 438  lr=0.0199425332860363  loss=3.02132499478777
step 439  lr=0.0199421930717657  loss=3.31534190763826
step 440  lr=0.0199418518563165  loss=2.06411345082867
step 441  lr=0.0199415096397232  loss=2.14497741608163
step 442  lr=0.01994116642202  loss=2.17157913428984
step 443  lr=0.0199408222032417  loss=2.31801925088617
step 444  lr=0.0199404769834228  loss=3.24354935778504
step 445  lr=0.0199401307625982  loss=2.40978520079174
step 446  lr=0.0199397835408027  loss=2.56795055834062
step 447  lr=0.0199394353180713  loss=2.00568263864751
step 448  lr=0.019939086094439  loss=3.06145995690851
step 449  lr=0.019938735869941  loss=2.18613344491041
step 450  lr=0.0199383846446125  loss=3.1225616262186
step 451  lr=0.0199380324184891  loss=3.1739996458045
step 452  lr=0.019937679191606  loss=2.10627082202963
step 453  lr=0.0199373249639989  loss=3.33178763845702
step 454  lr=0.0199369697357034  loss=3.03248024468727
step 455  lr=0.0199366135067554  loss=3.07642623932512
step 456  lr=0.0199362562771906  loss=2.07485528522904
step 457  lr=0.0199358980470451  loss=3.33514443165679
step 458  lr=0.019935538816355  loss=2.026471320755
step 459  lr=0.0199351785851563  loss=2.04160022738798
step 460  lr=0.0199348173534855  loss=3.02747255676877
step 461  lr=0.0199344551213788  loss=2.06771611173381
step 462  lr=0.0199340918888728  loss=2.14137912726876
step 463  lr=0.019933727656004  loss=3.13967277797519
step 464  lr=0.019933362422809  loss=1.99768077087806
step 465  lr=0.0199329961893248  loss=3.14159644929723
step 466  lr=0.0199326289555881  loss=3.04237492968599
step 467  lr=0.0199322607216359  loss=2.78538572221253
step 468  lr=0.0199318914875054  loss=3.27207355800291
step 469  lr=0.0199315212532337  loss=3.02166012171152
step 470  lr=0.019931150018858  loss=3.08086665403475
step 471  lr=0.0199307777844158  loss=2.05051600288893
step 472  lr=0.0199304045499446  loss=3.23606364009878
step 473  lr=0.0199300303154819  loss=3.02911237541857
step 474  lr=0.0199296550810654  loss=2.7060390839563
step 475  lr=0.0199292788467329  loss=1.66127121929123
step 476  lr=0.0199289016125223  loss=3.21872215030298
step 477  lr=0.0199285233784716  loss=2.17812493734944
step 478  lr=0.0199281441446188  loss=3.05949048563244
step 479  lr=0.0199277639110022  loss=2.19945067393066
step 480  lr=0.0199273826776601  loss=3.30794980492708
step 481  lr=0.0199270004446308  loss=3.43720605645304
step 482  lr=0.0199266172119528  loss=3.10789132732462
step 483  lr=0.0199262329796647  loss=2.16249648074799
step 484  lr=0.0199258477478053  loss=2.33330431519771
step 485  lr=0.0199254615164132  loss=2.27956308290814
step 486  lr=0.0199250742855275  loss=2.2372960049096
step 487  lr=0.019924686055187  loss=3.23888783044609
step 488  lr=0.0199242968254309  loss=2.1542340987895
step 489  lr=0.0199239065962984  loss=2.54837754963021
step 490  lr=0.0199235153678288  loss=2.17999529615244
step 491  lr=0.0199231231400615  loss=3.26010139172598
step 492  lr=0.0199227299130359  loss=2.34776866933075
step 493  lr=0.0199223356867917  loss=2.13029115382838
step 494  lr=0.0199219404613686  loss=3.21129786847816
step 495  lr=0.0199215442368063  loss=3.22503436266423
step 496  lr=0.0199211470131448  loss=2.85817913946466
step 497  lr=0.019920748790424  loss=2.34177560504239
step 498  lr=0.0199203495686842  loss=2.113854848089
step 499  lr=0.0199199493479654  loss=2.25142810807593
step 500  lr=0.019919548128308  loss=2.13999574822392
step 501  lr=0.0199191459097523  loss=3.06300558860871
step 502  lr=0.0199187426923389  loss=2.39006907424888
step 503  lr=0.0199183384761084  loss=3.11111212769947
step 504  lr=0.0199179332611015  loss=2.16710016998022
step 505  lr=0.019917527047359  loss=2.02372806695709
step 506  lr=0.0199171198349218  loss=2.48145162163775
step 507  lr=0.0199167116238309  loss=2.2186231780568
step 508  lr=0.0199163024141274  loss=3.40418649615478
step 509  lr=0.0199158922058525  loss=1.61460496993547
step 510  lr=0.0199154809990476  loss=2.2263027460543
step 511  lr=0.019915068793754  loss=2.83464686689702
step 512  lr=0.0199146555900132  loss=3.0239452215964
step 513  lr=0.0199142413878669  loss=2.04151842107067
step 514  lr=0.0199138261873567  loss=3.16170141928593
step 515  lr=0.0199134099885245  loss=2.21876222732268
step 516  lr=0.0199129927914122  loss=3.09370612914641
step 517  lr=0.0199125745960618  loss=2.24410007391365
step 518  lr=0.0199121554025154  loss=2.97469835206174
step 519  lr=0.0199117352108152  loss=2.17413637779148
step 520  lr=0.0199113140210036  loss=2.88308685738893
step 521  lr=0.0199108918331229  loss=2.13506491928956
step 522  lr=0.0199104686472157  loss=2.08763588821236
step 523  lr=0.0199100444633246  loss=3.38944140099691
step 524  lr=0.0199096192814922  loss=2.4560903034908
step 525  lr=0.0199091931017615  loss=3.12187662072076
step 526  lr=0.0199087659241753  loss=3.20220955178107
step 527  lr=0.0199083377487766  loss=2.17198998528215
step 528  lr=0.0199079085756086  loss=3.23152442518103
step 529  lr=0.0199074784047144  loss=3.08049511711667
step 530  lr=0.0199070472361375  loss=2.53564191923026
step 531  lr=0.0199066150699212  loss=2.2115493855306
step 532  lr=0.019906181906109  loss=2.46640740173147
step 533  lr=0.0199057477447445  loss=2.08725855803885
step 534  lr=0.0199053125858716  loss=2.44676915386772
step 535  lr=0.0199048764295339  loss=3.1325662092779
step 536  lr=0.0199044392757755  loss=3.01428697712371
step 537  lr=0.0199040011246402  loss=2.01161716073875
step 538  lr=0.0199035619761724  loss=3.38914550330607
step 539  lr=0.0199031218304161  loss=2.13870017668582
step 540  lr=0.0199026806874157  loss=3.30184155792992
step 541  lr=0.0199022385472157  loss=2.14742198415871
step 542  lr=0.0199017954098604  loss=2.09093802575023
step 543  lr=0.0199013512753947  loss=2.17449912948498
step 544  lr=0.0199009061438632  loss=3.11468298331495
step 545  lr=0.0199004600153107  loss=2.77555720852784
step 546  lr=0.0199000128897821  loss=2.23701424006269
step 547  lr=0.0198995647673225  loss=2.3389317646077
step 548  lr=0.019899115647977  loss=2.65202647900392
step 549  lr=0.0198986655317908  loss=2.56885677268297
step 550  lr=0.0198982144188093  loss=3.04525582192956
step 551  lr=0.0198977623090779  loss=3.14202171254448
step 552  lr=0.0198973092026421  loss=3.1651823663259
step 553  lr=0.0198968550995475  loss=2.19553293411637
step 554  lr=0.0198963999998398  loss=2.15885052924644
step 555  lr=0.019895943903565  loss=2.14974585680295
step 556  lr=0.0198954868107689  loss=2.29529963211243
step 557  lr=0.0198950287214975  loss=3.40267619225853
step 558  lr=0.019894569635797  loss=2.47531909843567
step 559  lr=0.0198941095537136  loss=3.12871633008192
step 560  lr=0.0198936484752936  loss=3.08755790088637
step 561  lr=0.0198931864005836  loss=2.99195877821756
step 562  lr=0.0198927233296299  loss=1.94069593881638
step 563  lr=0.0198922592624792  loss=2.26545992379671
step 564  lr=0.0198917941991783  loss=2.19180339150374
step 565  lr=0.0198913281397741  loss=2.37189638394061
step 566  lr=0.0198908610843133  loss=2.76259473135528
step 567  lr=0.0198903930328431  loss=2.04102346530215
step 568  lr=0.0198899239854106  loss=2.13320655054494
step 569  lr=0.019889453942063  loss=3.09810351909856
step 570  lr=0.0198889829028477  loss=3.14390424984875
step 571  lr=0.019888510867812  loss=2.76287143374002
step 572  lr=0.0198880378370036  loss=2.02765064398446
step 573  lr=0.0198875638104701  loss=2.23705983416722
step 574  lr=0.0198870887882591  loss=2.72844508358376
step 575  lr=0.0198866127704186  loss=1.5591452977513
step 576  lr=0.0198861357569964  loss=3.1154194466504
step 577  lr=0.0198856577480407  loss=2.53128485390632
step 578  lr=0.0198851787435994  loss=3.03689244927131
step 579  lr=0.019884698743721  loss=2.3276533999261
step 580  lr=0.0198842177484536  loss=2.42899127129132
step 581  lr=0.0198837357578458  loss=3.08074396401936
step 582  lr=0.0198832527719461  loss=2.00640971643713
step 583  lr=0.0198827687908031  loss=1.99333989202742
step 584  lr=0.0198822838144655  loss=2.89781469236141
step 585  lr=0.0198817978429823  loss=2.70483739426528
step 586  lr=0.0198813108764022  loss=1.56322198710624
step 587  lr=0.0198808229147745  loss=2.42522766160016
step 588  lr=0.0198803339581481  loss=3.07808145048246
step 589  lr=0.0198798440065724  loss=3.05006763786468
step 590  lr=0.0198793530600966  loss=3.28166216175632
step 591  lr=0.0198788611187703  loss=3.09709090496753
step 592  lr=0.0198783681826429  loss=2.95500892333089
step 593  lr=0.0198778742517641  loss=2.9979838064297
step 594  lr=0.0198773793261837  loss=3.0262792127699
step 595  lr=0.0198768834059514  loss=2.81533551792144
step 596  lr=0.0198763864911172  loss=3.04871174065561
step 597  lr=0.0198758885817312  loss=2.12743384683628
step 598  lr=0.0198753896778435  loss=2.97086883150698
step 599  lr=0.0198748897795043  loss=2.03529419952293
step 600  lr=0.0198743888867639  loss=3.28421341236132
step 601  lr=0.0198738869996729  loss=3.05295836095035
step 602  lr=0.0198733841182818  loss=2.11612846841161
step 603  lr=0.0198728802426411  loss=2.08647000966426
step 604  lr=0.0198723753728016  loss=2.02546771450857
step 605  lr=0.0198718695088142  loss=2.11269686820766
step 606  lr=0.0198713626507299  loss=2.69193257076099
step 607  lr=0.0198708547985996  loss=2.02799890510258
step 608  lr=0.0198703459524744  loss=3.03756279446081
step 609  lr=0.0198698361124057  loss=2.60432874520809
step 610  lr=0.0198693252784448  loss=2.19183741620611
step 611  lr=0.0198688134506431  loss=2.25779222946836
step 612  lr=0.0198683006290522  loss=3.07982084826961
step 613  lr=0.0198677868137236  loss=2.09463880476706
step 614  lr=0.0198672720047092  loss=2.5772454861382
step 615  lr=0.0198667562020608  loss=3.29816349295436
step 616  lr=0.0198662394058302  loss=2.14487998772948
step 617  lr=0.0198657216160697  loss=2.99220558121658
step 618  lr=0.0198652028328312  loss=2.01894231306713
step 619  lr=0.0198646830561671  loss=2.55412944194276
step 620  lr=0.0198641622861297  loss=2.36607941577303
step 621  lr=0.0198636405227714  loss=2.37426161405398
step 622  lr=0.0198631177661448  loss=3.05827723526343
step 623  lr=0.0198625940163025  loss=1.94453999186309
step 624  lr=0.0198620692732972  loss=3.05813162366092
step 625  lr=0.0198615435371819  loss=3.0118045445498
step 626  lr=0.0198610168080093  loss=2.11355441100547
step 627  lr=0.0198604890858327  loss=2.81473378556983
step 628  lr=0.019859960370705  loss=1.97542334686459
step 629  lr=0.0198594306626797  loss=3.0087726132009
step 630  lr=0.0198588999618099  loss=3.09680550778645
step 631  lr=0.0198583682681492  loss=2.52061008935781
step 632  lr=0.019857835581751  loss=3.15737502576055
step 633  lr=0.0198573019026691  loss=2.43567798032388
step 634  lr=0.0198567672309572  loss=2.14667048728285
step 635  lr=0.019856231566669  loss=2.73683379947673
step 636  lr=0.0198556949098586  loss=2.05571451366161
step 637  lr=0.01985515726058  loss=2.09075444823515
step 638  lr=0.0198546186188874  loss=2.76216414793713
step 639  lr=0.0198540789848349  loss=2.49125175211618
step 640  lr=0.0198535383584769  loss=2.85250896078453
step 641  lr=0.0198529967398679  loss=2.11998457724434
step 642  lr=0.0198524541290624  loss=3.30039067677701
step 643  lr=0.019851910526115  loss=2.95314585370355
step 644  lr=0.0198513659310805  loss=2.05078387137231
step 645  lr=0.0198508203440137  loss=3.31843428177361
step 646  lr=0.0198502737649696  loss=3.0550391234926
step 647  lr=0.0198497261940032  loss=2.03195746485878
step 648  lr=0.0198491776311696  loss=3.260236286295
step 649  lr=0.0198486280765241  loss=3.04701907484582
step 650  lr=0.0198480775301221  loss=2.58153679688491
step 651  lr=0.0198475259920189  loss=3.0067326909704
step 652  lr=0.0198469734622701  loss=2.34655488067921
step 653  lr=0.0198464199409313  loss=2.03032242791335
step 654  lr=0.0198458654280583  loss=2.2112625216811
step 655  lr=0.019845309923707  loss=2.07090423328533
step 656  lr=0.0198447534279332  loss=2.95886048265924
step 657  lr=0.019844195940793  loss=2.95667794816199
step 658  lr=0.0198436374623425  loss=3.05678390423287
step 659  lr=0.019843077992638  loss=2.16254642395319
step 660  lr=0.0198425175317358  loss=2.4621761601536
step 661  lr=0.0198419560796924  loss=1.52726077309041
step 662  lr=0.0198413936365643  loss=2.02570873626193
step 663  lr=0.0198408302024081  loss=2.167997664151
step 664  lr=0.0198402657772806  loss=2.59589582504486
step 665  lr=0.0198397003612385  loss=2.75809200625121
step 666  lr=0.019839133954339  loss=2.03282872324942
step 667  lr=0.0198385665566389  loss=3.23390611850593
step 668  lr=0.0198379981681954  loss=3.23606556184388
step 669  lr=0.0198374287890658  loss=2.04693006316242
step 670  lr=0.0198368584193073  loss=1.88263511938081
step 671  lr=0.0198362870589775  loss=1.92469627171105
step 672  lr=0.0198357147081339  loss=1.97528637569842
step 673  lr=0.019835141366834  loss=2.05588025105955
step 674  lr=0.0198345670351357  loss=2.97325751281794
step 675  lr=0.0198339917130967  loss=2.54311323408477
step 676  lr=0.0198334154007751  loss=3.04085853855232
step 677  lr=0.0198328380982288  loss=2.15265856309409
step 678  lr=0.019832259805516  loss=2.07555251903483
step 679  lr=0.0198316805226948  loss=2.08549449959947
step 680  lr=0.0198311002498237  loss=2.86237559903212
step 681  lr=0.0198305189869611  loss=1.93114273159849
step 682  lr=0.0198299367341655  loss=1.51635949405337
step 683  lr=0.0198293534914955  loss=3.00215761583966
step 684  lr=0.0198287692590099  loss=2.56948962946178
step 685  lr=0.0198281840367676  loss=2.08414619691861
step 686  lr=0.0198275978248273  loss=2.97229491786967
step 687  lr=0.0198270106232482  loss=1.49107219854634
step 688  lr=0.0198264224320894  loss=3.33217194618488
step 689  lr=0.0198258332514102  loss=1.96313389851654
step 690  lr=0.0198252430812698  loss=2.91266417452665
step 691  lr=0.0198246519217277  loss=3.06178855781563
step 692  lr=0.0198240597728434  loss=2.00282963314259
step 693  lr=0.0198234666346765  loss=2.93755108346444
step 694  lr=0.0198228725072869  loss=3.03111169170262
step 695  lr=0.0198222773907342  loss=2.46495554541783
step 696  lr=0.0198216812850785  loss=2.04626831064687
step 697  lr=0.0198210841903798  loss=2.56094097315562
step 698  lr=0.0198204861066981  loss=1.84884416172649
step 699  lr=0.0198198870340938  loss=3.20668618345118
step 700  lr=0.0198192869726271  loss=3.27732700251975
step 701  lr=0.0198186859223584  loss=2.07549000006621
step 702  lr=0.0198180838833484  loss=2.01903321125192
step 703  lr=0.0198174808556576  loss=3.31935883854995
step 704  lr=0.0198168768393467  loss=2.22707147262662
step 705  lr=0.0198162718344766  loss=2.98590669541314
step 706  lr=0.0198156658411082  loss=2.60706889225226
step 707  lr=0.0198150588593026  loss=2.79427030983908
step 708  lr=0.0198144508891207  loss=2.87875397741134
step 709  lr=0.0198138419306239  loss=1.91132952107387
step 710  lr=0.0198132319838736  loss=2.89589898069294
step 711  lr=0.019812621048931  loss=1.91600019882818
step 712  lr=0.0198120091258577  loss=2.90966440229186
step 713  lr=0.0198113962147154  loss=3.02695719768711
step 714  lr=0.0198107823155658  loss=3.06057754068349
step 715  lr=0.0198101674284707  loss=3.030012683755
step 716  lr=0.0198095515534919  loss=2.01354512413738
step 717  lr=0.0198089346906916  loss=2.96120436115663
step 718  lr=0.0198083168401318  loss=2.09558499945299
step 719  lr=0.0198076980018748  loss=2.92384947351366
step 720  lr=0.0198070781759829  loss=1.87347226674185
step 721  lr=0.0198064573625185  loss=3.15327538015914
step 722  lr=0.0198058355615441  loss=3.26030825753142
step 723  lr=0.0198052127731223  loss=2.12114076953288
step 724  lr=0.0198045889973159  loss=2.80651688710743
step 725  lr=0.0198039642341876  loss=3.09582252230127
step 726  lr=0.0198033384838004  loss=2.04413345067011
step 727  lr=0.0198027117462172  loss=3.07883790468629
step 728  lr=0.0198020840215013  loss=2.1803847506967
step 729  lr=0.0198014553097157  loss=2.74389020380739
step 730  lr=0.0198008256109239  loss=3.11505445781826
step 731  lr=0.0198001949251892  loss=2.98223803899046
step 732  lr=0.0197995632525752  loss=2.91191199152735
step 733  lr=0.0197989305931454  loss=2.46237643172381
step 734  lr=0.0197982969469636  loss=2.0706721581179
step 735  lr=0.0197976623140935  loss=2.16992267315479
step 736  lr=0.0197970266945991  loss=2.57931369519536
step 737  lr=0.0197963900885444  loss=3.26337129253509
step 738  lr=0.0197957524959934  loss=2.84119257968112
step 739  lr=0.0197951139170105  loss=2.04373480822798
step 740  lr=0.0197944743516599  loss=1.70041465467027
step 741  lr=0.0197938338000059  loss=2.89277821808378
step 742  lr=0.0197931922621132  loss=1.8838284055147
step 743  lr=0.0197925497380462  loss=2.97123639762648
step 744  lr=0.0197919062278698  loss=2.87184857985847
step 745  lr=0.0197912617316487  loss=2.57359699247021
step 746  lr=0.0197906162494478  loss=2.57692162063889
step 747  lr=0.0197899697813321  loss=3.01487977733587
step 748  lr=0.0197893223273667  loss=2.39254365139196
step 749  lr=0.0197886738876169  loss=2.19855421957787
step 750  lr=0.0197880244621478  loss=3.0512849429538
step 751  lr=0.0197873740510249  loss=2.98543532251351
step 752  lr=0.0197867226543138  loss=2.09067169893498
step 753  lr=0.0197860702720799  loss=3.38760700687228
step 754  lr=0.019785416904389  loss=2.99059729995571
step 755  lr=0.019784762551307  loss=2.44597811027255
step 756  lr=0.0197841072128996  loss=1.92353612434465
step 757  lr=0.0197834508892328  loss=3.06460930055794
step 758  lr=0.0197827935803728  loss=2.85311714691413
step 759  lr=0.0197821352863858  loss=1.93728169591663
step 760  lr=0.0197814760073381  loss=2.36414636027398
step 761  lr=0.0197808157432959  loss=3.32718116959581
step 762  lr=0.0197801544943259  loss=1.95533657136817
step 763  lr=0.0197794922604946  loss=3.12166971873134
step 764  lr=0.0197788290418687  loss=2.71516902033029
step 765  lr=0.019778164838515  loss=2.15747424637355
step 766  lr=0.0197774996505003  loss=2.72387617791355
step 767  lr=0.0197768334778917  loss=1.96605495382884
step 768  lr=0.0197761663207562  loss=2.1325066113668
step 769  lr=0.0197754981791611  loss=1.99277781844526
step 770  lr=0.0197748290531735  loss=2.68593675359583
step 771  lr=0.019774158942861  loss=3.21418332068405
step 772  lr=0.0197734878482909  loss=2.96186707187228
step 773  lr=0.0197728157695308  loss=2.15814192843088
step 774  lr=0.0197721427066484  loss=2.16872275364375
step 775  lr=0.0197714686597116  loss=3.00445060596585
step 776  lr=0.0197707936287881  loss=2.11637336936444
step 777  lr=0.019770117613946  loss=1.97305475548939
step 778  lr=0.0197694406152533  loss=2.08351567045048
step 779  lr=0.0197687626327782  loss=2.86584813820716
step 780  lr=0.019768083666589  loss=2.90756480091227
step 781  lr=0.019767403716754  loss=3.1567495511825
step 782  lr=0.0197667227833417  loss=2.95484286694733
step 783  lr=0.0197660408664207  loss=2.2716229920782
step 784  lr=0.0197653579660596  loss=2.99283084608098
step 785  lr=0.0197646740823273  loss=1.87943951180279
step 786  lr=0.0197639892152926  loss=2.89200925733228
step 787  lr=0.0197633033650244  loss=2.03470909372408
step 788  lr=0.0197626165315918  loss=1.94610553192614
step 789  lr=0.019761928715064  loss=3.08301657862534
step 790  lr=0.0197612399155103  loss=3.013892272047
step 791  lr=0.019760550133  loss=2.17937129955573
step 792  lr=0.0197598593676025  loss=3.0278407289956
step 793  lr=0.0197591676193875  loss=2.99539444811378
step 794  lr=0.0197584748884245  loss=2.07599030553673
step 795  lr=0.0197577811747834  loss=2.49684645867657
step 796  lr=0.019757086478534  loss=2.83150075887604
step 797  lr=0.0197563907997463  loss=2.02906681704321
step 798  lr=0.0197556941384903  loss=2.00121103863859
step 799  lr=0.0197549964948361  loss=1.88293733077738
step 800  lr=0.0197542978688541  loss=2.04349111816208
step 801  lr=0.0197535982606145  loss=3.30171107739126
step 802  lr=0.0197528976701879  loss=2.14540276117982
step 803  lr=0.0197521960976447  loss=2.84480166619596
step 804  lr=0.0197514935430556  loss=2.20934171856598
step 805  lr=0.0197507900064914  loss=2.05701165448039
step 806  lr=0.019750085488023  loss=3.08939497742425
step 807  lr=0.0197493799877212  loss=1.98413970164485
step 808  lr=0.019748673505657  loss=3.08467999027078
step 809  lr=0.0197479660419018  loss=3.13939670181394
step 810  lr=0.0197472575965266  loss=2.38805169316935
step 811  lr=0.0197465481696028  loss=3.10181081933748
step 812  lr=0.0197458377612019  loss=2.8589417475723
step 813  lr=0.0197451263713955  loss=2.91270174329234
step 814  lr=0.019744414000255  loss=2.0930718723276
step 815  lr=0.0197437006478524  loss=2.02411988325713
step 816  lr=0.0197429863142593  loss=2.80846592990879
step 817  lr=0.0197422709995478  loss=3.09262514717008
step 818  lr=0.0197415547037899  loss=2.12435330637225
step 819  lr=0.0197408374270576  loss=2.16168334569791
step 820  lr=0.0197401191694233  loss=2.98322230635047
step 821  lr=0.0197393999309593  loss=3.3114085371318
step 822  lr=0.019738679711738  loss=2.09893349578221
step 823  lr=0.0197379585118319  loss=2.12168964120463
step 824  lr=0.0197372363313136  loss=2.80481738009804
step 825  lr=0.0197365131702559  loss=2.114601719052
step 826  lr=0.0197357890287316  loss=2.96460490875023
step 827  lr=0.0197350639068136  loss=3.15356445586971
step 828  lr=0.0197343378045749  loss=2.96682618165401
step 829  lr=0.0197336107220887  loss=1.97963838359964
step 830  lr=0.0197328826594282  loss=2.71086019986576
step 831  lr=0.0197321536166666  loss=1.97195925103372
step 832  lr=0.0197314235938774  loss=2.14278330247899
step 833  lr=0.0197306925911342  loss=2.2166620930037
step 834  lr=0.0197299606085104  loss=1.97533961753438
step 835  lr=0.0197292276460799  loss=2.86971061456819
step 836  lr=0.0197284937039165  loss=2.19444456965918
step 837  lr=0.019727758782094  loss=2.62947460467213
step 838  lr=0.0197270228806864  loss=1.87753143535924
step 839  lr=0.0197262859997679  loss=2.13836133041255
step 840  lr=0.0197255481394127  loss=1.95792879414867
step 841  lr=0.019724809299695  loss=3.36914765356658
step 842  lr=0.0197240694806893  loss=1.90510190605311
step 843  lr=0.0197233286824701  loss=2.16256533577956
step 844  lr=0.019722586905112  loss=3.210131535585
step 845  lr=0.0197218441486896  loss=2.07761077801012
step 846  lr=0.0197211004132778  loss=1.64126028804135
step 847  lr=0.0197203556989514  loss=2.11190815880832
step 848  lr=0.0197196100057855  loss=2.5806094279686
step 849  lr=0.0197188633338551  loss=2.84232696962966
step 850  lr=0.0197181156832354  loss=2.0848553960412
step 851  lr=0.0197173670540018  loss=2.59073304532671
step 852  lr=0.0197166174462295  loss=2.03318591909406
step 853  lr=0.0197158668599942  loss=3.22299429566509
step 854  lr=0.0197151152953713  loss=1.95142779807974
step 855  lr=0.0197143627524366  loss=3.22424173122663
step 856  lr=0.0197136092312658  loss=1.89935692282705
step 857  lr=0.0197128547319348  loss=3.1134779041676
step 858  lr=0.0197120992545197  loss=2.01394775465411
step 859  lr=0.0197113427990964  loss=1.99889224800862
step 860  lr=0.0197105853657411  loss=2.08495082975319
step 861  lr=0.0197098269545302  loss=3.0195838416635
step 862  lr=0.0197090675655399  loss=3.10404368257626
step 863  lr=0.0197083071988468  loss=2.98563141278095
step 864  lr=0.0197075458545275  loss=2.07673833806682
step 865  lr=0.0197067835326585  loss=1.9231148897533
step 866  lr=0.0197060202333167  loss=3.19179232703666
step 867  lr=0.019705255956579  loss=1.99704211302522
step 868  lr=0.0197044907025222  loss=2.05606110693343
step 869  lr=0.0197037244712235  loss=2.03732663097583
step 870  lr=0.01970295726276  loss=2.92726916060653
step 871  lr=0.0197021890772089  loss=2.05974270227883
step 872  lr=0.0197014199146477  loss=3.12383425321846
step 873  lr=0.0197006497751538  loss=2.79628102802229
step 874  lr=0.0196998786588047  loss=2.08363518160859
step 875  lr=0.0196991065656781  loss=1.86700382998731
step 876  lr=0.0196983334958517  loss=2.69844983552587
step 877  lr=0.0196975594494034  loss=2.22465830284913
step 878  lr=0.0196967844264111  loss=1.48769263488432
step 879  lr=0.0196960084269529  loss=2.02678982691544
step 880  lr=0.0196952314511069  loss=1.92596811121345
step 881  lr=0.0196944534989514  loss=2.57772926483233
step 882  lr=0.0196936745705647  loss=1.93743594899306
step 883  lr=0.0196928946660252  loss=2.85497037914731
step 884  lr=0.0196921137854115  loss=2.31535995289212
step 885  lr=0.0196913319288021  loss=2.95806945476301
step 886  lr=0.019690549096276  loss=2.93146558439456
step 887  lr=0.0196897652879118  loss=1.96527299959959
step 888  lr=0.0196889805037885  loss=2.19420901411043
step 889  lr=0.0196881947439851  loss=2.05461561490931
step 890  lr=0.0196874080085808  loss=2.03775315703515
step 891  lr=0.0196866202976547  loss=1.59356383888937
step 892  lr=0.0196858316112863  loss=2.35146208952068
step 893  lr=0.0196850419495549  loss=2.41703610258236
step 894  lr=0.01968425131254  loss=2.58318407864418
step 895  lr=0.0196834597003213  loss=1.99390895739655
step 896  lr=0.0196826671129785  loss=2.09920896194077
step 897  lr=0.0196818735505913  loss=1.98756338112885
step 898  lr=0.0196810790132397  loss=2.96249732249435
step 899  lr=0.0196802835010038  loss=1.9002976683847
step 900  lr=0.0196794870139636  loss=2.07490373699543
step 901  lr=0.0196786895521993  loss=3.15687173963502
step 902  lr=0.0196778911157912  loss=3.07201619371636
step 903  lr=0.0196770917048197  loss=2.78680376828444
step 904  lr=0.0196762913193654  loss=2.00521331275814
step 905  lr=0.0196754899595088  loss=2.3935110755248
step 906  lr=0.0196746876253306  loss=3.01898450069701
step 907  lr=0.0196738843169117  loss=1.90474071332588
step 908  lr=0.0196730800343328  loss=2.11952894535212
step 909  lr=0.0196722747776751  loss=1.97127442346803
step 910  lr=0.0196714685470196  loss=2.61988479398996
step 911  lr=0.0196706613424474  loss=1.95370940080635
step 912  lr=0.0196698531640399  loss=2.86657248853367
step 913  lr=0.0196690440118785  loss=1.93863616905637
step 914  lr=0.0196682338860446  loss=2.39420010663462
step 915  lr=0.0196674227866198  loss=2.92608136819571
step 916  lr=0.0196666107136858  loss=2.12582805909747
step 917  lr=0.0196657976673244  loss=3.07973428965157
step 918  lr=0.0196649836476174  loss=3.01850960190816
step 919  lr=0.0196641686546468  loss=2.96235989213654
step 920  lr=0.0196633526884947  loss=2.06093565122504
step 921  lr=0.0196625357492432  loss=2.9745726076749
step 922  lr=0.0196617178369747  loss=2.11156847334733
step 923  lr=0.0196608989517714  loss=3.13824973372336
step 924  lr=0.0196600790937159  loss=3.19701260778328
step 925  lr=0.0196592582628907  loss=2.75403869227978
step 926  lr=0.0196584364593784  loss=3.07651542640448
step 927  lr=0.0196576136832619  loss=2.23887078345389
step 928  lr=0.0196567899346239  loss=2.90702738317286
step 929  lr=0.0196559652135474  loss=2.59158386104065
step 930  lr=0.0196551395201155  loss=2.0212224003819
step 931  lr=0.0196543128544113  loss=3.01426771584262
step 932  lr=0.0196534852165181  loss=2.48038550699083
step 933  lr=0.0196526566065192  loss=2.1123216333855
step 934  lr=0.019651827024498  loss=2.14005389211898
step 935  lr=0.0196509964705381  loss=2.07503905260449
step 936  lr=0.0196501649447231  loss=2.94406794583631
step 937  lr=0.0196493324471368  loss=2.04142310435437
step 938  lr=0.019648498977863  loss=2.036279639482
step 939  lr=0.0196476645369855  loss=2.02555023058738
step 940  lr=0.0196468291245886  loss=3.23709200776286
step 941  lr=0.0196459927407562  loss=2.4319537268195
step 942  lr=0.0196451553855725  loss=1.92877454604811
step 943  lr=0.019644317059122  loss=3.1965730758543
step 944  lr=0.0196434777614891  loss=2.83769210221702
step 945  lr=0.0196426374927582  loss=2.93306060923695
step 946  lr=0.019641796253014  loss=3.209399792733
step 947  lr=0.0196409540423411  loss=3.23468554414231
step 948  lr=0.0196401108608244  loss=2.79380227655022
step 949  lr=0.0196392667085489  loss=1.98057070653196
step 950  lr=0.0196384215855994  loss=2.01476262651046
step 951  lr=0.0196375754920612  loss=1.995182729402
step 952  lr=0.0196367284280193  loss=2.3399877718376
step 953  lr=0.0196358803935592  loss=2.56791806784413
step 954  lr=0.0196350313887662  loss=2.94139495482788
step 955  lr=0.0196341814137258  loss=1.93099538998148
step 956  lr=0.0196333304685236  loss=2.60034839581234
step 957  lr=0.0196324785532452  loss=1.9436958051205
step 958  lr=0.0196316256679766  loss=2.39103746104065
step 959  lr=0.0196307718128035  loss=3.02250914219434
step 960  lr=0.0196299169878119  loss=1.90057612898009
step 961  lr=0.019629061193088  loss=2.32705050379137
step 962  lr=0.0196282044287179  loss=2.10782265576286
step 963  lr=0.0196273466947878  loss=1.94655203571037
step 964  lr=0.0196264879913842  loss=2.56538281201433
step 965  lr=0.0196256283185935  loss=2.32540372077894
step 966  lr=0.0196247676765023  loss=1.97208519475105
step 967  lr=0.0196239060651973  loss=2.93775644607806
step 968  lr=0.0196230434847652  loss=2.87339106524812
step 969  lr=0.0196221799352929  loss=3.08984774371772
step 970  lr=0.0196213154168673  loss=2.07560235806781
step 971  lr=0.0196204499295755  loss=1.84861734964315
step 972  lr=0.0196195834735047  loss=2.88307350010657
step 973  lr=0.019618716048742  loss=2.16760779940698
step 974  lr=0.019617847655375  loss=1.9839945311822
step 975  lr=0.0196169782934909  loss=2.08484091949106
step 976  lr=0.0196161079631774  loss=2.38710914026754
step 977  lr=0.0196152366645221  loss=2.84319474399227
step 978  lr=0.0196143643976127  loss=1.94150266554443
step 979  lr=0.0196134911625371  loss=2.02649862788195
step 980  lr=0.0196126169593832  loss=2.01555017147933
step 981  lr=0.019611741788239  loss=1.9771044952495
step 982  lr=0.0196108656491927  loss=2.07346278117368
step 983  lr=0.0196099885423325  loss=1.93594116993245
step 984  lr=0.0196091104677467  loss=1.97910025050767
step 985  lr=0.0196082314255237  loss=2.15036466266734
step 986  lr=0.0196073514157521  loss=2.53680694719097
step 987  lr=0.0196064704385205  loss=2.64953399636393
step 988  lr=0.0196055884939175  loss=1.89606911657501
step 989  lr=0.0196047055820321  loss=2.30378589768875
step 990  lr=0.019603821702953  loss=2.0411137273814
step 991  lr=0.0196029368567694  loss=2.72667980377135
step 992  lr=0.0196020510435703  loss=2.72478874061076
step 993  lr=0.019601164263445  loss=2.1010885954028
step 994  lr=0.0196002765164826  loss=2.53497375406249
step 995  lr=0.0195993878027727  loss=2.0320387162839
step 996  lr=0.0195984981224047  loss=2.48217955265446
step 997  lr=0.0195976074754682  loss=2.76349142973755
step 998  lr=0.0195967158620528  loss=2.03115250166862
step 999  lr=0.0195958232822485  loss=3.0428895310225
step 1000  lr=0.019594929736145  loss=3.00455897586221
step 1001  lr=0.0195940352238323  loss=2.91283388152308
step 1002  lr=0.0195931397454006  loss=2.19925895060863
step 1003  lr=0.0195922433009399  loss=2.84708080771992
step 1004  lr=0.0195913458905406  loss=2.10436471297085
step 1005  lr=0.0195904475142931  loss=3.29024112370437
step 1006  lr=0.0195895481722877  loss=3.08034930344292
step 1007  lr=0.0195886478646151  loss=2.87526967523884
step 1008  lr=0.0195877465913659  loss=3.02466245744383
step 1009  lr=0.0195868443526309  loss=2.09020801727033
step 1010  lr=0.019585941148501  loss=2.92118385343096
step 1011  lr=0.019585036979067  loss=2.33791952926918
step 1012  lr=0.0195841318444201  loss=2.18022006160329
step 1013  lr=0.0195832257446513  loss=2.09027798109835
step 1014  lr=0.019582318679852  loss=3.30893217783479
step 1015  lr=0.0195814106501135  loss=2.1841139795507
step 1016  lr=0.0195805016555271  loss=3.0393085563071
step 1017  lr=0.0195795916961845  loss=2.94048166764359
step 1018  lr=0.0195786807721773  loss=2.25084747363576
step 1019  lr=0.0195777688835972  loss=3.07213745208385
step 1020  lr=0.0195768560305361  loss=2.17142142648725
step 1021  lr=0.0195759422130857  loss=2.930055447727
step 1022  lr=0.0195750274313383  loss=2.36056951438093
step 1023  lr=0.0195741116853859  loss=3.05726373343783
step 1024  lr=0.0195731949753207  loss=2.03717038880495
step 1025  lr=0.019572277301235  loss=2.96122536202539
step 1026  lr=0.0195713586632212  loss=2.96400978691213
step 1027  lr=0.0195704390613719  loss=1.77439841052887
step 1028  lr=0.0195695184957797  loss=2.05881586442124
step 1029  lr=0.0195685969665372  loss=2.87666532876662
step 1030  lr=0.0195676744737372  loss=1.86484588199162
step 1031  lr=0.0195667510174727  loss=2.99094149360243
step 1032  lr=0.0195658265978366  loss=2.17241953509841
step 1033  lr=0.0195649012149221  loss=3.01235504559394
step 1034  lr=0.0195639748688222  loss=2.13884284026039
step 1035  lr=0.0195630475596304  loss=3.17635629176445
step 1036  lr=0.0195621192874399  loss=2.25440569012172
step 1037  lr=0.0195611900523442  loss=2.42765946116232
step 1038  lr=0.019560259854437  loss=2.33726685866923
step 1039  lr=0.0195593286938119  loss=2.95664343353716
step 1040  lr=0.0195583965705627  loss=3.04811516663203
step 1041  lr=0.0195574634847831  loss=3.00392466159244
step 1042  lr=0.0195565294365673  loss=2.13079255066438
step 1043  lr=0.0195555944260092  loss=2.91922296620575
step 1044  lr=0.019554658453203  loss=2.75850115139193
step 1045  lr=0.019553721518243  loss=2.96809315212337
step 1046  lr=0.0195527836212234  loss=2.09109840294745
step 1047  lr=0.0195518447622389  loss=2.31355272640337
step 1048  lr=0.0195509049413838  loss=2.77747827062883
step 1049  lr=0.0195499641587528  loss=2.91267641863287
step 1050  lr=0.0195490224144407  loss=2.98469926127534
step 1051  lr=0.0195480797085424  loss=2.8735194146433
step 1052  lr=0.0195471360411526  loss=2.1806609626502
step 1053  lr=0.0195461914123665  loss=2.15738489264236
step 1054  lr=0.0195452458222792  loss=2.07903323017069
step 1055  lr=0.019544299270986  loss=2.14122818845853
step 1056  lr=0.019543351758582  loss=2.67277910417352
step 1057  lr=0.0195424032851628  loss=2.1203784097969
step 1058  lr=0.0195414538508238  loss=2.16246939542289
step 1059  lr=0.0195405034556607  loss=2.92036496691441
step 1060  lr=0.0195395520997691  loss=3.29417329435934
step 1061  lr=0.0195385997832449  loss=1.89162768784679
step 1062  lr=0.019537646506184  loss=2.45536373824432
step 1063  lr=0.0195366922686823  loss=1.54120583594554
step 1064  lr=0.019535737070836  loss=3.00784475791707
step 1065  lr=0.0195347809127412  loss=2.99423730357338
step 1066  lr=0.0195338237944943  loss=2.49311047744214
step 1067  lr=0.0195328657161915  loss=2.08283021753018
step 1068  lr=0.0195319066779295  loss=2.88156491217218
step 1069  lr=0.0195309466798047  loss=2.03518521556357
step 1070  lr=0.0195299857219138  loss=2.29427189840986
step 1071  lr=0.0195290238043536  loss=2.89811899641445
step 1072  lr=0.019528060927221  loss=3.26131855866147
step 1073  lr=0.0195270970906129  loss=2.39566794115651
step 1074  lr=0.0195261322946264  loss=3.02745514817784
step 1075  lr=0.0195251665393586  loss=1.81062780896418
step 1076  lr=0.0195241998249068  loss=2.74714533005833
step 1077  lr=0.0195232321513684  loss=2.89371772934434
step 1078  lr=0.0195222635188407  loss=1.91854159319575
step 1079  lr=0.0195212939274214  loss=2.04058728335959
step 1080  lr=0.019520323377208  loss=2.61958704713568
step 1081  lr=0.0195193518682983  loss=3.03953045199486
step 1082  lr=0.0195183794007902  loss=2.09512460236524
step 1083  lr=0.0195174059747815  loss=1.9637161212254
step 1084  lr=0.0195164315903703  loss=2.85444115524295
step 1085  lr=0.0195154562476547  loss=3.00920617101932
step 1086  lr=0.0195144799467329  loss=2.08996193909512
step 1087  lr=0.0195135026877032  loss=2.90917698537565
step 1088  lr=0.0195125244706641  loss=2.57114669717808
step 1089  lr=0.019511545295714  loss=2.87365854718192
step 1090  lr=0.0195105651629515  loss=2.12150531900257
step 1091  lr=0.0195095840724754  loss=2.34675111617416
step 1092  lr=0.0195086020243845  loss=2.1001128712716
step 1093  lr=0.0195076190187776  loss=2.03429136692598
step 1094  lr=0.0195066350557537  loss=3.0061322440005
step 1095  lr=0.0195056501354119  loss=1.95177947863422
step 1096  lr=0.0195046642578515  loss=1.9913083020895
step 1097  lr=0.0195036774231715  loss=2.02908953209115
step 1098  lr=0.0195026896314716  loss=2.13472211302489
step 1099  lr=0.019501700882851  loss=2.96752115654201
step 1100  lr=0.0195007111774095  loss=1.84616499597736
step 1101  lr=0.0194997205152465  loss=1.90305517234744
step 1102  lr=0.019498728896462  loss=2.21330091903714
step 1103  lr=0.0194977363211557  loss=2.07537815711006
step 1104  lr=0.0194967427894277  loss=2.41350971037915
step 1105  lr=0.0194957483013779  loss=2.83633727551707
step 1106  lr=0.0194947528571065  loss=3.4069849941228
step 1107  lr=0.0194937564567138  loss=3.09230854328429
step 1108  lr=0.0194927591003  loss=3.02143120392374
step 1109  lr=0.0194917607879657  loss=3.09668117598848
step 1110  lr=0.0194907615198113  loss=3.13505425469957
step 1111  lr=0.0194897612959375  loss=3.42645902026328
step 1112  lr=0.019488760116445  loss=2.34826212294314
step 1113  lr=0.0194877579814346  loss=3.41382964006006
step 1114  lr=0.0194867548910072  loss=3.35265876577582
step 1115  lr=0.0194857508452639  loss=3.29131561222758
step 1116  lr=0.0194847458443057  loss=2.06886812272518
step 1117  lr=0.0194837398882339  loss=3.18356650660123
step 1118  lr=0.0194827329771497  loss=2.54671907176539
step 1119  lr=0.0194817251111546  loss=2.23338468560292
step 1120  lr=0.01948071629035  loss=2.15329695579199
step 1121  lr=0.0194797065148375  loss=2.19788175051085
step 1122  lr=0.0194786957847189  loss=2.05843585392437
step 1123  lr=0.0194776841000959  loss=2.96139307715119
step 1124  lr=0.0194766714610703  loss=3.20739663176235
step 1125  lr=0.0194756578677442  loss=2.04827656943031
step 1126  lr=0.0194746433202195  loss=2.05548851403307
step 1127  lr=0.0194736278185986  loss=2.04712362134666
step 1128  lr=0.0194726113629836  loss=2.06513248675485
step 1129  lr=0.0194715939534769  loss=2.34002362455938
step 1130  lr=0.0194705755901809  loss=3.14069878791477
step 1131  lr=0.0194695562731982  loss=2.1893635498683
step 1132  lr=0.0194685360026315  loss=3.01964848084719
step 1133  lr=0.0194675147785835  loss=2.16591129059747
step 1134  lr=0.019466492601157  loss=2.75226240299504
step 1135  lr=0.0194654694704549  loss=3.00019673195354
step 1136  lr=0.0194644453865803  loss=2.77911338026417
step 1137  lr=0.0194634203496363  loss=3.17727952059925
step 1138  lr=0.0194623943597262  loss=2.1957594322177
step 1139  lr=0.0194613674169532  loss=2.10830699503186
step 1140  lr=0.0194603395214208  loss=2.96679542484719
step 1141  lr=0.0194593106732324  loss=2.68428003126839
step 1142  lr=0.0194582808724917  loss=2.1012933969025
step 1143  lr=0.0194572501193024  loss=2.12724768093649
step 1144  lr=0.0194562184137682  loss=2.97788967539418
step 1145  lr=0.0194551857559932  loss=2.5331979136131
step 1146  lr=0.0194541521460811  loss=2.10149165996518
step 1147  lr=0.0194531175841363  loss=2.94178399169433
step 1148  lr=0.0194520820702627  loss=2.90806547955974
step 1149  lr=0.0194510456045647  loss=2.17599303618284
step 1150  lr=0.0194500081871467  loss=2.41534285039348
step 1151  lr=0.0194489698181131  loss=3.05269907033779
step 1152  lr=0.0194479304975685  loss=2.24896122984942
step 1153  lr=0.0194468902256176  loss=2.17333633848541
step 1154  lr=0.0194458490023651  loss=2.05049360517256
step 1155  lr=0.0194448068279158  loss=2.84119789126078
step 1156  lr=0.0194437637023748  loss=2.22505178574296
step 1157  lr=0.019442719625847  loss=2.08055889457139
step 1158  lr=0.0194416745984376  loss=2.87647062942062
step 1159  lr=0.0194406286202519  loss=2.03136448804841
step 1160  lr=0.0194395816913951  loss=2.98535862979477
step 1161  lr=0.0194385338119726  loss=2.12134169169211
step 1162  lr=0.0194374849820901  loss=2.99374814685521
step 1163  lr=0.0194364352018531  loss=2.98724817008986
step 1164  lr=0.0194353844713674  loss=3.07053670148463
step 1165  lr=0.0194343327907386  loss=2.01660546489651
step 1166  lr=0.0194332801600728  loss=1.94177066061227
step 1167  lr=0.019432226579476  loss=3.08211193241189
step 1168  lr=0.0194311720490542  loss=3.03399712504872
step 1169  lr=0.0194301165689137  loss=2.91238309519209
step 1170  lr=0.0194290601391606  loss=2.02381953419217
step 1171  lr=0.0194280027599015  loss=2.44292909557116
step 1172  lr=0.0194269444312427  loss=3.2819771048121
step 1173  lr=0.0194258851532909  loss=2.14307749736982
step 1174  lr=0.0194248249261527  loss=1.84382856974962
step 1175  lr=0.0194237637499349  loss=2.02513855956968
step 1176  lr=0.0194227016247444  loss=2.50583333960423
step 1177  lr=0.0194216385506881  loss=3.00850855057556
step 1178  lr=0.019420574527873  loss=1.73992451048752
step 1179  lr=0.0194195095564063  loss=3.08499579232419
step 1180  lr=0.0194184436363952  loss=2.08866855267662
step 1181  lr=0.0194173767679472  loss=1.91651682875341
step 1182  lr=0.0194163089511696  loss=2.83924276967211
step 1183  lr=0.0194152401861699  loss=2.10128922165861
step 1184  lr=0.0194141704730557  loss=1.96357223264648
step 1185  lr=0.0194130998119349  loss=3.01499372860332
step 1186  lr=0.0194120282029152  loss=3.25063849255086
step 1187  lr=0.0194109556461045  loss=2.9569585138834
step 1188  lr=0.0194098821416108  loss=2.10727640259361
step 1189  lr=0.0194088076895423  loss=2.85456274244232
step 1190  lr=0.019407732290007  loss=2.96915743776748
step 1191  lr=0.0194066559431134  loss=3.12284633696695
step 1192  lr=0.0194055786489698  loss=1.99221124308233
step 1193  lr=0.0194045004076847  loss=2.08916710817144
step 1194  lr=0.0194034212193666  loss=3.09627190891772
step 1195  lr=0.0194023410841243  loss=2.97445713472618
step 1196  lr=0.0194012600020665  loss=2.35179640269494
step 1197  lr=0.0194001779733021  loss=2.94180276985579
step 1198  lr=0.01939909499794  loss=2.0501723840975
step 1199  lr=0.0193980110760892  loss=2.35547268588272
step 1200  lr=0.0193969262078591  loss=2.94307964889548
step 1201  lr=0.0193958403933587  loss=2.06885978415747
step 1202  lr=0.0193947536326975  loss=2.36517816341504
step 1203  lr=0.0193936659259848  loss=3.10001971933692
step 1204  lr=0.0193925772733302  loss=2.91208721366104
step 1205  lr=0.0193914876748433  loss=2.04955969190751
step 1206  lr=0.0193903971306339  loss=2.07395513326102
step 1207  lr=0.0193893056408118  loss=1.97286744931113
step 1208  lr=0.0193882132054868  loss=1.92271294178818
step 1209  lr=0.019387119824769  loss=3.07960141697721
step 1210  lr=0.0193860254987686  loss=2.92125412335225
step 1211  lr=0.0193849302275956  loss=2.82798243343315
step 1212  lr=0.0193838340113603  loss=2.94644422808649
step 1213  lr=0.0193827368501733  loss=2.8952241211188
step 1214  lr=0.0193816387441449  loss=2.41296079464402
step 1215  lr=0.0193805396933858  loss=2.31097316649378
step 1216  lr=0.0193794396980065  loss=1.91398890113654
step 1217  lr=0.019378338758118  loss=3.22264404038221
step 1218  lr=0.0193772368738309  loss=3.33052297710019
step 1219  lr=0.0193761340452564  loss=1.95585809064013
step 1220  lr=0.0193750302725055  loss=2.62101989804199
step 1221  lr=0.0193739255556892  loss=1.49599580653345
step 1222  lr=0.0193728198949189  loss=2.33297432585263
step 1223  lr=0.0193717132903059  loss=2.50326200784083
step 1224  lr=0.0193706057419616  loss=3.22577091511474
step 1225  lr=0.0193694972499976  loss=2.66098964465461
step 1226  lr=0.0193683878145255  loss=2.10425541597536
step 1227  lr=0.019367277435657  loss=2.07751019861359
step 1228  lr=0.0193661661135038  loss=2.89909546124507
step 1229  lr=0.0193650538481781  loss=2.18638859971841
step 1230  lr=0.0193639406397916  loss=2.58574575900172
step 1231  lr=0.0193628264884566  loss=3.02776839021224
step 1232  lr=0.0193617113942852  loss=2.98196796504231
step 1233  lr=0.0193605953573897  loss=3.24075448656742
step 1234  lr=0.0193594783778826  loss=2.96787807729542
step 1235  lr=0.0193583604558762  loss=3.00420111618745
step 1236  lr=0.0193572415914832  loss=2.4727678400183
step 1237  lr=0.0193561217848162  loss=2.02970659943323
step 1238  lr=0.019355001035988  loss=2.7097688922132
step 1239  lr=0.0193538793451114  loss=3.23291683409709
step 1240  lr=0.0193527567122995  loss=2.82168102624218
step 1241  lr=0.0193516331376652  loss=1.90573686102036
step 1242  lr=0.0193505086213217  loss=2.70500428913446
step 1243  lr=0.0193493831633822  loss=1.98980220916041
step 1244  lr=0.0193482567639601  loss=1.96867409679675
step 1245  lr=0.0193471294231689  loss=2.9274574237402
step 1246  lr=0.0193460011411219  loss=2.00576303748703
step 1247  lr=0.0193448719179329  loss=2.58844176289266
step 1248  lr=0.0193437417537155  loss=2.30187633815266
step 1249  lr=0.0193426106485836  loss=2.97060071432386
step 1250  lr=0.0193414786026511  loss=2.33207293818925
step 1251  lr=0.0193403456160319  loss=1.95392831948471
step 1252  lr=0.0193392116888402  loss=2.92002673569894
step 1253  lr=0.0193380768211901  loss=2.34065071721019
step 1254  lr=0.0193369410131959  loss=3.28145053844906
step 1255  lr=0.019335804264972  loss=3.04703933471503
step 1256  lr=0.0193346665766329  loss=2.98263161841696
step 1257  lr=0.0193335279482931  loss=2.97203435671082
step 1258  lr=0.0193323883800673  loss=2.85723033858663
step 1259  lr=0.0193312478720703  loss=1.99066210741248
step 1260  lr=0.0193301064244169  loss=3.02428815017465
step 1261  lr=0.0193289640372219  loss=2.8895514830054
step 1262  lr=0.0193278207106006  loss=1.97171018951754
step 1263  lr=0.019326676444668  loss=2.95374102213448
step 1264  lr=0.0193255312395393  loss=1.98408929302987
step 1265  lr=0.0193243850953299  loss=2.76313119211795
step 1266  lr=0.0193232380121551  loss=2.88645548514013
step 1267  lr=0.0193220899901306  loss=1.9335486917197
step 1268  lr=0.0193209410293718  loss=2.82630730853597
step 1269  lr=0.0193197911299945  loss=1.93432842388275
step 1270  lr=0.0193186402921145  loss=1.89156687253526
step 1271  lr=0.0193174885158477  loss=3.2440278260684
step 1272  lr=0.0193163358013101  loss=1.83748133092186
step 1273  lr=0.0193151821486177  loss=2.54279570961425
step 1274  lr=0.0193140275578867  loss=1.9546948294098
step 1275  lr=0.0193128720292333  loss=2.94096364502979
step 1276  lr=0.0193117155627741  loss=3.01926950521564
step 1277  lr=0.0193105581586253  loss=2.96778201578951
step 1278  lr=0.0193093998169036  loss=2.31957939785663
step 1279  lr=0.0193082405377255  loss=2.00209833502942
step 1280  lr=0.0193070803212079  loss=1.86900529466774
step 1281  lr=0.0193059191674676  loss=1.94750131466724
step 1282  lr=0.0193047570766214  loss=2.04803080053209
step 1283  lr=0.0193035940487865  loss=2.12829747682799
step 1284  lr=0.0193024300840799  loss=1.97901878270506
step 1285  lr=0.0193012651826189  loss=2.93446425697356
step 1286  lr=0.0193000993445207  loss=2.03105365084412
step 1287  lr=0.0192989325699027  loss=2.207993338325
step 1288  lr=0.0192977648588825  loss=3.15009230735729
step 1289  lr=0.0192965962115776  loss=2.90131353266982
step 1290  lr=0.0192954266281058  loss=3.23473360391665
step 1291  lr=0.0192942561085847  loss=2.37048760701421
step 1292  lr=0.0192930846531323  loss=1.92614941039118
step 1293  lr=0.0192919122618666  loss=2.31075453037326
step 1294  lr=0.0192907389349055  loss=3.09019537480906
step 1295  lr=0.0192895646723673  loss=2.01968635221932
step 1296  lr=0.0192883894743701  loss=1.98736459023412
step 1297  lr=0.0192872133410324  loss=2.59989806382324
step 1298  lr=0.0192860362724726  loss=2.79495445646832
step 1299  lr=0.0192848582688091  loss=2.30735245632316
step 1300  lr=0.0192836793301607  loss=1.82001854752967
step 1301  lr=0.0192824994566461  loss=2.86027691925171
step 1302  lr=0.019281318648384  loss=2.96309519980399
step 1303  lr=0.0192801369054933  loss=2.95175943864422
step 1304  lr=0.0192789542280931  loss=2.03020740815996
step 1305  lr=0.0192777706163025  loss=3.07796881102731
step 1306  lr=0.0192765860702407  loss=1.97809553501402
step 1307  lr=0.0192754005900269  loss=2.17452093054797
step 1308  lr=0.0192742141757805  loss=2.88381256595729
step 1309  lr=0.0192730268276209  loss=2.34603968129788
step 1310  lr=0.0192718385456679  loss=2.83716243321959
step 1311  lr=0.0192706493300409  loss=2.82694484120892
step 1312  lr=0.0192694591808598  loss=1.86649776172442
step 1313  lr=0.0192682680982445  loss=2.00201687703438
step 1314  lr=0.0192670760823147  loss=2.32922317991459
step 1315  lr=0.0192658831331907  loss=3.17551731617913
step 1316  lr=0.0192646892509925  loss=1.9522573107212
step 1317  lr=0.0192634944358404  loss=3.02135249485842
step 1318  lr=0.0192622986878546  loss=2.84341342066314
step 1319  lr=0.0192611020071555  loss=2.99424653885258
step 1320  lr=0.0192599043938638  loss=3.01776776854213
step 1321  lr=0.0192587058480999  loss=1.83902689404932
step 1322  lr=0.0192575063699847  loss=2.89997987387585
step 1323  lr=0.0192563059596387  loss=2.91787886131174
step 1324  lr=0.0192551046171831  loss=2.81561922803834
step 1325  lr=0.0192539023427386  loss=2.8246146134585
step 1326  lr=0.0192526991364264  loss=2.93021656432023
step 1327  lr=0.0192514949983677  loss=3.09312621587993
step 1328  lr=0.0192502899286837  loss=2.98833591328882
step 1329  lr=0.0192490839274957  loss=3.01888285763488
step 1330  lr=0.0192478769949253  loss=2.96139209509079
step 1331  lr=0.0192466691310939  loss=2.03660759412668
step 1332  lr=0.0192454603361231  loss=1.92421800633537
step 1333  lr=0.0192442506101348  loss=1.83866649808254
step 1334  lr=0.0192430399532507  loss=2.87320714145056
step 1335  lr=0.0192418283655927  loss=2.22619656613465
step 1336  lr=0.0192406158472828  loss=3.23497801410657
step 1337  lr=0.0192394023984432  loss=1.86878988357655
step 1338  lr=0.019238188019196  loss=2.71272602202162
step 1339  lr=0.0192369727096635  loss=1.99130431184355
step 1340  lr=0.0192357564699681  loss=1.88288722423079
step 1341  lr=0.0192345393002323  loss=2.78095666765471
step 1342  lr=0.0192333212005787  loss=1.85349877064426
step 1343  lr=0.0192321021711298  loss=2.73231778767516
step 1344  lr=0.0192308822120085  loss=3.11543179901465
step 1345  lr=0.0192296613233377  loss=1.86677640991286
step 1346  lr=0.0192284395052401  loss=2.06687096785724
step 1347  lr=0.019227216757839  loss=2.92123074635601
step 1348  lr=0.0192259930812574  loss=3.24846385844596
step 1349  lr=0.0192247684756186  loss=2.46075449581562
step 1350  lr=0.0192235429410458  loss=1.82807070914693
step 1351  lr=0.0192223164776625  loss=2.64950064923361
step 1352  lr=0.0192210890855922  loss=2.82097365766767
step 1353  lr=0.0192198607649585  loss=2.89214757377226
step 1354  lr=0.019218631515885  loss=2.78282964622885
step 1355  lr=0.0192174013384956  loss=2.91209391278099
step 1356  lr=0.0192161702329141  loss=2.08126246231277
step 1357  lr=0.0192149381992646  loss=2.99432337799663
step 1358  lr=0.019213705237671  loss=1.98006586223723
step 1359  lr=0.0192124713482576  loss=2.76720868549448
step 1360  lr=0.0192112365311485  loss=1.45403242505385
step 1361  lr=0.0192100007864682  loss=1.98284194291295
step 1362  lr=0.019208764114341  loss=1.96443543025877
step 1363  lr=0.0192075265148916  loss=3.29814406745683
step 1364  lr=0.0192062879882445  loss=2.26679020038768
step 1365  lr=0.0192050485345244  loss=2.88808771088177
step 1366  lr=0.0192038081538562  loss=1.99738126799853
step 1367  lr=0.0192025668463648  loss=2.89280550633432
step 1368  lr=0.0192013246121751  loss=2.34667935587509
step 1369  lr=0.0192000814514123  loss=3.00217377114118
step 1370  lr=0.0191988373642016  loss=2.76393295874183
step 1371  lr=0.0191975923506682  loss=3.23602239365806
step 1372  lr=0.0191963464109375  loss=1.88239384557455
step 1373  lr=0.0191950995451349  loss=2.21177607570745
step 1374  lr=0.0191938517533861  loss=2.80470751207541
step 1375  lr=0.0191926030358167  loss=2.91803229323748
step 1376  lr=0.0191913533925523  loss=2.09167651433053
step 1377  lr=0.019190102823719  loss=2.70885864365321
step 1378  lr=0.0191888513294425  loss=2.22721420582546
step 1379  lr=0.019187598909849  loss=2.74656469873442
step 1380  lr=0.0191863455650645  loss=2.61038480214551
step 1381  lr=0.0191850912952153  loss=2.02707849943434
step 1382  lr=0.0191838361004276  loss=2.73299111678333
step 1383  lr=0.0191825799808279  loss=2.26019201589465
step 1384  lr=0.0191813229365426  loss=1.86456066477035
step 1385  lr=0.0191800649676984  loss=2.0550369003375
step 1386  lr=0.0191788060744219  loss=1.83025334228764
step 1387  lr=0.0191775462568398  loss=2.10083447160244
step 1388  lr=0.0191762855150791  loss=2.00630024153521
step 1389  lr=0.0191750238492667  loss=2.86608712799465
step 1390  lr=0.0191737612595296  loss=2.92138940994034
step 1391  lr=0.0191724977459951  loss=1.91885667619288
step 1392  lr=0.0191712333087902  loss=2.85273790263935
step 1393  lr=0.0191699679480424  loss=2.00068689005695
step 1394  lr=0.0191687016638791  loss=2.01858434907589
step 1395  lr=0.0191674344564278  loss=2.76865463103982
step 1396  lr=0.0191661663258161  loss=1.85961226190694
step 1397  lr=0.0191648972721717  loss=2.01264727922168
step 1398  lr=0.0191636272956224  loss=2.31032740457003
step 1399  lr=0.0191623563962961  loss=3.1398343706133
step 1400  lr=0.0191610845743207  loss=2.89557077744667
step 1401  lr=0.0191598118298244  loss=2.80910175680079
step 1402  lr=0.0191585381629352  loss=1.80972236933778
step 1403  lr=0.0191572635737816  loss=2.89101244041739
step 1404  lr=0.0191559880624917  loss=1.9798789538895
step 1405  lr=0.0191547116291941  loss=2.86158781877701
step 1406  lr=0.0191534342740172  loss=2.9691740034115
step 1407  lr=0.0191521559970898  loss=1.9390902142685
step 1408  lr=0.0191508767985406  loss=1.97047968370578
step 1409  lr=0.0191495966784982  loss=3.23621665010014
step 1410  lr=0.0191483156370918  loss=3.19779461693327
step 1411  lr=0.0191470336744502  loss=2.91335913761499
step 1412  lr=0.0191457507907026  loss=2.17137615405547
step 1413  lr=0.0191444669859781  loss=2.13412245378652
step 1414  lr=0.0191431822604061  loss=2.94313036466463
step 1415  lr=0.0191418966141158  loss=3.16087727703221
step 1416  lr=0.0191406100472368  loss=2.17884112514562
step 1417  lr=0.0191393225598987  loss=2.84483355087237
step 1418  lr=0.019138034152231  loss=2.61924521799315
step 1419  lr=0.0191367448243635  loss=3.07378366397109
step 1420  lr=0.019135454576426  loss=2.1424143620958
step 1421  lr=0.0191341634085485  loss=2.24221610692095
step 1422  lr=0.0191328713208611  loss=1.98164249936703
step 1423  lr=0.0191315783134937  loss=1.89913258116873
step 1424  lr=0.0191302843865766  loss=2.07337033563066
step 1425  lr=0.0191289895402402  loss=1.97500276262272
step 1426  lr=0.0191276937746147  loss=2.39351587311917
step 1427  lr=0.0191263970898308  loss=1.94739773043953
step 1428  lr=0.0191250994860189  loss=2.97121463541637
step 1429  lr=0.0191238009633097  loss=2.10008260463384
step 1430  lr=0.0191225015218341  loss=2.290281165527
step 1431  lr=0.0191212011617227  loss=3.01881585296815
step 1432  lr=0.0191198998831067  loss=1.8932102376122
step 1433  lr=0.019118597686117  loss=2.26144242637598
step 1434  lr=0.0191172945708848  loss=2.09416722520775
step 1435  lr=0.0191159905375412  loss=3.09306822328681
step 1436  lr=0.0191146855862177  loss=2.01500399999006
step 1437  lr=0.0191133797170455  loss=1.92194124858885
step 1438  lr=0.0191120729301563  loss=1.87139516015635
step 1439  lr=0.0191107652256816  loss=2.07886817490901
step 1440  lr=0.0191094566037531  loss=2.24268417425989
step 1441  lr=0.0191081470645025  loss=3.00441282670878
step 1442  lr=0.0191068366080618  loss=2.78326966759886
step 1443  lr=0.0191055252345629  loss=2.67450004824735
step 1444  lr=0.0191042129441378  loss=3.06226347585996
step 1445  lr=0.0191028997369187  loss=1.98712338723962
step 1446  lr=0.0191015856130379  loss=2.86505754284772
step 1447  lr=0.0191002705726277  loss=1.99559603737159
step 1448  lr=0.0190989546158205  loss=1.84378710726936
step 1449  lr=0.0190976377427488  loss=1.89563637358555
step 1450  lr=0.0190963199535452  loss=2.03422344664774
step 1451  lr=0.0190950012483424  loss=2.98907880971811
step 1452  lr=0.0190936816272733  loss=1.82836367462333
step 1453  lr=0.0190923610904707  loss=2.28981253305842
step 1454  lr=0.0190910396380676  loss=2.96546195011387
step 1455  lr=0.019089717270197  loss=2.78124022057568
step 1456  lr=0.0190883939869921  loss=2.92954710582772
step 1457  lr=0.0190870697885862  loss=2.00282646569216
step 1458  lr=0.0190857446751127  loss=2.00117215258682
step 1459  lr=0.0190844186467049  loss=2.86020298454537
step 1460  lr=0.0190830917034964  loss=2.99341921483259
step 1461  lr=0.0190817638456208  loss=2.53013689360737
step 1462  lr=0.0190804350732118  loss=2.81167229938737
step 1463  lr=0.0190791053864033  loss=1.86892871801914
step 1464  lr=0.0190777747853291  loss=2.90503384774538
step 1465  lr=0.0190764432701232  loss=3.28876707403245
step 1466  lr=0.0190751108409198  loss=2.77143648825249
step 1467  lr=0.0190737774978529  loss=2.58492379690287
step 1468  lr=0.0190724432410569  loss=3.03878103354217
step 1469  lr=0.0190711080706661  loss=2.09048601468095
step 1470  lr=0.0190697719868149  loss=2.0064018107198
step 1471  lr=0.019068434989638  loss=2.64049907289109
step 1472  lr=0.0190670970792699  loss=2.0098062984631
step 1473  lr=0.0190657582558454  loss=2.93595738589335
step 1474  lr=0.0190644185194993  loss=3.14049704727939
step 1475  lr=0.0190630778703665  loss=2.88867226487392
step 1476  lr=0.019061736308582  loss=1.93610424085256
step 1477  lr=0.0190603938342809  loss=2.15820223441885
step 1478  lr=0.0190590504475984  loss=1.83321247695273
step 1479  lr=0.0190577061486697  loss=2.59204639117036
step 1480  lr=0.0190563609376303  loss=3.0316661608263
step 1481  lr=0.0190550148146156  loss=2.14263892959343
step 1482  lr=0.0190536677797611  loss=2.30101885277534
step 1483  lr=0.0190523198332026  loss=2.72833678244638
step 1484  lr=0.0190509709750757  loss=3.03774546226103
step 1485  lr=0.0190496212055162  loss=1.91648121847989
step 1486  lr=0.0190482705246602  loss=1.94498134953447
step 1487  lr=0.0190469189326436  loss=2.87625528872513
step 1488  lr=0.0190455664296024  loss=2.27808172921571
step 1489  lr=0.019044213015673  loss=1.96988218661941
step 1490  lr=0.0190428586909916  loss=2.9156786250634
step 1491  lr=0.0190415034556945  loss=1.86755532212732
step 1492  lr=0.0190401473099183  loss=1.82759943639975
step 1493  lr=0.0190387902537995  loss=2.91826644779314
step 1494  lr=0.0190374322874748  loss=1.97453078169344
step 1495  lr=0.0190360734110809  loss=2.50576487080337
step 1496  lr=0.0190347136247547  loss=2.87730534868935
step 1497  lr=0.019033352928633  loss=2.35346555817162
step 1498  lr=0.019031991322853  loss=2.83417164747564
step 1499  lr=0.0190306288075516  loss=1.99868514250034
step 1500  lr=0.0190292653828662  loss=2.56524303775295
step 1501  lr=0.019027901048934  loss=3.32051751216055
step 1502  lr=0.0190265358058925  loss=2.86697569380114
step 1503  lr=0.019025169653879  loss=1.90606711299008
step 1504  lr=0.0190238025930312  loss=2.81921901510606
step 1505  lr=0.0190224346234867  loss=1.99727902826527
step 1506  lr=0.0190210657453832  loss=3.0941051717697
step 1507  lr=0.0190196959588588  loss=1.83498718580058
step 1508  lr=0.0190183252640511  loss=1.41657340636231
step 1509  lr=0.0190169536610984  loss=2.93913401513338
step 1510  lr=0.0190155811501387  loss=2.34796039468943
step 1511  lr=0.0190142077313102  loss=1.79720308724818
step 1512  lr=0.0190128334047512  loss=3.0245815945049
step 1513  lr=0.0190114581706002  loss=2.05401030346266
step 1514  lr=0.0190100820289956  loss=2.94707764051358
step 1515  lr=0.0190087049800759  loss=2.77076911825388
step 1516  lr=0.0190073270239799  loss=2.79172044538423
step 1517  lr=0.0190059481608463  loss=2.91297159584246
step 1518  lr=0.019004568390814  loss=2.82128982117537
step 1519  lr=0.0190031877140219  loss=2.75530308801817
step 1520  lr=0.0190018061306091  loss=2.82398565357747
step 1521  lr=0.0190004236407146  loss=2.75620356796806
step 1522  lr=0.0189990402444777  loss=2.75773538025194
step 1523  lr=0.0189976559420377  loss=1.94118353837342
step 1524  lr=0.018996270733534  loss=1.98865276784028
step 1525  lr=0.018994884619106  loss=1.83947849455846
step 1526  lr=0.0189934975988935  loss=2.94960332183179
step 1527  lr=0.0189921096730359  loss=2.91606619633507
step 1528  lr=0.0189907208416732  loss=2.71475054755744
step 1529  lr=0.0189893311049451  loss=2.00720048468299
step 1530  lr=0.0189879404629917  loss=3.10348591648492
step 1531  lr=0.0189865489159528  loss=1.51202242262184
step 1532  lr=0.0189851564639688  loss=2.57156261004483
step 1533  lr=0.0189837631071797  loss=2.93814704524568
step 1534  lr=0.018982368845726  loss=3.03781080915603
step 1535  lr=0.0189809736797479  loss=2.43915526003208
step 1536  lr=0.018979577609386  loss=1.9638433856527
step 1537  lr=0.0189781806347809  loss=2.37181399863015
step 1538  lr=0.0189767827560733  loss=2.84132479570803
step 1539  lr=0.0189753839734039  loss=2.96479763988966
step 1540  lr=0.0189739842869136  loss=1.89799809987779
step 1541  lr=0.0189725836967433  loss=1.86855572096809
step 1542  lr=0.0189711822030341  loss=2.00162245021121
step 1543  lr=0.018969779805927  loss=2.84075772203053
step 1544  lr=0.0189683765055634  loss=2.34851952192385
step 1545  lr=0.0189669723020845  loss=1.91147133498844
step 1546  lr=0.0189655671956318  loss=2.02109332325107
step 1547  lr=0.0189641611863466  loss=2.78462179055986
step 1548  lr=0.0189627542743707  loss=1.88375144583817
step 1549  lr=0.0189613464598457  loss=2.08178109998803
step 1550  lr=0.0189599377429134  loss=2.96049006562478
step 1551  lr=0.0189585281237155  loss=1.98772070405396
step 1552  lr=0.0189571176023941  loss=3.05628077412622
step 1553  lr=0.0189557061790912  loss=1.95786023303686
step 1554  lr=0.018954293853949  loss=1.86989393587611
step 1555  lr=0.0189528806271096  loss=2.08576197422805
step 1556  lr=0.0189514664987154  loss=2.78908380794203
step 1557  lr=0.0189500514689087  loss=2.75345385016445
step 1558  lr=0.0189486355378321  loss=2.13468942533111
step 1559  lr=0.0189472187056282  loss=2.87010213734145
step 1560  lr=0.0189458009724395  loss=1.86657855536931
step 1561  lr=0.018944382338409  loss=1.41421892950574
step 1562  lr=0.0189429628036794  loss=1.84557898236872
step 1563  lr=0.0189415423683937  loss=2.85269853251579
step 1564  lr=0.0189401210326949  loss=1.93111863542629
step 1565  lr=0.0189386987967262  loss=2.68325330793905
step 1566  lr=0.0189372756606307  loss=2.86584799696292
step 1567  lr=0.0189358516245519  loss=2.63698670423305
step 1568  lr=0.018934426688633  loss=2.83745941265798
step 1569  lr=0.0189330008530176  loss=1.93017946856925
step 1570  lr=0.0189315741178492  loss=2.68466829657697
step 1571  lr=0.0189301464832716  loss=1.84866389159609
step 1572  lr=0.0189287179494285  loss=3.18598076886018
step 1573  lr=0.0189272885164637  loss=2.97358907370401
step 1574  lr=0.0189258581845213  loss=2.2632857340725
step 1575  lr=0.0189244269537451  loss=2.90953979788901
step 1576  lr=0.0189229948242794  loss=2.90419136381639
step 1577  lr=0.0189215617962684  loss=2.78472113954032
step 1578  lr=0.0189201278698563  loss=1.93603122101171
step 1579  lr=0.0189186930451876  loss=1.94749568210195
step 1580  lr=0.0189172573224067  loss=2.40178503783104
step 1581  lr=0.0189158207016583  loss=2.86362908949774
step 1582  lr=0.018914383183087  loss=1.99942049212863
step 1583  lr=0.0189129447668375  loss=2.80047436547272
step 1584  lr=0.0189115054530548  loss=3.00292967479388
step 1585  lr=0.0189100652418837  loss=3.08363268021362
step 1586  lr=0.0189086241334692  loss=1.81470746776787
step 1587  lr=0.0189071821279566  loss=2.80360821267144
step 1588  lr=0.018905739225491  loss=2.2920266533448
step 1589  lr=0.0189042954262176  loss=2.84366354792353
step 1590  lr=0.018902850730282  loss=2.84507648107372
step 1591  lr=0.0189014051378295  loss=1.41652470421702
step 1592  lr=0.0188999586490058  loss=1.96055996940651
step 1593  lr=0.0188985112639565  loss=2.8170238647047
step 1594  lr=0.0188970629828273  loss=2.22917231704448
step 1595  lr=0.0188956138057642  loss=2.97133895686678
step 1596  lr=0.018894163732913  loss=2.96889063575495
step 1597  lr=0.0188927127644197  loss=2.8699930825018
step 1598  lr=0.0188912609004305  loss=2.6022842147705
step 1599  lr=0.0188898081410916  loss=2.83106351005213
step 1600  lr=0.0188883544865492  loss=1.9698953513035
step 1601  lr=0.0188868999369498  loss=1.96705450051394
step 1602  lr=0.0188854444924398  loss=1.9502934842481
step 1603  lr=0.0188839881531658  loss=2.03275337622079
step 1604  lr=0.0188825309192744  loss=2.85086261812564
step 1605  lr=0.0188810727909124  loss=1.94831306113686
step 1606  lr=0.0188796137682267  loss=2.83914207042345
step 1607  lr=0.018878153851364  loss=1.96600641640416
step 1608  lr=0.0188766930404715  loss=1.91172756040454
step 1609  lr=0.0188752313356963  loss=2.37647532137712
step 1610  lr=0.0188737687371855  loss=1.8516019531395
step 1611  lr=0.0188723052450864  loss=2.90991663815526
step 1612  lr=0.0188708408595465  loss=2.94210041052843
step 1613  lr=0.0188693755807131  loss=3.25060733829048
step 1614  lr=0.0188679094087338  loss=2.82654851902245
step 1615  lr=0.0188664423437563  loss=2.18553736631047
step 1616  lr=0.0188649743859283  loss=2.880019430774
step 1617  lr=0.0188635055353976  loss=1.92481898647565
step 1618  lr=0.0188620357923121  loss=2.85129284161568
step 1619  lr=0.0188605651568199  loss=1.82921681804908
step 1620  lr=0.0188590936290691  loss=1.86539397269466
step 1621  lr=0.0188576212092077  loss=1.93794281075069
step 1622  lr=0.0188561478973841  loss=2.803662109707
step 1623  lr=0.0188546736937467  loss=1.96801979236796
step 1624  lr=0.0188531985984439  loss=2.87550015549873
step 1625  lr=0.0188517226116242  loss=2.88532650981496
step 1626  lr=0.0188502457334363  loss=2.89797529451071
step 1627  lr=0.0188487679640288  loss=2.54234415645711
step 1628  lr=0.0188472893035507  loss=2.82096385805138
step 1629  lr=0.0188458097521508  loss=1.99511869114914
step 1630  lr=0.0188443293099781  loss=1.92942153658506
step 1631  lr=0.0188428479771817  loss=3.12833849171148
step 1632  lr=0.0188413657539108  loss=2.63027768767147
step 1633  lr=0.0188398826403145  loss=1.99351490578786
step 1634  lr=0.0188383986365423  loss=1.9250077923654
step 1635  lr=0.0188369137427436  loss=1.84584121347789
step 1636  lr=0.0188354279590679  loss=1.96410082145523
step 1637  lr=0.0188339412856649  loss=3.13256545953446
step 1638  lr=0.0188324537226843  loss=2.73997419991033
step 1639  lr=0.0188309652702757  loss=1.96985850214323
step 1640  lr=0.0188294759285893  loss=1.92982651286494
step 1641  lr=0.0188279856977748  loss=3.16457589802905
step 1642  lr=0.0188264945779824  loss=2.64685262866385
step 1643  lr=0.0188250025693623  loss=2.7978753842274
step 1644  lr=0.0188235096720646  loss=2.36253152372751
step 1645  lr=0.0188220158862398  loss=1.83301687014739
step 1646  lr=0.0188205212120382  loss=1.92917293557422
step 1647  lr=0.0188190256496103  loss=1.98097975164429
step 1648  lr=0.0188175291991069  loss=2.98835452554891
step 1649  lr=0.0188160318606784  loss=1.91953817398289
step 1650  lr=0.0188145336344758  loss=2.66142141111756
step 1651  lr=0.0188130345206499  loss=1.94997175614238
step 1652  lr=0.0188115345193517  loss=3.12678658476989
step 1653  lr=0.0188100336307322  loss=3.00448895696644
step 1654  lr=0.0188085318549425  loss=3.07112970967014
step 1655  lr=0.0188070291921339  loss=1.91428423189273
step 1656  lr=0.0188055256424577  loss=2.83304003574858
step 1657  lr=0.0188040212060654  loss=2.760565327648
step 1658  lr=0.0188025158831083  loss=1.82929107780031
step 1659  lr=0.0188010096737381  loss=2.96547290423124
step 1660  lr=0.0187995025781065  loss=1.83987918043265
step 1661  lr=0.0187979945963653  loss=2.46651197981482
step 1662  lr=0.0187964857286662  loss=2.06778900976981
step 1663  lr=0.0187949759751612  loss=2.08618316670213
step 1664  lr=0.0187934653360024  loss=3.00911318754809
step 1665  lr=0.0187919538113419  loss=2.93862870152452
step 1666  lr=0.0187904414013318  loss=1.41544653437377
step 1667  lr=0.0187889281061246  loss=1.97166929278603
step 1668  lr=0.0187874139258725  loss=2.8471749435324
step 1669  lr=0.0187858988607282  loss=2.92257890610836
step 1670  lr=0.018784382910844  loss=2.76899397602693
step 1671  lr=0.0187828660763727  loss=1.99124582598367
step 1672  lr=0.018781348357467  loss=2.67343989695159
step 1673  lr=0.0187798297542798  loss=1.97322107762744
step 1674  lr=0.018778310266964  loss=2.74774694932272
step 1675  lr=0.0187767898956726  loss=2.74242663033227
step 1676  lr=0.0187752686405586  loss=1.84091363813915
step 1677  lr=0.0187737465017754  loss=1.84519034752209
step 1678  lr=0.0187722234794761  loss=1.86063434799025
step 1679  lr=0.0187706995738142  loss=2.83830473243828
step 1680  lr=0.018769174784943  loss=2.23481855361483
step 1681  lr=0.0187676491130162  loss=1.92850021310976
step 1682  lr=0.0187661225581874  loss=1.88677294425014
step 1683  lr=0.0187645951206103  loss=2.8561334721899
step 1684  lr=0.0187630668004386  loss=1.92407078288241
step 1685  lr=0.0187615375978264  loss=2.81736289141432
step 1686  lr=0.0187600075129276  loss=2.56669325224896
step 1687  lr=0.0187584765458963  loss=1.96314611164155
step 1688  lr=0.0187569446968866  loss=2.84448053608553
step 1689  lr=0.0187554119660529  loss=2.52926622061132
step 1690  lr=0.0187538783535494  loss=3.15544660253609
step 1691  lr=0.0187523438595305  loss=2.67647076702383
step 1692  lr=0.0187508084841509  loss=2.78722337103592
step 1693  lr=0.0187492722275652  loss=1.79744774540524
step 1694  lr=0.0187477350899279  loss=1.90893774093909
step 1695  lr=0.018746197071394  loss=2.83979997012373
step 1696  lr=0.0187446581721182  loss=2.90439205392494
step 1697  lr=0.0187431183922556  loss=3.12970651418575
step 1698  lr=0.0187415777319613  loss=2.87523058468442
step 1699  lr=0.0187400361913903  loss=2.54117731472552
step 1700  lr=0.0187384937706979  loss=2.84952004769976
step 1701  lr=0.0187369504700394  loss=2.4198163796798
step 1702  lr=0.0187354062895702  loss=2.81035827638986
step 1703  lr=0.0187338612294458  loss=2.80757396088979
step 1704  lr=0.0187323152898219  loss=2.79632779793995
step 1705  lr=0.0187307684708541  loss=2.22312064451003
step 1706  lr=0.0187292207726981  loss=2.80514517875835
step 1707  lr=0.0187276721955098  loss=2.34298112460681
step 1708  lr=0.0187261227394452  loss=2.64238160471126
step 1709  lr=0.0187245724046602  loss=2.95500115707158
step 1710  lr=0.0187230211913111  loss=1.48352363636793
step 1711  lr=0.0187214690995539  loss=2.15986356855252
step 1712  lr=0.0187199161295451  loss=2.12139283570678
step 1713  lr=0.0187183622814409  loss=2.590515899372
step 1714  lr=0.0187168075553979  loss=1.95579542973673
step 1715  lr=0.0187152519515726  loss=2.11514284979772
step 1716  lr=0.0187136954701217  loss=1.48053374999438
step 1717  lr=0.0187121381112019  loss=2.91017235092801
step 1718  lr=0.01871057987497  loss=2.75282917396689
step 1719  lr=0.018709020761583  loss=3.18361060924159
step 1720  lr=0.0187074607711978  loss=2.79325369163235
step 1721  lr=0.0187058999039715  loss=1.95996459978576
step 1722  lr=0.0187043381600614  loss=2.79128825706067
step 1723  lr=0.0187027755396246  loss=2.78960636957738
step 1724  lr=0.0187012120428186  loss=3.05221627585814
step 1725  lr=0.0186996476698008  loss=3.08448020179244
step 1726  lr=0.0186980824207287  loss=1.82338418318784
step 1727  lr=0.0186965162957599  loss=1.84448015815873
step 1728  lr=0.0186949492950522  loss=2.99966213318497
step 1729  lr=0.0186933814187633  loss=2.73537743415393
step 1730  lr=0.0186918126670512  loss=1.98026975955678
step 1731  lr=0.0186902430400737  loss=1.88156973496096
step 1732  lr=0.018688672537989  loss=2.42343443626985
step 1733  lr=0.0186871011609553  loss=2.28001788776351
step 1734  lr=0.0186855289091306  loss=3.02056960304373
step 1735  lr=0.0186839557826735  loss=2.54826028798264
step 1736  lr=0.0186823817817422  loss=1.89968399739709
step 1737  lr=0.0186808069064954  loss=2.17508971152578
step 1738  lr=0.0186792311570915  loss=2.62356888689147
step 1739  lr=0.0186776545336893  loss=1.84779611606514
step 1740  lr=0.0186760770364475  loss=2.79093614052606
step 1741  lr=0.018674498665525  loss=2.86455943279289
step 1742  lr=0.0186729194210807  loss=2.12956820441676
step 1743  lr=0.0186713393032736  loss=1.97288227197777
step 1744  lr=0.018669758312263  loss=1.99027314262927
step 1745  lr=0.0186681764482079  loss=2.74324294268381
step 1746  lr=0.0186665937112677  loss=3.07657739925635
step 1747  lr=0.0186650101016017  loss=2.80089347731553
step 1748  lr=0.0186634256193694  loss=1.98275729243836
step 1749  lr=0.0186618402647304  loss=1.86005724251264
step 1750  lr=0.0186602540378444  loss=3.00968155866376
step 1751  lr=0.018658666938871  loss=2.55858215296862
step 1752  lr=0.0186570789679701  loss=2.95024207938935
step 1753  lr=0.0186554901253015  loss=2.17940317659772
step 1754  lr=0.0186539004110254  loss=2.04297929049913
step 1755  lr=0.0186523098253017  loss=1.88999418055459
step 1756  lr=0.0186507183682906  loss=1.83794842093779
step 1757  lr=0.0186491260401525  loss=2.90425292368984
step 1758  lr=0.0186475328410475  loss=1.89232811896869
step 1759  lr=0.0186459387711363  loss=1.88399048153644
step 1760  lr=0.0186443438305793  loss=2.06367690760932
step 1761  lr=0.018642748019537  loss=1.78475019330832
step 1762  lr=0.0186411513381703  loss=1.95918725255199
step 1763  lr=0.0186395537866399  loss=1.81749106758202
step 1764  lr=0.0186379553651067  loss=1.9388858974603
step 1765  lr=0.0186363560737316  loss=2.02365655227466
step 1766  lr=0.0186347559126756  loss=1.97924162404702
step 1767  lr=0.0186331548821  loss=2.92752570668835
step 1768  lr=0.0186315529821659  loss=3.08853110771556
step 1769  lr=0.0186299502130347  loss=2.81804742050236
step 1770  lr=0.0186283465748677  loss=2.87487639025903
step 1771  lr=0.0186267420678265  loss=3.01878302234465
step 1772  lr=0.0186251366920726  loss=2.80071561473695
step 1773  lr=0.0186235304477676  loss=1.88663321044087
step 1774  lr=0.0186219233350734  loss=2.77096309629568
step 1775  lr=0.0186203153541517  loss=2.18364163855558
step 1776  lr=0.0186187065051645  loss=1.87377656187688
step 1777  lr=0.0186170967882738  loss=2.20460913946849
step 1778  lr=0.0186154862036417  loss=2.10224103550424
step 1779  lr=0.0186138747514303  loss=2.69697806891759
step 1780  lr=0.018612262431802  loss=2.93818106247606
step 1781  lr=0.0186106492449191  loss=3.13229273185444
step 1782  lr=0.0186090351909441  loss=1.92261623845853
step 1783  lr=0.0186074202700394  loss=2.23662618428044
step 1784  lr=0.0186058044823678  loss=2.60970840610572
step 1785  lr=0.0186041878280919  loss=2.23249116435887
step 1786  lr=0.0186025703073745  loss=1.93311518560139
step 1787  lr=0.0186009519203785  loss=2.97275722970573
step 1788  lr=0.0185993326672669  loss=2.02444442091729
step 1789  lr=0.0185977125482028  loss=2.55758529395402
step 1790  lr=0.0185960915633492  loss=2.82484993570301
step 1791  lr=0.0185944697128694  loss=2.99382838854611
step 1792  lr=0.0185928469969268  loss=2.00215446983852
step 1793  lr=0.0185912234156847  loss=2.78338934657998
step 1794  lr=0.0185895989693066  loss=2.6064923608782
step 1795  lr=0.0185879736579562  loss=2.90932051100944
step 1796  lr=0.0185863474817971  loss=2.8504872933627
step 1797  lr=0.018584720440993  loss=2.29536062385651
step 1798  lr=0.0185830925357077  loss=1.5109266689791
step 1799  lr=0.0185814637661053  loss=3.19431997240671
step 1800  lr=0.0185798341323498  loss=1.81985727023754
step 1801  lr=0.0185782036346051  loss=2.96284724292177
step 1802  lr=0.0185765722730356  loss=1.90893303289913
step 1803  lr=0.0185749400478055  loss=2.1674948462494
step 1804  lr=0.0185733069590792  loss=1.80736173231744
step 1805  lr=0.0185716730070211  loss=2.07647508113924
step 1806  lr=0.0185700381917958  loss=1.89941848308577
step 1807  lr=0.0185684025135678  loss=2.8626176336565
step 1808  lr=0.018566765972502  loss=1.38544152114485
step 1809  lr=0.018565128568763  loss=1.78978296643552
step 1810  lr=0.0185634903025159  loss=2.51162833398053
step 1811  lr=0.0185618511739255  loss=2.68115648614359
step 1812  lr=0.0185602111831569  loss=2.8720736883082
step 1813  lr=0.0185585703303753  loss=2.18086937848888
step 1814  lr=0.0185569286157459  loss=3.17343079868845
step 1815  lr=0.018555286039434  loss=2.88445494076335
step 1816  lr=0.0185536426016051  loss=2.94321896331281
step 1817  lr=0.0185519983024245  loss=1.96803363064763
step 1818  lr=0.018550353142058  loss=3.03216318021209
step 1819  lr=0.0185487071206712  loss=1.87437928401908
step 1820  lr=0.0185470602384297  loss=2.19056538117704
step 1821  lr=0.0185454124954996  loss=2.66843207153076
step 1822  lr=0.0185437638920466  loss=2.82285939390608
step 1823  lr=0.0185421144282369  loss=2.1590941891769
step 1824  lr=0.0185404641042364  loss=2.95428480178724
step 1825  lr=0.0185388129202115  loss=2.51140220575557
step 1826  lr=0.0185371608763283  loss=1.91223710787947
step 1827  lr=0.0185355079727533  loss=3.10969264901846
step 1828  lr=0.0185338542096528  loss=2.36457777627203
step 1829  lr=0.0185321995871935  loss=2.85580526667328
step 1830  lr=0.0185305441055419  loss=2.15569329437641
step 1831  lr=0.0185288877648647  loss=2.3073620270884
step 1832  lr=0.0185272305653288  loss=1.91877146403341
step 1833  lr=0.018525572507101  loss=3.10356143837542
step 1834  lr=0.0185239135903482  loss=2.03566442535133
step 1835  lr=0.0185222538152376  loss=2.08721445434694
step 1836  lr=0.0185205931819363  loss=2.95820892211266
step 1837  lr=0.0185189316906115  loss=2.79046912091982
step 1838  lr=0.0185172693414305  loss=1.92691599507512
step 1839  lr=0.0185156061345607  loss=1.93214352008625
step 1840  lr=0.0185139420701696  loss=2.38938582898725
step 1841  lr=0.0185122771484247  loss=2.94897407056705
step 1842  lr=0.0185106113694938  loss=2.75477277748186
step 1843  lr=0.0185089447335446  loss=2.99087263037078
step 1844  lr=0.0185072772407448  loss=2.59328097920115
step 1845  lr=0.0185056088912625  loss=1.98027542323054
step 1846  lr=0.0185039396852656  loss=2.82522851674719
step 1847  lr=0.0185022696229222  loss=1.92906883329049
step 1848  lr=0.0185005987044004  loss=2.85111192053738
step 1849  lr=0.0184989269298686  loss=1.82098151159035
step 1850  lr=0.0184972542994951  loss=2.04380547234715
step 1851  lr=0.0184955808134484  loss=2.05648897440093
step 1852  lr=0.0184939064718968  loss=2.86638984575583
step 1853  lr=0.0184922312750092  loss=2.81933456682181
step 1854  lr=0.018490555222954  loss=3.04389841805721
step 1855  lr=0.0184888783159002  loss=2.7680266975989
step 1856  lr=0.0184872005540166  loss=2.73144082658654
step 1857  lr=0.0184855219374721  loss=1.91298599082577
step 1858  lr=0.0184838424664358  loss=2.79086765451131
step 1859  lr=0.0184821621410768  loss=2.77415451258521
step 1860  lr=0.0184804809615643  loss=2.77728338549471
step 1861  lr=0.0184787989280675  loss=3.07204892616671
step 1862  lr=0.018477116040756  loss=2.91561199879008
step 1863  lr=0.0184754322997991  loss=1.92697595971224
step 1864  lr=0.0184737477053664  loss=2.00813216287788
step 1865  lr=0.0184720622576276  loss=2.17569586712362
step 1866  lr=0.0184703759567523  loss=2.16672256487557
step 1867  lr=0.0184686888029104  loss=2.7133741683451
step 1868  lr=0.0184670007962717  loss=1.87007315195836
step 1869  lr=0.0184653119370063  loss=2.75712824787346
step 1870  lr=0.0184636222252842  loss=1.88027456075776
step 1871  lr=0.0184619316612756  loss=2.66325444485718
step 1872  lr=0.0184602402451507  loss=2.14599334017104
step 1873  lr=0.0184585479770799  loss=2.30955328352725
step 1874  lr=0.0184568548572335  loss=1.60630382401259
step 1875  lr=0.018455160885782  loss=2.87329351264788
step 1876  lr=0.0184534660628961  loss=1.96919505774457
step 1877  lr=0.0184517703887464  loss=2.28943129115097
step 1878  lr=0.0184500738635036  loss=2.67860309983774
step 1879  lr=0.0184483764873386  loss=2.77310314694371
step 1880  lr=0.0184466782604224  loss=2.6672836329747
step 1881  lr=0.0184449791829259  loss=1.94639720999585
step 1882  lr=0.0184432792550202  loss=2.26598165332751
step 1883  lr=0.0184415784768765  loss=2.41192646697474
step 1884  lr=0.018439876848666  loss=2.80399516656954
step 1885  lr=0.0184381743705603  loss=2.26807353406986
step 1886  lr=0.0184364710427306  loss=1.99402204877193
step 1887  lr=0.0184347668653484  loss=2.85711841976722
step 1888  lr=0.0184330618385855  loss=2.71182153902343
step 1889  lr=0.0184313559626135  loss=2.50951180130058
step 1890  lr=0.0184296492376042  loss=2.11906444619115
step 1891  lr=0.0184279416637295  loss=1.92231685227664
step 1892  lr=0.0184262332411612  loss=2.85526230353137
step 1893  lr=0.0184245239700715  loss=1.95645315670421
step 1894  lr=0.0184228138506324  loss=1.89819648691839
step 1895  lr=0.0184211028830163  loss=2.72709236634618
step 1896  lr=0.0184193910673952  loss=2.9328702169191
step 1897  lr=0.0184176784039418  loss=2.38545260329204
step 1898  lr=0.0184159648928284  loss=2.93082936333189
step 1899  lr=0.0184142505342275  loss=2.86688569000372
step 1900  lr=0.0184125353283118  loss=1.89972193680259
step 1901  lr=0.0184108192752541  loss=2.84179834499764
step 1902  lr=0.018409102375227  loss=3.14654090044881
step 1903  lr=0.0184073846284036  loss=2.25346235919421
step 1904  lr=0.0184056660349568  loss=3.03517046652394
step 1905  lr=0.0184039465950597  loss=1.82802119025372
step 1906  lr=0.0184022263088854  loss=1.42219079314987
step 1907  lr=0.0184005051766071  loss=1.9511902927398
step 1908  lr=0.0183987831983981  loss=3.02333163339825
step 1909  lr=0.018397060374432  loss=3.12154806796224
step 1910  lr=0.0183953367048821  loss=2.83595394672684
step 1911  lr=0.0183936121899219  loss=1.96308652850203
step 1912  lr=0.0183918868297253  loss=2.69846754645928
step 1913  lr=0.0183901606244659  loss=1.98429558283113
step 1914  lr=0.0183884335743176  loss=2.83958438081911
step 1915  lr=0.0183867056794542  loss=2.68912248285122
step 1916  lr=0.0183849769400498  loss=1.90105989057616
step 1917  lr=0.0183832473562785  loss=2.26977223693418
step 1918  lr=0.0183815169283144  loss=2.7715029048408
step 1919  lr=0.0183797856563317  loss=2.39518380943918
step 1920  lr=0.0183780535405049  loss=2.84853161194188
step 1921  lr=0.0183763205810083  loss=1.99561963799241
step 1922  lr=0.0183745867780164  loss=2.47935254269908
step 1923  lr=0.0183728521317039  loss=1.95030691916464
step 1924  lr=0.0183711166422454  loss=2.5124739955008
step 1925  lr=0.0183693803098157  loss=2.06426064881771
step 1926  lr=0.0183676431345896  loss=2.66883479543183
step 1927  lr=0.0183659051167421  loss=2.57305098861107
step 1928  lr=0.0183641662564482  loss=1.90143714848937
step 1929  lr=0.0183624265538829  loss=1.77050747745242
step 1930  lr=0.0183606860092216  loss=2.16898403475434
step 1931  lr=0.0183589446226393  loss=1.88090844759691
step 1932  lr=0.0183572023943116  loss=3.12898585687944
step 1933  lr=0.0183554593244139  loss=1.95075513443059
step 1934  lr=0.0183537154131216  loss=1.81053597594566
step 1935  lr=0.0183519706606103  loss=1.80762246660263
step 1936  lr=0.0183502250670559  loss=1.73536264474902
step 1937  lr=0.0183484786326341  loss=1.99576026648803
step 1938  lr=0.0183467313575206  loss=1.88435027581604
step 1939  lr=0.0183449832418916  loss=2.23751994746549
step 1940  lr=0.018343234285923  loss=2.77289478084069
step 1941  lr=0.0183414844897909  loss=2.95778967840567
step 1942  lr=0.0183397338536715  loss=3.10070866924082
step 1943  lr=0.0183379823777412  loss=2.83564933536693
step 1944  lr=0.0183362300621762  loss=2.65422339968304
step 1945  lr=0.0183344769071532  loss=1.93218991094853
step 1946  lr=0.0183327229128485  loss=1.80574844611968
step 1947  lr=0.0183309680794389  loss=2.86099015409365
step 1948  lr=0.018329212407101  loss=2.22697611674558
step 1949  lr=0.0183274558960116  loss=2.27690202232129
step 1950  lr=0.0183256985463477  loss=3.16722278686965
step 1951  lr=0.0183239403582862  loss=2.81750298824836
step 1952  lr=0.0183221813320041  loss=1.84469567369394
step 1953  lr=0.0183204214676785  loss=1.96312574183433
step 1954  lr=0.0183186607654867  loss=2.8089293814516
step 1955  lr=0.0183168992256061  loss=1.99248887151206
step 1956  lr=0.0183151368482139  loss=2.24720225311522
step 1957  lr=0.0183133736334876  loss=1.9384476932352
step 1958  lr=0.0183116095816049  loss=1.99058054252534
step 1959  lr=0.0183098446927433  loss=2.63708488778002
step 1960  lr=0.0183080789670805  loss=2.69147952875633
step 1961  lr=0.0183063124047945  loss=3.1490754870357
step 1962  lr=0.018304545006063  loss=2.831045332804
step 1963  lr=0.018302776771064  loss=3.06609826770933
step 1964  lr=0.0183010076999757  loss=2.66189402186816
step 1965  lr=0.0182992377929761  loss=2.8411763374004
step 1966  lr=0.0182974670502435  loss=2.0077980124966
step 1967  lr=0.0182956954719562  loss=1.52151921341776
step 1968  lr=0.0182939230582926  loss=2.01584554464653
step 1969  lr=0.0182921498094311  loss=1.98783154152073
step 1970  lr=0.0182903757255504  loss=1.92384329857781
step 1971  lr=0.0182886008068291  loss=2.76131409745872
step 1972  lr=0.0182868250534459  loss=1.86530726144094
step 1973  lr=0.0182850484655797  loss=1.78279067943087
step 1974  lr=0.0182832710434093  loss=2.85826799780774
step 1975  lr=0.0182814927871137  loss=1.85778485088769
step 1976  lr=0.018279713696872  loss=2.83618391743949
step 1977  lr=0.0182779337728634  loss=3.10880431895034
step 1978  lr=0.0182761530152671  loss=2.34577609881228
step 1979  lr=0.0182743714242624  loss=1.88570592476489
step 1980  lr=0.0182725890000288  loss=2.71278530568434
step 1981  lr=0.0182708057427456  loss=2.22948631457484
step 1982  lr=0.0182690216525926  loss=2.75942337884847
step 1983  lr=0.0182672367297492  loss=2.75784918115023
step 1984  lr=0.0182654509743954  loss=2.06514578247109
step 1985  lr=0.0182636643867109  loss=2.80554358498912
step 1986  lr=0.0182618769668756  loss=1.90313690768253
step 1987  lr=0.0182600887150695  loss=2.751747910805
step 1988  lr=0.0182582996314727  loss=2.02444567558856
step 1989  lr=0.0182565097162654  loss=1.87954130536617
step 1990  lr=0.0182547189696277  loss=2.35212265473851
step 1991  lr=0.0182529273917401  loss=2.26963029871021
step 1992  lr=0.018251134982783  loss=2.25670693699601
step 1993  lr=0.0182493417429367  loss=2.89953906170872
step 1994  lr=0.018247547672382  loss=1.80354429398449
step 1995  lr=0.0182457527712994  loss=2.46653186295375
step 1996  lr=0.0182439570398698  loss=2.71137765728467
step 1997  lr=0.0182421604782739  loss=2.64467390388002
step 1998  lr=0.0182403630866927  loss=1.86853135297465
step 1999  lr=0.0182385648653071  loss=3.11454406143598
step 2000  lr=0.0182367658142983  loss=1.83455958778869
step 2001  lr=0.0182349659338474  loss=2.8657660065112
step 2002  lr=0.0182331652241357  loss=3.18091006834556
step 2003  lr=0.0182313636853444  loss=1.85913019176832
step 2004  lr=0.0182295613176551  loss=3.03263436819069
step 2005  lr=0.0182277581212491  loss=2.00132423052916
step 2006  lr=0.0182259540963081  loss=1.84905766531493
step 2007  lr=0.0182241492430138  loss=1.97033008400207
step 2008  lr=0.0182223435615479  loss=1.88887097578858
step 2009  lr=0.0182205370520922  loss=2.79659934123394
step 2010  lr=0.0182187297148286  loss=2.81770841660361
step 2011  lr=0.0182169215499392  loss=2.85165020013397
step 2012  lr=0.018215112557606  loss=2.99790694076402
step 2013  lr=0.0182133027380112  loss=3.15862129402187
step 2014  lr=0.018211492091337  loss=1.41183214804182
step 2015  lr=0.0182096806177658  loss=2.17765132395122
step 2016  lr=0.01820786831748  loss=2.83310178054573
step 2017  lr=0.0182060551906621  loss=3.01620368049942
step 2018  lr=0.0182042412374947  loss=2.81386867873797
step 2019  lr=0.0182024264581604  loss=2.00675468563688
step 2020  lr=0.0182006108528419  loss=2.63916021094152
step 2021  lr=0.0181987944217222  loss=1.97465662436365
step 2022  lr=0.0181969771649841  loss=2.9717043743944
step 2023  lr=0.0181951590828106  loss=2.40918965898734
step 2024  lr=0.0181933401753848  loss=1.90193341926847
step 2025  lr=0.0181915204428899  loss=2.80995679948004
step 2026  lr=0.0181896998855091  loss=1.84514031119999
step 2027  lr=0.0181878785034258  loss=3.21223901327657
step 2028  lr=0.0181860562968233  loss=2.71939623509736
step 2029  lr=0.0181842332658852  loss=1.89691610094111
step 2030  lr=0.018182409410795  loss=2.22977059745307
step 2031  lr=0.0181805847317364  loss=2.4558921741711
step 2032  lr=0.0181787592288931  loss=2.74421415840284
step 2033  lr=0.018176932902449  loss=2.41794786595061
step 2034  lr=0.018175105752588  loss=1.95773193430975
step 2035  lr=0.0181732777794941  loss=2.66114330003101
step 2036  lr=0.0181714489833513  loss=2.67170360051349
step 2037  lr=0.0181696193643438  loss=2.01242486091719
step 2038  lr=0.0181677889226559  loss=2.06291341747962
step 2039  lr=0.0181659576584719  loss=3.13919249347611
step 2040  lr=0.0181641255719761  loss=1.95468264344298
step 2041  lr=0.0181622926633531  loss=1.9626366919332
step 2042  lr=0.0181604589327875  loss=1.91846339096606
step 2043  lr=0.0181586243804639  loss=2.40279907478004
step 2044  lr=0.018156789006567  loss=2.71391746459323
step 2045  lr=0.0181549528112817  loss=2.9105866489121
step 2046  lr=0.0181531157947929  loss=2.99310470788475
step 2047  lr=0.0181512779572855  loss=2.4868106525249
step 2048  lr=0.0181494392989447  loss=1.4688196210058
step 2049  lr=0.0181475998199556  loss=2.45578167900656
step 2050  lr=0.0181457595205034  loss=1.9373890783492
step 2051  lr=0.0181439184007734  loss=1.93438765227386
step 2052  lr=0.018142076460951  loss=2.19437541550352
step 2053  lr=0.0181402337012218  loss=1.91691909699709
step 2054  lr=0.0181383901217713  loss=2.95046942590979
step 2055  lr=0.0181365457227851  loss=1.98215961303255
step 2056  lr=0.018134700504449  loss=2.929956131778
step 2057  lr=0.0181328544669487  loss=2.94660708885435
step 2058  lr=0.0181310076104703  loss=2.8022279507429
step 2059  lr=0.0181291599351996  loss=2.86041111081438
step 2060  lr=0.0181273114413227  loss=2.0619949515158
step 2061  lr=0.0181254621290258  loss=1.8785425511962
step 2062  lr=0.018123611998495  loss=2.04819403661101
step 2063  lr=0.0181217610499168  loss=2.47916441820473
step 2064  lr=0.0181199092834774  loss=3.01789939704342
step 2065  lr=0.0181180566993634  loss=2.97090229966625
step 2066  lr=0.0181162032977613  loss=2.02157098758426
step 2067  lr=0.0181143490788577  loss=1.86774699037382
step 2068  lr=0.0181124940428395  loss=2.01546480466554
step 2069  lr=0.0181106381898933  loss=2.78128931169986
step 2070  lr=0.018108781520206  loss=1.89323282546085
step 2071  lr=0.0181069240339647  loss=2.75228212142893
step 2072  lr=0.0181050657313563  loss=2.32058155901366
step 2073  lr=0.0181032066125681  loss=2.84413639508476
step 2074  lr=0.0181013466777872  loss=1.8426324181299
step 2075  lr=0.0180994859272008  loss=1.88088065500575
step 2076  lr=0.0180976243609965  loss=3.04503323789372
step 2077  lr=0.0180957619793616  loss=1.92975456149558
step 2078  lr=0.0180938987824837  loss=1.80556203538869
step 2079  lr=0.0180920347705504  loss=2.41263661191446
step 2080  lr=0.0180901699437495  loss=1.89088867575853
step 2081  lr=0.0180883043022686  loss=2.01461761850297
step 2082  lr=0.0180864378462957  loss=2.85900718006032
step 2083  lr=0.0180845705760188  loss=1.8294251336284
step 2084  lr=0.0180827024916258  loss=1.89690533390371
step 2085  lr=0.0180808335933049  loss=1.98218343065
step 2086  lr=0.0180789638812443  loss=3.03947202909383
step 2087  lr=0.0180770933556322  loss=1.86195375761441
step 2088  lr=0.0180752220166571  loss=1.89473251655136
step 2089  lr=0.0180733498645073  loss=2.31922962726666
step 2090  lr=0.0180714768993714  loss=2.82726515009266
step 2091  lr=0.018069603121438  loss=2.80822162925813
step 2092  lr=0.0180677285308958  loss=2.67833769125348
step 2093  lr=0.0180658531279336  loss=2.74458803535884
step 2094  lr=0.0180639769127401  loss=1.96871586152739
step 2095  lr=0.0180620998855044  loss=2.91021115445457
step 2096  lr=0.0180602220464155  loss=2.74521064966264
step 2097  lr=0.0180583433956624  loss=2.69730145051843
step 2098  lr=0.0180564639334344  loss=2.06085767014967
step 2099  lr=0.0180545836599207  loss=2.29310645550208
step 2100  lr=0.0180527025753106  loss=1.77586172665059
step 2101  lr=0.0180508206797936  loss=3.07640662394098
step 2102  lr=0.0180489379735591  loss=2.77324030589475
step 2103  lr=0.0180470544567969  loss=2.89063818411732
step 2104  lr=0.0180451701296964  loss=2.7770909546595
step 2105  lr=0.0180432849924476  loss=1.91570127605807
step 2106  lr=0.0180413990452402  loss=1.99268102825202
step 2107  lr=0.0180395122882641  loss=2.51060230978856
step 2108  lr=0.0180376247217093  loss=2.06375210690912
step 2109  lr=0.018035736345766  loss=1.96726821407961
step 2110  lr=0.0180338471606242  loss=3.06464135515154
step 2111  lr=0.0180319571664743  loss=1.92546366096567
step 2112  lr=0.0180300663635064  loss=1.90859732163951
step 2113  lr=0.0180281747519111  loss=2.32056250699481
step 2114  lr=0.0180262823318789  loss=2.93352553820481
step 2115  lr=0.0180243891036002  loss=2.18951545544335
step 2116  lr=0.0180224950672658  loss=1.90348447456
step 2117  lr=0.0180206002230663  loss=1.83554108952654
step 2118  lr=0.0180187045711926  loss=2.6736335988555
step 2119  lr=0.0180168081118355  loss=2.83985122763524
step 2120  lr=0.0180149108451862  loss=2.00811498486578
step 2121  lr=0.0180130127714355  loss=2.715530534111
step 2122  lr=0.0180111138907746  loss=1.69596210031181
step 2123  lr=0.0180092142033948  loss=1.81447431210975
step 2124  lr=0.0180073137094873  loss=2.84705598833224
step 2125  lr=0.0180054124092436  loss=1.8302483261885
step 2126  lr=0.0180035103028551  loss=1.92158319780111
step 2127  lr=0.0180016073905133  loss=2.46659693384564
step 2128  lr=0.0179997036724098  loss=2.44407538072736
step 2129  lr=0.0179977991487364  loss=2.81423141225307
step 2130  lr=0.0179958938196849  loss=2.70685134743526
step 2131  lr=0.017993987685447  loss=2.79772344799946
step 2132  lr=0.0179920807462148  loss=3.03599648834623
step 2133  lr=0.0179901730021803  loss=2.03377573630889
step 2134  lr=0.0179882644535356  loss=2.86225615089423
step 2135  lr=0.0179863551004729  loss=1.92879911049598
step 2136  lr=0.0179844449431845  loss=2.81377693505604
step 2137  lr=0.0179825339818626  loss=1.53029212036759
step 2138  lr=0.0179806222166999  loss=1.81031843788079
step 2139  lr=0.0179787096478886  loss=1.98048962642598
step 2140  lr=0.0179767962756216  loss=2.27455048231869
step 2141  lr=0.0179748821000913  loss=1.93231421262978
step 2142  lr=0.0179729671214907  loss=1.82264223750645
step 2143  lr=0.0179710513400125  loss=2.75656312336753
step 2144  lr=0.0179691347558496  loss=1.40697736314783
step 2145  lr=0.0179672173691951  loss=2.64293738591029
step 2146  lr=0.017965299180242  loss=2.64688051287077
step 2147  lr=0.0179633801891835  loss=1.95096976952458
step 2148  lr=0.0179614603962128  loss=1.99486199265799
step 2149  lr=0.0179595398015233  loss=2.73112634137107
step 2150  lr=0.0179576184053083  loss=1.84766173659005
step 2151  lr=0.0179556962077614  loss=2.81138225985213
step 2152  lr=0.0179537732090761  loss=2.66618891544808
step 2153  lr=0.0179518494094461  loss=1.92582893050291
step 2154  lr=0.017949924809065  loss=1.78720198384494
step 2155  lr=0.0179479994081267  loss=1.82085684116853
step 2156  lr=0.0179460732068251  loss=2.76204125143872
step 2157  lr=0.0179441462053542  loss=2.71627794761014
step 2158  lr=0.0179422184039079  loss=1.9113351933411
step 2159  lr=0.0179402898026805  loss=1.41262079062789
step 2160  lr=0.0179383604018661  loss=3.09225629787925
step 2161  lr=0.017936430201659  loss=3.10459416641135
step 2162  lr=0.0179344992022536  loss=2.29460246991785
step 2163  lr=0.0179325674038444  loss=3.07559066872563
step 2164  lr=0.0179306348066259  loss=1.85398441068053
step 2165  lr=0.0179287014107926  loss=1.85887778464584
step 2166  lr=0.0179267672165393  loss=2.47339680708345
step 2167  lr=0.0179248322240608  loss=3.01511022377095
step 2168  lr=0.0179228964335519  loss=2.34305674993769
step 2169  lr=0.0179209598452075  loss=1.81892151559179
step 2170  lr=0.0179190224592228  loss=2.79916462624931
step 2171  lr=0.0179170842757926  loss=2.50874735975377
step 2172  lr=0.0179151452951123  loss=1.87976493152222
step 2173  lr=0.0179132055173771  loss=2.79183222396237
step 2174  lr=0.0179112649427823  loss=3.02767545507824
step 2175  lr=0.0179093235715233  loss=2.72687619277592
step 2176  lr=0.0179073814037957  loss=1.96107154152539
step 2177  lr=0.0179054384397949  loss=2.78124590512884
step 2178  lr=0.0179034946797168  loss=2.00992083704231
step 2179  lr=0.0179015501237569  loss=1.86401269607261
step 2180  lr=0.0178996047721112  loss=2.85327010260769
step 2181  lr=0.0178976586249754  loss=2.58387579672835
step 2182  lr=0.0178957116825457  loss=2.12970350483082
step 2183  lr=0.017893763945018  loss=3.12205412954557
step 2184  lr=0.0178918154125885  loss=2.90365888253969
step 2185  lr=0.0178898660854534  loss=1.95373816465366
step 2186  lr=0.017887915963809  loss=1.94262966241911
step 2187  lr=0.0178859650478517  loss=1.92628262992463
step 2188  lr=0.0178840133377779  loss=2.97053130713227
step 2189  lr=0.0178820608337842  loss=3.0475622339536
step 2190  lr=0.0178801075360672  loss=2.8261449278748
step 2191  lr=0.0178781534448236  loss=2.6762995089494
step 2192  lr=0.0178761985602501  loss=1.98069358606323
step 2193  lr=0.0178742428825437  loss=2.01450723865419
step 2194  lr=0.0178722864119012  loss=2.83833282174331
step 2195  lr=0.0178703291485197  loss=2.93282308073319
step 2196  lr=0.0178683710925962  loss=2.97604180596014
step 2197  lr=0.017866412244328  loss=1.94822733620309
step 2198  lr=0.0178644526039123  loss=1.47854795387866
step 2199  lr=0.0178624921715465  loss=1.84066919695453
step 2200  lr=0.0178605309474279  loss=3.26481638165251
step 2201  lr=0.017858568931754  loss=1.92360761443507
step 2202  lr=0.0178566061247225  loss=2.13495952283285
step 2203  lr=0.0178546425265309  loss=2.61029029634663
step 2204  lr=0.0178526781373771  loss=2.94240428545006
step 2205  lr=0.0178507129574588  loss=2.10526692211567
step 2206  lr=0.0178487469869739  loss=2.64339560837931
step 2207  lr=0.0178467802261204  loss=1.40341567368057
step 2208  lr=0.0178448126750963  loss=2.78842137434332
step 2209  lr=0.0178428443340998  loss=1.85157716799418
step 2210  lr=0.0178408752033292  loss=1.88618834088131
step 2211  lr=0.0178389052829826  loss=1.89941670091178
step 2212  lr=0.0178369345732584  loss=1.84400764962991
step 2213  lr=0.0178349630743551  loss=2.99057352754369
step 2214  lr=0.0178329907864713  loss=1.67555886221232
step 2215  lr=0.0178310177098056  loss=2.97058542681725
step 2216  lr=0.0178290438445565  loss=1.96756722678685
step 2217  lr=0.017827069190923  loss=2.89292157717359
step 2218  lr=0.0178250937491038  loss=1.97394360216338
step 2219  lr=0.0178231175192978  loss=2.30825843823273
step 2220  lr=0.0178211405017042  loss=2.63908816598443
step 2221  lr=0.0178191626965219  loss=3.15788401749374
step 2222  lr=0.0178171841039502  loss=2.46707039675058
step 2223  lr=0.0178152047241882  loss=1.86358797447038
step 2224  lr=0.0178132245574353  loss=2.77356154557059
step 2225  lr=0.0178112436038909  loss=2.97072350316111
step 2226  lr=0.0178092618637545  loss=2.86793502014626
step 2227  lr=0.0178072793372257  loss=1.96103507117595
step 2228  lr=0.017805296024504  loss=3.03235169719445
step 2229  lr=0.0178033119257893  loss=1.37027340905733
step 2230  lr=0.0178013270412812  loss=1.92496735366889
step 2231  lr=0.0177993413711797  loss=1.79099538306705
step 2232  lr=0.0177973549156848  loss=2.77419040095866
step 2233  lr=0.0177953676749964  loss=2.25452330918869
step 2234  lr=0.0177933796493147  loss=2.38370373842749
step 2235  lr=0.0177913908388399  loss=2.75174001861257
step 2236  lr=0.0177894012437723  loss=2.02775798948906
step 2237  lr=0.0177874108643122  loss=2.74666611189362
step 2238  lr=0.01778541970066  loss=1.8499488106948
step 2239  lr=0.0177834277530162  loss=2.68723799851125
step 2240  lr=0.0177814350215815  loss=1.9113645273934
step 2241  lr=0.0177794415065565  loss=2.8350944739764
step 2242  lr=0.017777447208142  loss=2.67344591319738
step 2243  lr=0.0177754521265387  loss=2.22977664374626
step 2244  lr=0.0177734562619476  loss=1.88654644859503
step 2245  lr=0.0177714596145697  loss=2.46519234201205
step 2246  lr=0.017769462184606  loss=2.22252341964728
step 2247  lr=0.0177674639722577  loss=2.88898187873015
step 2248  lr=0.017765464977726  loss=1.78652077060126
step 2249  lr=0.0177634652012121  loss=2.0604551442836
step 2250  lr=0.0177614646429176  loss=3.01248376335258
step 2251  lr=0.0177594633030437  loss=1.75407356483287
step 2252  lr=0.0177574611817921  loss=2.21972069107648
step 2253  lr=0.0177554582793644  loss=1.9440071903849
step 2254  lr=0.0177534545959623  loss=2.01337950971318
step 2255  lr=0.0177514501317874  loss=3.1681619714429
step 2256  lr=0.0177494448870418  loss=1.96126204682749
step 2257  lr=0.0177474388619273  loss=2.82843799543685
step 2258  lr=0.0177454320566459  loss=1.83019219488689
step 2259  lr=0.0177434244713997  loss=2.76662486703135
step 2260  lr=0.0177414161063908  loss=1.9174222244467
step 2261  lr=0.0177394069618216  loss=1.8517228204726
step 2262  lr=0.0177373970378943  loss=2.36623815205648
step 2263  lr=0.0177353863348113  loss=2.18168969470077
step 2264  lr=0.0177333748527752  loss=2.8826809899482
step 2265  lr=0.0177313625919884  loss=2.37436843997308
step 2266  lr=0.0177293495526536  loss=1.82137024089782
step 2267  lr=0.0177273357349735  loss=2.91221050470929
step 2268  lr=0.0177253211391509  loss=2.86232451000584
step 2269  lr=0.0177233057653887  loss=1.80577069877927
step 2270  lr=0.0177212896138898  loss=1.83540610099964
step 2271  lr=0.0177192726848573  loss=1.91592098253745
step 2272  lr=0.0177172549784942  loss=2.01827904721409
step 2273  lr=0.0177152364950038  loss=1.79175638668928
step 2274  lr=0.0177132172345892  loss=2.7019375779502
step 2275  lr=0.0177111971974539  loss=2.82606725871753
step 2276  lr=0.0177091763838012  loss=1.3602672417298
step 2277  lr=0.0177071547938347  loss=2.9346036533988
step 2278  lr=0.0177051324277579  loss=1.8068601406447
step 2279  lr=0.0177031092857745  loss=1.85371006439282
step 2280  lr=0.0177010853680882  loss=3.11689594123798
step 2281  lr=0.0176990606749028  loss=2.0819530771631
step 2282  lr=0.0176970352064222  loss=2.06327514916002
step 2283  lr=0.0176950089628503  loss=2.29605177484364
step 2284  lr=0.0176929819443913  loss=2.24383262706211
step 2285  lr=0.0176909541512492  loss=2.86752316089578
step 2286  lr=0.0176889255836282  loss=1.95098905505752
step 2287  lr=0.0176868962417327  loss=2.77433551287008
step 2288  lr=0.0176848661257669  loss=2.54324777195277
step 2289  lr=0.0176828352359352  loss=2.91426600049709
step 2290  lr=0.0176808035724423  loss=1.91259788360987
step 2291  lr=0.0176787711354927  loss=2.85544975042173
step 2292  lr=0.017676737925291  loss=2.17829600657319
step 2293  lr=0.0176747039420421  loss=3.00154253276112
step 2294  lr=0.0176726691859506  loss=1.9350343998492
step 2295  lr=0.0176706336572216  loss=3.05272715129544
step 2296  lr=0.01766859735606  loss=3.12247978695159
step 2297  lr=0.0176665602826708  loss=2.15513737193162
step 2298  lr=0.0176645224372592  loss=1.90901594912006
step 2299  lr=0.0176624838200305  loss=1.7840036859641
step 2300  lr=0.0176604444311898  loss=2.18906934993885
step 2301  lr=0.0176584042709426  loss=2.67156829740501
step 2302  lr=0.0176563633394942  loss=1.38449877246668
step 2303  lr=0.0176543216370503  loss=1.90006639391976
step 2304  lr=0.0176522791638164  loss=2.97921492328522
step 2305  lr=0.0176502359199982  loss=2.78403767612336
step 2306  lr=0.0176481919058015  loss=1.91619209843798
step 2307  lr=0.017646147121432  loss=2.62494316343332
step 2308  lr=0.0176441015670958  loss=1.82613862389022
step 2309  lr=0.0176420552429987  loss=1.90479487064838
step 2310  lr=0.0176400081493469  loss=2.64138606729077
step 2311  lr=0.0176379602863464  loss=1.84994197653364
step 2312  lr=0.0176359116542036  loss=2.88991826978846
step 2313  lr=0.0176338622531247  loss=2.81300514736019
step 2314  lr=0.017631812083316  loss=2.51433216496375
step 2315  lr=0.0176297611449841  loss=2.29330507050708
step 2316  lr=0.0176277094383354  loss=2.25880862552887
step 2317  lr=0.0176256569635766  loss=1.83331670242618
step 2318  lr=0.0176236037209144  loss=1.82208411250268
step 2319  lr=0.0176215497105555  loss=1.83806850651716
step 2320  lr=0.0176194949327067  loss=2.32007587801997
step 2321  lr=0.017617439387575  loss=2.73139491075725
step 2322  lr=0.0176153830753674  loss=2.72468469643529
step 2323  lr=0.0176133259962909  loss=1.93651122924117
step 2324  lr=0.0176112681505526  loss=3.0904829360042
step 2325  lr=0.0176092095383599  loss=1.83927544644151
step 2326  lr=0.01760715015992  loss=2.23760811159491
step 2327  lr=0.0176050900154403  loss=2.85937044707352
step 2328  lr=0.0176030291051282  loss=2.63244094247547
step 2329  lr=0.0176009674291913  loss=2.11507080919357
step 2330  lr=0.0175989049878372  loss=2.02254119900611
step 2331  lr=0.0175968417812735  loss=2.68417186091181
step 2332  lr=0.0175947778097081  loss=1.95914062463162
step 2333  lr=0.0175927130733488  loss=2.98361537157897
step 2334  lr=0.0175906475724035  loss=1.85035023953325
step 2335  lr=0.0175885813070802  loss=2.8255927411409
step 2336  lr=0.0175865142775869  loss=2.77576990770249
step 2337  lr=0.0175844464841319  loss=2.85189810672718
step 2338  lr=0.0175823779269233  loss=2.69350144185769
step 2339  lr=0.0175803086061695  loss=1.80763133039048
step 2340  lr=0.0175782385220788  loss=2.74307052931957
step 2341  lr=0.0175761676748597  loss=1.82584323286024
step 2342  lr=0.0175740960647207  loss=3.05035809661258
step 2343  lr=0.0175720236918704  loss=2.18321743601782
step 2344  lr=0.0175699505565176  loss=2.69320258774544
step 2345  lr=0.0175678766588709  loss=2.70992744768698
step 2346  lr=0.0175658019991393  loss=1.9246016206988
step 2347  lr=0.0175637265775316  loss=1.83007256050788
step 2348  lr=0.0175616503942569  loss=2.50459071300071
step 2349  lr=0.0175595734495241  loss=1.9425346538696
step 2350  lr=0.0175574957435426  loss=1.80812763335529
step 2351  lr=0.0175554172765214  loss=2.96727565303398
step 2352  lr=0.0175533380486699  loss=2.65767812319261
step 2353  lr=0.0175512580601975  loss=1.84976567167408
step 2354  lr=0.0175491773113136  loss=3.03579027807538
step 2355  lr=0.0175470958022277  loss=2.69938435625068
step 2356  lr=0.0175450135331495  loss=1.91923045815498
step 2357  lr=0.0175429305042887  loss=2.85354436967505
step 2358  lr=0.0175408467158549  loss=2.77495399031576
step 2359  lr=0.0175387621680581  loss=3.02009788394866
step 2360  lr=0.0175366768611082  loss=2.06263308438178
step 2361  lr=0.0175345907952151  loss=1.82255449053995
step 2362  lr=0.0175325039705889  loss=2.85847412132509
step 2363  lr=0.0175304163874397  loss=1.75575864226607
step 2364  lr=0.0175283280459779  loss=2.91565312000264
step 2365  lr=0.0175262389464136  loss=1.80882753274344
step 2366  lr=0.0175241490889572  loss=1.42374292582196
step 2367  lr=0.0175220584738193  loss=2.13362773436144
step 2368  lr=0.0175199671012103  loss=1.89339926289445
step 2369  lr=0.0175178749713407  loss=2.971306285919
step 2370  lr=0.0175157820844214  loss=2.86334951108375
step 2371  lr=0.0175136884406631  loss=1.74786080765994
step 2372  lr=0.0175115940402765  loss=2.75788443618824
step 2373  lr=0.0175094988834726  loss=1.70275919676782
step 2374  lr=0.0175074029704623  loss=1.77912079016558
step 2375  lr=0.0175053063014568  loss=2.8690098900975
step 2376  lr=0.0175032088766672  loss=2.36029409057974
step 2377  lr=0.0175011106963046  loss=2.60787155773957
step 2378  lr=0.0174990117605804  loss=1.83236649212181
step 2379  lr=0.0174969120697059  loss=2.75212824052048
step 2380  lr=0.0174948116238925  loss=1.85281740181385
step 2381  lr=0.0174927104233519  loss=2.17706930683991
step 2382  lr=0.0174906084682955  loss=1.81593713245356
step 2383  lr=0.017488505758935  loss=2.80548403437365
step 2384  lr=0.0174864022954822  loss=1.92988257616332
step 2385  lr=0.0174842980781489  loss=1.9503500158225
step 2386  lr=0.017482193107147  loss=2.86573313932946
step 2387  lr=0.0174800873826885  loss=1.99369917193786
step 2388  lr=0.0174779809049853  loss=1.81367908666678
step 2389  lr=0.0174758736742497  loss=1.63512334010737
step 2390  lr=0.0174737656906938  loss=2.57763082884638
step 2391  lr=0.0174716569545299  loss=2.02902003699684
step 2392  lr=0.0174695474659704  loss=1.88316875290473
step 2393  lr=0.0174674372252276  loss=1.36724625808236
step 2394  lr=0.0174653262325141  loss=2.66523512408033
step 2395  lr=0.0174632144880425  loss=1.86233195578126
step 2396  lr=0.0174611019920253  loss=2.7489460801912
step 2397  lr=0.0174589887446754  loss=2.82876207530256
step 2398  lr=0.0174568747462056  loss=1.94407455855353
step 2399  lr=0.0174547599968286  loss=2.85705464298067
step 2400  lr=0.0174526444967575  loss=2.78377277762477
step 2401  lr=0.0174505282462054  loss=2.11335372806543
step 2402  lr=0.0174484112453852  loss=1.73745088503929
step 2403  lr=0.0174462934945102  loss=1.9503367107268
step 2404  lr=0.0174441749937937  loss=1.73652901571919
step 2405  lr=0.017442055743449  loss=2.76113800933662
step 2406  lr=0.0174399357436894  loss=2.768030684861
step 2407  lr=0.0174378149947286  loss=1.85632482845781
step 2408  lr=0.0174356934967799  loss=1.87066054127411
step 2409  lr=0.0174335712500571  loss=2.37286210764571
step 2410  lr=0.0174314482547739  loss=3.05926446835627
step 2411  lr=0.0174293245111441  loss=1.83998857829734
step 2412  lr=0.0174272000193815  loss=3.05624710529161
step 2413  lr=0.0174250747797001  loss=1.89493321617288
step 2414  lr=0.0174229487923138  loss=2.76656239055065
step 2415  lr=0.0174208220574368  loss=1.90474056376213
step 2416  lr=0.0174186945752832  loss=2.9541405969418
step 2417  lr=0.0174165663460673  loss=2.96425535309747
step 2418  lr=0.0174144373700033  loss=1.89550646457229
step 2419  lr=0.0174123076473057  loss=2.7735671670936
step 2420  lr=0.0174101771781889  loss=2.91690612093398
step 2421  lr=0.0174080459628675  loss=2.55949558490841
step 2422  lr=0.0174059140015561  loss=2.17584178153838
step 2423  lr=0.0174037812944693  loss=1.90853839275088
step 2424  lr=0.0174016478418219  loss=2.55546887796058
step 2425  lr=0.0173995136438288  loss=1.95457816089433
step 2426  lr=0.0173973787007049  loss=1.93382393907597
step 2427  lr=0.0173952430126652  loss=2.62641850331754
step 2428  lr=0.0173931065799247  loss=1.69269627437988
step 2429  lr=0.0173909694026985  loss=3.00743089695509
step 2430  lr=0.017388831481202  loss=2.1753783331191
step 2431  lr=0.0173866928156503  loss=2.87117219315764
step 2432  lr=0.0173845534062588  loss=2.73974651313203
step 2433  lr=0.0173824132532431  loss=1.80896333492273
step 2434  lr=0.0173802723568185  loss=1.96527525550246
step 2435  lr=0.0173781307172007  loss=2.29083797035086
step 2436  lr=0.0173759883346053  loss=2.31135729276282
step 2437  lr=0.0173738452092481  loss=2.24718576448641
step 2438  lr=0.0173717013413449  loss=2.88296035483863
step 2439  lr=0.0173695567311115  loss=2.65642661273609
step 2440  lr=0.017367411378764  loss=1.75796052779873
step 2441  lr=0.0173652652845184  loss=2.71152503302624
step 2442  lr=0.0173631184485908  loss=3.02796255431594
step 2443  lr=0.0173609708711973  loss=2.78551845720388
step 2444  lr=0.0173588225525543  loss=1.96837684094461
step 2445  lr=0.0173566734928781  loss=3.04151768364205
step 2446  lr=0.017354523692385  loss=2.63571240895124
step 2447  lr=0.0173523731512916  loss=2.14081457896366
step 2448  lr=0.0173502218698144  loss=1.92466310921333
step 2449  lr=0.0173480698481701  loss=1.83671056810714
step 2450  lr=0.0173459170865753  loss=1.93906950461789
step 2451  lr=0.0173437635852469  loss=3.09051004744701
step 2452  lr=0.0173416093444017  loss=2.81916583455993
step 2453  lr=0.0173394543642567  loss=2.07412226497886
step 2454  lr=0.0173372986450288  loss=2.80812112679403
step 2455  lr=0.0173351421869351  loss=2.93198909215402
step 2456  lr=0.0173329849901928  loss=1.82377346315048
step 2457  lr=0.0173308270550191  loss=2.46582353831449
step 2458  lr=0.0173286683816313  loss=1.90680293370527
step 2459  lr=0.0173265089702468  loss=2.95450921483061
step 2460  lr=0.0173243488210831  loss=2.79994377859156
step 2461  lr=0.0173221879343577  loss=1.85995197452699
step 2462  lr=0.0173200263102881  loss=2.77509541624001
step 2463  lr=0.017317863949092  loss=2.8294491338378
step 2464  lr=0.0173157008509873  loss=2.69517176274141
step 2465  lr=0.0173135370161917  loss=2.76788561541929
step 2466  lr=0.0173113724449231  loss=1.33650393078069
step 2467  lr=0.0173092071373995  loss=2.86688957761164
step 2468  lr=0.017307041093839  loss=2.27079416443484
step 2469  lr=0.0173048743144596  loss=1.74321065770998
step 2470  lr=0.0173027067994796  loss=1.88307456242722
step 2471  lr=0.0173005385491172  loss=2.11730940507273
step 2472  lr=0.0172983695635907  loss=1.91832612587728
step 2473  lr=0.0172961998431187  loss=1.90022866982502
step 2474  lr=0.0172940293879195  loss=2.76945282637475
step 2475  lr=0.0172918581982118  loss=1.85790206367116
step 2476  lr=0.0172896862742141  loss=1.69265858670439
step 2477  lr=0.0172875136161453  loss=1.53816257845347
step 2478  lr=0.017285340224224  loss=1.84745855870621
step 2479  lr=0.0172831660986691  loss=1.94566329394195
step 2480  lr=0.0172809912396996  loss=2.39969482719952
step 2481  lr=0.0172788156475345  loss=1.85667751193853
step 2482  lr=0.0172766393223929  loss=2.8877739741592
step 2483  lr=0.0172744622644939  loss=2.52999666140931
step 2484  lr=0.0172722844740567  loss=1.96735169702515
step 2485  lr=0.0172701059513007  loss=1.33506606989312
step 2486  lr=0.0172679266964453  loss=1.85667707603534
step 2487  lr=0.0172657467097098  loss=1.72914912816016
step 2488  lr=0.0172635659913138  loss=2.43330258750187
step 2489  lr=0.0172613845414769  loss=1.80559873970048
step 2490  lr=0.0172592023604188  loss=2.63440751284624
step 2491  lr=0.0172570194483592  loss=1.3287648272549
step 2492  lr=0.0172548358055179  loss=3.083814190104
step 2493  lr=0.0172526514321149  loss=3.13509784023585
step 2494  lr=0.0172504663283701  loss=2.81721575046739
step 2495  lr=0.0172482804945035  loss=1.9286475409066
step 2496  lr=0.0172460939307353  loss=1.88984923847358
step 2497  lr=0.0172439066372856  loss=1.60195587597065
step 2498  lr=0.0172417186143747  loss=2.21260725338589
step 2499  lr=0.0172395298622229  loss=2.17814196995457
step 2500  lr=0.0172373403810507  loss=2.82943591562778
step 2501  lr=0.0172351501710785  loss=2.78885145173194
step 2502  lr=0.0172329592325269  loss=3.08591528450563
step 2503  lr=0.0172307675656165  loss=1.85497117059496
step 2504  lr=0.017228575170568  loss=2.8996546520065
step 2505  lr=0.0172263820476021  loss=1.90447126884278
step 2506  lr=0.0172241881969398  loss=2.7167413345338
step 2507  lr=0.017221993618802  loss=1.70251335254102
step 2508  lr=0.0172197983134095  loss=1.81240233175155
step 2509  lr=0.0172176022809836  loss=2.71195827400895
step 2510  lr=0.0172154055217454  loss=2.47321912393693
step 2511  lr=0.017213208035916  loss=2.59209546885517
step 2512  lr=0.0172110098237167  loss=2.94676540116334
step 2513  lr=0.0172088108853689  loss=1.78678550389073
step 2514  lr=0.0172066112210941  loss=2.17918703480841
step 2515  lr=0.0172044108311138  loss=2.79024721880231
step 2516  lr=0.0172022097156494  loss=3.07011543492186
step 2517  lr=0.0172000078749228  loss=2.86596734408672
step 2518  lr=0.0171978053091555  loss=2.58631769439537
step 2519  lr=0.0171956020185695  loss=1.87798609545726
step 2520  lr=0.0171933980033865  loss=1.88725797606215
step 2521  lr=0.0171911932638286  loss=1.88988691798201
step 2522  lr=0.0171889878001176  loss=2.27115290601646
step 2523  lr=0.0171867816124758  loss=2.08017123765232
step 2524  lr=0.0171845747011253  loss=1.8946656374669
step 2525  lr=0.0171823670662883  loss=2.14577108103571
step 2526  lr=0.0171801587081872  loss=2.78065039183163
step 2527  lr=0.0171779496270443  loss=2.21634167664097
step 2528  lr=0.017175739823082  loss=2.7237440718423
step 2529  lr=0.0171735292965229  loss=2.8597823958158
step 2530  lr=0.0171713180475896  loss=2.17644999534844
step 2531  lr=0.0171691060765048  loss=1.80222614232389
step 2532  lr=0.0171668933834912  loss=2.61740424050848
step 2533  lr=0.0171646799687717  loss=2.49188181921326
step 2534  lr=0.017162465832569  loss=1.89862151081188
step 2535  lr=0.0171602509751063  loss=2.86271411908927
step 2536  lr=0.0171580353966065  loss=1.88143970373387
step 2537  lr=0.0171558190972927  loss=2.75733319669205
step 2538  lr=0.0171536020773881  loss=2.22907517430889
step 2539  lr=0.017151384337116  loss=2.66765560123385
step 2540  lr=0.0171491658766996  loss=2.59427724882545
step 2541  lr=0.0171469466963625  loss=2.72986421672178
step 2542  lr=0.017144726796328  loss=2.86613485932988
step 2543  lr=0.0171425061768198  loss=2.02005041074074
step 2544  lr=0.0171402848380613  loss=1.89021971785365
step 2545  lr=0.0171380627802764  loss=1.93008253311334
step 2546  lr=0.0171358400036888  loss=1.92250888655535
step 2547  lr=0.0171336165085222  loss=1.60707904650751
step 2548  lr=0.0171313922950007  loss=2.72225607335368
step 2549  lr=0.0171291673633481  loss=2.54393876537726
step 2550  lr=0.0171269417137886  loss=2.50307217934565
step 2551  lr=0.0171247153465463  loss=2.72210174618518
step 2552  lr=0.0171224882618453  loss=2.54178738247886
step 2553  lr=0.01712026045991  loss=2.65977176244223
step 2554  lr=0.0171180319409646  loss=2.90630948605238
step 2555  lr=0.0171158027052336  loss=2.76514678006579
step 2556  lr=0.0171135727529414  loss=2.67713623562502
step 2557  lr=0.0171113420843127  loss=2.75558559283347
step 2558  lr=0.017109110699572  loss=2.27629370606458
step 2559  lr=0.0171068785989441  loss=2.46812737542635
step 2560  lr=0.0171046457826537  loss=2.59123143300578
step 2561  lr=0.0171024122509256  loss=2.49171993869846
step 2562  lr=0.0171001780039849  loss=2.71945854107955
step 2563  lr=0.0170979430420564  loss=2.83034809772524
step 2564  lr=0.0170957073653652  loss=2.79063522595174
step 2565  lr=0.0170934709741365  loss=2.70711510280547
step 2566  lr=0.0170912338685955  loss=3.07012284901638
step 2567  lr=0.0170889960489674  loss=2.82498450764085
step 2568  lr=0.0170867575154776  loss=2.88410892237719
step 2569  lr=0.0170845182683515  loss=3.06380694953952
step 2570  lr=0.0170822783078146  loss=2.90467619485968
step 2571  lr=0.0170800376340925  loss=3.13779180614168
step 2572  lr=0.0170777962474108  loss=2.76597573052213
step 2573  lr=0.0170755541479952  loss=2.4973155851076
step 2574  lr=0.0170733113360714  loss=3.12437305742506
step 2575  lr=0.0170710678118655  loss=2.95903343529506
step 2576  lr=0.0170688235756032  loss=2.57861658696301
step 2577  lr=0.0170665786275105  loss=2.31089099701817
step 2578  lr=0.0170643329678136  loss=2.89506737089585
step 2579  lr=0.0170620865967385  loss=2.41812218263773
step 2580  lr=0.0170598395145116  loss=2.25575765507013
step 2581  lr=0.0170575917213589  loss=2.2563175561577
step 2582  lr=0.017055343217507  loss=2.3518990753851
step 2583  lr=0.0170530940031822  loss=2.92944594842634
step 2584  lr=0.0170508440786111  loss=2.48200421675041
step 2585  lr=0.0170485934440201  loss=2.33812922690963
step 2586  lr=0.0170463420996359  loss=2.16079723149892
step 2587  lr=0.0170440900456854  loss=3.12253016373769
step 2588  lr=0.0170418372823951  loss=2.47310134340244
step 2589  lr=0.017039583809992  loss=3.3377733035122
step 2590  lr=0.017037329628703  loss=2.93230042833409
step 2591  lr=0.0170350747387551  loss=2.68416482904535
step 2592  lr=0.0170328191403754  loss=2.71353965017122
step 2593  lr=0.017030562833791  loss=1.85965881308329
step 2594  lr=0.0170283058192291  loss=2.17277047336253
step 2595  lr=0.017026048096917  loss=2.51637012096601
step 2596  lr=0.017023789667082  loss=2.89826940337836
step 2597  lr=0.0170215305299516  loss=2.93346485136995
step 2598  lr=0.0170192706857533  loss=2.33805286438249
step 2599  lr=0.0170170101347146  loss=2.17893908770985
step 2600  lr=0.0170147488770632  loss=2.83911450296107
step 2601  lr=0.0170124869130268  loss=3.02020723823903
step 2602  lr=0.0170102242428331  loss=2.45362769042575
step 2603  lr=0.0170079608667101  loss=2.49976173390638
step 2604  lr=0.0170056967848855  loss=2.83581596326328
step 2605  lr=0.0170034319975875  loss=2.61223678302369
step 2606  lr=0.0170011665050441  loss=2.85260271978792
step 2607  lr=0.0169989003074834  loss=2.81645766125684
step 2608  lr=0.0169966334051337  loss=2.34957684481098
step 2609  lr=0.0169943657982231  loss=2.80461440088841
step 2610  lr=0.0169920974869801  loss=3.23178877974338
step 2611  lr=0.0169898284716331  loss=2.595463164586
step 2612  lr=0.0169875587524105  loss=2.66844374621886
step 2613  lr=0.016985288329541  loss=2.35476049548852
step 2614  lr=0.0169830172032531  loss=2.49594830407696
step 2615  lr=0.0169807453737756  loss=2.16292492052126
step 2616  lr=0.0169784728413372  loss=2.16136055037964
step 2617  lr=0.0169761996061668  loss=2.16507605070712
step 2618  lr=0.0169739256684933  loss=1.83617271177769
step 2619  lr=0.0169716510285456  loss=2.76107416183456
step 2620  lr=0.0169693756865529  loss=3.20559532011085
step 2621  lr=0.0169670996427443  loss=2.56635979252997
step 2622  lr=0.0169648228973489  loss=2.24507784154207
step 2623  lr=0.016962545450596  loss=2.29916324904517
step 2624  lr=0.016960267302715  loss=2.94783702997739
step 2625  lr=0.0169579884539353  loss=3.030618587149
step 2626  lr=0.0169557089044863  loss=1.91831709736799
step 2627  lr=0.0169534286545976  loss=2.13365358048401
step 2628  lr=0.0169511477044989  loss=2.13253779895093
step 2629  lr=0.0169488660544197  loss=2.96707450818961
step 2630  lr=0.01694658370459  loss=2.43782895943444
step 2631  lr=0.0169443006552394  loss=2.91009906574116
step 2632  lr=0.016942016906598  loss=2.78422035781139
step 2633  lr=0.0169397324588956  loss=2.74069930842732
step 2634  lr=0.0169374473123624  loss=2.19457452092367
step 2635  lr=0.0169351614672285  loss=2.95983716137157
step 2636  lr=0.0169328749237239  loss=2.90956842317134
step 2637  lr=0.0169305876820791  loss=3.10304764700478
step 2638  lr=0.0169282997425242  loss=2.4979600285212
step 2639  lr=0.0169260111052898  loss=2.88499152350406
step 2640  lr=0.0169237217706062  loss=3.12661645170229
step 2641  lr=0.0169214317387041  loss=2.64853197653671
step 2642  lr=0.0169191410098139  loss=2.77019151058075
step 2643  lr=0.0169168495841665  loss=2.37081359598384
step 2644  lr=0.0169145574619924  loss=2.43762218082788
step 2645  lr=0.0169122646435227  loss=2.28305228864754
step 2646  lr=0.016909971128988  loss=2.71944346281513
step 2647  lr=0.0169076769186195  loss=2.23938915359
step 2648  lr=0.0169053820126481  loss=2.642023266306
step 2649  lr=0.0169030864113049  loss=2.91135780393628
step 2650  lr=0.0169007901148211  loss=2.971011560858
step 2651  lr=0.0168984931234279  loss=2.89574876494831
step 2652  lr=0.0168961954373567  loss=2.43248696586314
step 2653  lr=0.0168938970568388  loss=2.9452985491525
step 2654  lr=0.0168915979821056  loss=2.87331389185475
step 2655  lr=0.0168892982133887  loss=2.82598732708492
step 2656  lr=0.0168869977509196  loss=2.75422914119448
step 2657  lr=0.0168846965949301  loss=2.76888672200416
step 2658  lr=0.0168823947456518  loss=2.57465153305729
step 2659  lr=0.0168800922033165  loss=2.85392672235726
step 2660  lr=0.0168777889681562  loss=2.49184233927515
step 2661  lr=0.0168754850404027  loss=2.75776764676584
step 2662  lr=0.016873180420288  loss=2.78737281447722
step 2663  lr=0.0168708751080442  loss=2.4181571611293
step 2664  lr=0.0168685691039035  loss=3.32181025528136
step 2665  lr=0.0168662624080981  loss=2.78348824891749
step 2666  lr=0.0168639550208603  loss=2.22953160582433
step 2667  lr=0.0168616469424224  loss=2.83428481999661
step 2668  lr=0.0168593381730168  loss=2.27498067671425
step 2669  lr=0.016857028712876  loss=2.53233815232463
step 2670  lr=0.0168547185622327  loss=2.21737131971768
step 2671  lr=0.0168524077213193  loss=2.46012105983476
step 2672  lr=0.0168500961903687  loss=2.80010906120515
step 2673  lr=0.0168477839696136  loss=2.76632790521905
step 2674  lr=0.0168454710592869  loss=2.80959894880181
step 2675  lr=0.0168431574596214  loss=2.40527508117551
step 2676  lr=0.0168408431708501  loss=2.74108120058919
step 2677  lr=0.0168385281932061  loss=2.74823526969827
step 2678  lr=0.0168362125269225  loss=2.16355763644202
step 2679  lr=0.0168338961722325  loss=2.85076646997009
step 2680  lr=0.0168315791293693  loss=2.80847031899605
step 2681  lr=0.0168292613985663  loss=2.35427338187116
step 2682  lr=0.0168269429800569  loss=2.11751386331397
step 2683  lr=0.0168246238740745  loss=2.7584009633125
step 2684  lr=0.0168223040808527  loss=2.77168542556824
step 2685  lr=0.016819983600625  loss=2.45731806917512
step 2686  lr=0.0168176624336251  loss=2.9426641352944
step 2687  lr=0.0168153405800869  loss=2.45612301336246
step 2688  lr=0.016813018040244  loss=2.86511704977045
step 2689  lr=0.0168106948143304  loss=2.69933970494429
step 2690  lr=0.01680837090258  loss=2.9074026847484
step 2691  lr=0.0168060463052269  loss=2.34126328403011
step 2692  lr=0.0168037210225051  loss=2.85082352106474
step 2693  lr=0.0168013950546487  loss=2.79044291109936
step 2694  lr=0.0167990684018921  loss=2.97188609538633
step 2695  lr=0.0167967410644694  loss=2.58845781837445
step 2696  lr=0.0167944130426152  loss=2.36592259088917
step 2697  lr=0.0167920843365637  loss=2.45729252832252
step 2698  lr=0.0167897549465495  loss=2.05903315506775
step 2699  lr=0.0167874248728072  loss=1.71684721049967
step 2700  lr=0.0167850941155713  loss=2.56940185203652
step 2701  lr=0.0167827626750767  loss=2.96383718145032
step 2702  lr=0.0167804305515581  loss=3.45519190265123
step 2703  lr=0.0167780977452503  loss=3.47382782402906
step 2704  lr=0.0167757642563882  loss=2.76587242745387
step 2705  lr=0.0167734300852068  loss=2.95560265195578
step 2706  lr=0.0167710952319413  loss=2.93343464627909
step 2707  lr=0.0167687596968266  loss=2.67876313667107
step 2708  lr=0.016766423480098  loss=2.82406273652729
step 2709  lr=0.0167640865819908  loss=2.26480717091455
step 2710  lr=0.0167617490027402  loss=3.11616553222518
step 2711  lr=0.0167594107425817  loss=3.01395191187583
step 2712  lr=0.0167570718017507  loss=3.2592233058813
step 2713  lr=0.0167547321804827  loss=2.36628742099472
step 2714  lr=0.0167523918790135  loss=3.41642693166023
step 2715  lr=0.0167500508975785  loss=3.12454208606637
step 2716  lr=0.0167477092364136  loss=3.02867703597176
step 2717  lr=0.0167453668957545  loss=2.94218295598145
step 2718  lr=0.0167430238758372  loss=3.18430341051484
step 2719  lr=0.0167406801768976  loss=2.76504600336902
step 2720  lr=0.0167383357991717  loss=3.08516738275788
step 2721  lr=0.0167359907428955  loss=3.08045167597722
step 2722  lr=0.0167336450083053  loss=3.24598956014946
step 2723  lr=0.0167312985956372  loss=3.07031870333769
step 2724  lr=0.0167289515051275  loss=3.32418637385185
step 2725  lr=0.0167266037370125  loss=2.40205955539532
step 2726  lr=0.0167242552915288  loss=2.21294784190225
step 2727  lr=0.0167219061689127  loss=3.06879365588165
step 2728  lr=0.0167195563694009  loss=3.26389039126658
step 2729  lr=0.0167172058932299  loss=2.28765292480416
step 2730  lr=0.0167148547406365  loss=2.44564128191354
step 2731  lr=0.0167125029118574  loss=3.18753180153792
step 2732  lr=0.0167101504071294  loss=2.28779113115031
step 2733  lr=0.0167077972266894  loss=2.54656566074125
step 2734  lr=0.0167054433707745  loss=2.49601052975747
step 2735  lr=0.0167030888396216  loss=2.66203119737261
step 2736  lr=0.0167007336334679  loss=3.1724465493621
step 2737  lr=0.0166983777525504  loss=3.27999946867636
step 2738  lr=0.0166960211971065  loss=2.94032338459708
step 2739  lr=0.0166936639673734  loss=3.03734876361937
step 2740  lr=0.0166913060635886  loss=3.36614543449653
step 2741  lr=0.0166889474859894  loss=2.17148882048023
step 2742  lr=0.0166865882348134  loss=2.94529895675472
step 2743  lr=0.0166842283102981  loss=2.27537425235623
step 2744  lr=0.0166818677126813  loss=2.88770623671731
step 2745  lr=0.0166795064422005  loss=2.98836465633045
step 2746  lr=0.0166771444990936  loss=3.02423145951079
step 2747  lr=0.0166747818835985  loss=3.20811270271888
step 2748  lr=0.016672418595953  loss=2.46444027624148
step 2749  lr=0.0166700546363951  loss=3.24812981464888
step 2750  lr=0.0166676900051629  loss=2.42845254056524
step 2751  lr=0.0166653247024945  loss=2.19171600717821
step 2752  lr=0.0166629587286281  loss=2.46648200375738
step 2753  lr=0.0166605920838019  loss=2.19824491190941
step 2754  lr=0.0166582247682543  loss=3.1357393504019
step 2755  lr=0.0166558567822237  loss=2.81747551521427
step 2756  lr=0.0166534881259484  loss=2.71992706681802
step 2757  lr=0.0166511187996671  loss=3.12256401188196
step 2758  lr=0.0166487488036183  loss=3.14723707203457
step 2759  lr=0.0166463781380407  loss=3.14062113114177
step 2760  lr=0.0166440068031729  loss=3.12092039986411
step 2761  lr=0.0166416347992539  loss=2.93341529002013
step 2762  lr=0.0166392621265224  loss=2.15837295800762
step 2763  lr=0.0166368887852174  loss=2.26969128859038
step 2764  lr=0.0166345147755779  loss=2.54658892713002
step 2765  lr=0.016632140097843  loss=2.55579529671294
step 2766  lr=0.0166297647522517  loss=2.38016421542669
step 2767  lr=0.0166273887390432  loss=3.03000272189876
step 2768  lr=0.016625012058457  loss=2.93437712426951
step 2769  lr=0.0166226347107321  loss=2.88026441659495
step 2770  lr=0.0166202566961082  loss=2.14922115495833
step 2771  lr=0.0166178780148246  loss=2.20081978119608
step 2772  lr=0.0166154986671208  loss=3.03235412816948
step 2773  lr=0.0166131186532365  loss=3.04664342021036
step 2774  lr=0.0166107379734114  loss=2.11593390622378
step 2775  lr=0.0166083566278851  loss=2.38227239477224
step 2776  lr=0.0166059746168974  loss=3.46248060910102
step 2777  lr=0.0166035919406884  loss=2.25392855255269
step 2778  lr=0.0166012085994977  loss=2.26601764516428
step 2779  lr=0.0165988245935656  loss=2.74251171088322
step 2780  lr=0.016596439923132  loss=2.11359494451344
step 2781  lr=0.0165940545884371  loss=2.64976294232411
step 2782  lr=0.0165916685897211  loss=3.06856851700161
step 2783  lr=0.0165892819272242  loss=2.37504490694163
step 2784  lr=0.0165868946011868  loss=2.10756622266829
step 2785  lr=0.0165845066118493  loss=2.18150142606037
step 2786  lr=0.0165821179594522  loss=3.03719763849928
step 2787  lr=0.016579728644236  loss=2.02540515302165
step 2788  lr=0.0165773386664412  loss=2.06066132451516
step 2789  lr=0.0165749480263087  loss=2.06687613144448
step 2790  lr=0.0165725567240791  loss=1.57735470049536
step 2791  lr=0.0165701647599931  loss=2.07934853940158
step 2792  lr=0.0165677721342918  loss=2.11655043359448
step 2793  lr=0.016565378847216  loss=2.05871842004659
step 2794  lr=0.0165629848990067  loss=3.19582997812765
step 2795  lr=0.0165605902899051  loss=2.10257449319619
step 2796  lr=0.0165581950201521  loss=1.93942985693694
step 2797  lr=0.0165557990899892  loss=1.97765276137124
step 2798  lr=0.0165534024996574  loss=2.78744997211914
step 2799  lr=0.0165510052493981  loss=2.82131610463005
step 2800  lr=0.0165486073394529  loss=2.96009210553668
step 2801  lr=0.016546208770063  loss=2.34983420688132
step 2802  lr=0.0165438095414701  loss=3.04193701590492
step 2803  lr=0.0165414096539157  loss=3.31247916847165
step 2804  lr=0.0165390091076416  loss=2.13649680443232
step 2805  lr=0.0165366079028895  loss=3.14907182815977
step 2806  lr=0.0165342060399011  loss=2.1513927340163
step 2807  lr=0.0165318035189183  loss=1.94762089709192
step 2808  lr=0.0165294003401831  loss=3.23572976587906
step 2809  lr=0.0165269965039374  loss=3.2759953254339
step 2810  lr=0.0165245920104234  loss=3.0820996590756
step 2811  lr=0.0165221868598832  loss=2.0096948328258
step 2812  lr=0.0165197810525589  loss=2.26355662049322
step 2813  lr=0.0165173745886929  loss=2.98991424287522
step 2814  lr=0.0165149674685274  loss=2.1258371488818
step 2815  lr=0.0165125596923048  loss=2.14420163115382
step 2816  lr=0.0165101512602677  loss=2.11722602371896
step 2817  lr=0.0165077421726585  loss=2.97225123358239
step 2818  lr=0.0165053324297199  loss=2.33825951437689
step 2819  lr=0.0165029220316944  loss=2.9040395370477
step 2820  lr=0.0165005109788249  loss=3.11781133027698
step 2821  lr=0.0164980992713541  loss=3.08191103138556
step 2822  lr=0.0164956869095249  loss=2.45141489473254
step 2823  lr=0.0164932738935802  loss=2.05117214319574
step 2824  lr=0.016490860223763  loss=3.23737854425331
step 2825  lr=0.0164884459003164  loss=2.04694994705172
step 2826  lr=0.0164860309234834  loss=1.89891946624842
step 2827  lr=0.0164836152935073  loss=3.12609648752405
step 2828  lr=0.0164811990106313  loss=1.91021650207949
step 2829  lr=0.0164787820750988  loss=2.29211878089744
step 2830  lr=0.016476364487153  loss=2.18359473625856
step 2831  lr=0.0164739462470376  loss=3.23918561982161
step 2832  lr=0.0164715273549959  loss=2.13019593250776
step 2833  lr=0.0164691078112716  loss=1.463110689693
step 2834  lr=0.0164666876161083  loss=2.07115313446819
step 2835  lr=0.0164642667697498  loss=1.86213893999329
step 2836  lr=0.0164618452724397  loss=2.90388808041459
step 2837  lr=0.0164594231244221  loss=2.94556797114206
step 2838  lr=0.0164570003259407  loss=2.09213685329412
step 2839  lr=0.0164545768772395  loss=2.88908711125554
step 2840  lr=0.0164521527785626  loss=3.16382757875377
step 2841  lr=0.0164497280301541  loss=2.11050563783366
step 2842  lr=0.0164473026322582  loss=1.98947228701668
step 2843  lr=0.0164448765851191  loss=2.07658615677442
step 2844  lr=0.0164424498889811  loss=2.91462864831859
step 2845  lr=0.0164400225440886  loss=2.12190664661838
step 2846  lr=0.0164375945506859  loss=1.98273123024413
step 2847  lr=0.0164351659090177  loss=2.0425765038225
step 2848  lr=0.0164327366193284  loss=2.19260409056945
step 2849  lr=0.0164303066818628  loss=2.04692212750234
step 2850  lr=0.0164278760968654  loss=2.92547007572354
step 2851  lr=0.0164254448645811  loss=1.99917170720652
step 2852  lr=0.0164230129852546  loss=2.25947933302706
step 2853  lr=0.016420580459131  loss=2.91946048847055
step 2854  lr=0.016418147286455  loss=3.1839453513543
step 2855  lr=0.0164157134674718  loss=2.41913588747426
step 2856  lr=0.0164132790024264  loss=1.97767246762513
step 2857  lr=0.016410843891564  loss=1.99623812926903
step 2858  lr=0.0164084081351298  loss=3.05931983463159
step 2859  lr=0.0164059717333691  loss=2.99161531580897
step 2860  lr=0.0164035346865272  loss=2.99593792379044
step 2861  lr=0.0164010969948496  loss=2.48152487734776
step 2862  lr=0.0163986586585816  loss=2.48729159968587
step 2863  lr=0.0163962196779689  loss=2.02789298973278
step 2864  lr=0.016393780053257  loss=2.09679399457029
step 2865  lr=0.0163913397846917  loss=2.94868916684633
step 2866  lr=0.0163888988725186  loss=2.74750208034754
step 2867  lr=0.0163864573169836  loss=1.64648353939405
step 2868  lr=0.0163840151183325  loss=2.74915521784982
step 2869  lr=0.0163815722768113  loss=2.03782282408924
step 2870  lr=0.0163791287926659  loss=3.15637082679359
step 2871  lr=0.0163766846661424  loss=2.14863007192994
step 2872  lr=0.0163742398974869  loss=2.65615734581086
step 2873  lr=0.0163717944869456  loss=2.93455264058392
step 2874  lr=0.0163693484347649  loss=2.82146726272911
step 2875  lr=0.0163669017411909  loss=2.10130295709675
step 2876  lr=0.0163644544064701  loss=2.05308844900814
step 2877  lr=0.0163620064308489  loss=2.27614406662771
step 2878  lr=0.0163595578145738  loss=2.74070468353455
step 2879  lr=0.0163571085578914  loss=2.96966247483705
step 2880  lr=0.0163546586610484  loss=1.97379726723266
step 2881  lr=0.0163522081242914  loss=2.51958406527477
step 2882  lr=0.0163497569478672  loss=2.88663472945297
step 2883  lr=0.0163473051320227  loss=2.94833083736392
step 2884  lr=0.0163448526770047  loss=1.9966826676189
step 2885  lr=0.0163423995830602  loss=2.91783070596624
step 2886  lr=0.0163399458504363  loss=2.73602590604628
step 2887  lr=0.01633749147938  loss=3.1527576651506
step 2888  lr=0.0163350364701385  loss=1.89607441005391
step 2889  lr=0.0163325808229589  loss=1.96644065919038
step 2890  lr=0.0163301245380887  loss=2.62472562588512
step 2891  lr=0.0163276676157751  loss=3.28204090611339
step 2892  lr=0.0163252100562655  loss=2.87736438437642
step 2893  lr=0.0163227518598075  loss=2.07202522313971
step 2894  lr=0.0163202930266485  loss=2.0829294284879
step 2895  lr=0.0163178335570362  loss=2.82633008669268
step 2896  lr=0.0163153734512182  loss=2.03256869629871
step 2897  lr=0.0163129127094423  loss=2.73465955848168
step 2898  lr=0.0163104513319562  loss=1.91427005768123
step 2899  lr=0.0163079893190079  loss=2.11890340897138
step 2900  lr=0.0163055266708452  loss=2.0324268902371
step 2901  lr=0.0163030633877162  loss=2.96115270252821
step 2902  lr=0.0163005994698688  loss=2.12445067225821
step 2903  lr=0.0162981349175513  loss=2.00120618227107
step 2904  lr=0.0162956697310117  loss=1.93714473167374
step 2905  lr=0.0162932039104984  loss=1.64198480607336
step 2906  lr=0.0162907374562596  loss=3.00028880114758
step 2907  lr=0.0162882703685437  loss=3.01199847900019
step 2908  lr=0.0162858026475992  loss=2.08547029207582
step 2909  lr=0.0162833342936745  loss=2.96420597060776
step 2910  lr=0.0162808653070182  loss=2.09425059005067
step 2911  lr=0.0162783956878789  loss=2.84104323946875
step 2912  lr=0.0162759254365054  loss=2.06347340456349
step 2913  lr=0.0162734545531464  loss=2.27127219958087
step 2914  lr=0.0162709830380506  loss=1.92735946668879
step 2915  lr=0.016268510891467  loss=2.32922717005086
step 2916  lr=0.0162660381136446  loss=2.071710935227
step 2917  lr=0.0162635647048323  loss=2.04525623073161
step 2918  lr=0.0162610906652792  loss=1.4179947576402
step 2919  lr=0.0162586159952344  loss=2.03689594100461
step 2920  lr=0.0162561406949472  loss=2.07941113067427
step 2921  lr=0.0162536647646668  loss=2.90852203063221
step 2922  lr=0.0162511882046425  loss=3.29801381609404
step 2923  lr=0.0162487110151237  loss=1.97834934356653
step 2924  lr=0.0162462331963599  loss=2.93114973986009
step 2925  lr=0.0162437547486006  loss=2.94078387099308
step 2926  lr=0.0162412756720954  loss=3.21274674748486
step 2927  lr=0.0162387959670939  loss=2.9185074346505
step 2928  lr=0.0162363156338457  loss=2.00844991721604
step 2929  lr=0.0162338346726008  loss=2.0321997918985
step 2930  lr=0.0162313530836089  loss=1.97860369542118
step 2931  lr=0.0162288708671199  loss=3.28438302083346
step 2932  lr=0.0162263880233838  loss=3.16218085642947
step 2933  lr=0.0162239045526506  loss=2.20116959156683
step 2934  lr=0.0162214204551703  loss=2.0669452310085
step 2935  lr=0.0162189357311932  loss=2.81535438349181
step 2936  lr=0.0162164503809695  loss=3.1839802639925
step 2937  lr=0.0162139644047493  loss=2.00667101732188
step 2938  lr=0.0162114778027831  loss=3.16988545930496
step 2939  lr=0.0162089905753213  loss=2.32868315135046
step 2940  lr=0.0162065027226142  loss=2.31065761466807
step 2941  lr=0.0162040142449126  loss=2.47681375039243
step 2942  lr=0.0162015251424668  loss=2.81762477604421
step 2943  lr=0.0161990354155277  loss=2.15059294340976
step 2944  lr=0.0161965450643458  loss=3.05250649406242
step 2945  lr=0.016194054089172  loss=2.79842398084172
step 2946  lr=0.0161915624902572  loss=2.94971103514911
step 2947  lr=0.0161890702678522  loss=2.93091772570849
step 2948  lr=0.0161865774222079  loss=2.01784864813772
step 2949  lr=0.0161840839535755  loss=2.88383106005884
step 2950  lr=0.0161815898622061  loss=1.87498525528021
step 2951  lr=0.0161790951483506  loss=2.87622656252025
step 2952  lr=0.0161765998122605  loss=1.97859166780619
step 2953  lr=0.0161741038541869  loss=1.90396110239601
step 2954  lr=0.0161716072743813  loss=2.89402098775451
step 2955  lr=0.0161691100730949  loss=2.7387243752958
step 2956  lr=0.0161666122505794  loss=2.97114273856571
step 2957  lr=0.0161641138070862  loss=2.11804415394866
step 2958  lr=0.0161616147428668  loss=1.86906204512089
step 2959  lr=0.0161591150581731  loss=2.07342282766654
step 2960  lr=0.0161566147532566  loss=2.0573461527926
step 2961  lr=0.0161541138283692  loss=2.82984205318046
step 2962  lr=0.0161516122837627  loss=1.94680682074223
step 2963  lr=0.0161491101196889  loss=2.08737272604289
step 2964  lr=0.0161466073364  loss=2.08774158918868
step 2965  lr=0.0161441039341479  loss=2.89604290848497
step 2966  lr=0.0161415999131847  loss=1.84921850934138
step 2967  lr=0.0161390952737625  loss=2.06713592036609
step 2968  lr=0.0161365900161337  loss=2.37017553241126
step 2969  lr=0.0161340841405503  loss=2.9352126904037
step 2970  lr=0.0161315776472649  loss=2.03202895800606
step 2971  lr=0.0161290705365298  loss=2.17805609812907
step 2972  lr=0.0161265628085974  loss=3.23327833926071
step 2973  lr=0.0161240544637203  loss=1.42263578016095
step 2974  lr=0.0161215455021511  loss=1.95545762239846
step 2975  lr=0.0161190359241425  loss=2.85347441836106
step 2976  lr=0.0161165257299471  loss=2.23360737509596
step 2977  lr=0.0161140149198177  loss=2.14768768750356
step 2978  lr=0.0161115034940072  loss=2.96579859841225
step 2979  lr=0.0161089914527684  loss=3.05867100608718
step 2980  lr=0.0161064787963544  loss=1.9976497550447
step 2981  lr=0.0161039655250181  loss=2.25835934777812
step 2982  lr=0.0161014516390127  loss=2.09700198043803
step 2983  lr=0.0160989371385912  loss=1.81151391587598
step 2984  lr=0.016096422024007  loss=3.33188483587454
step 2985  lr=0.0160939062955132  loss=2.90176402778393
step 2986  lr=0.0160913899533632  loss=1.89937253561935
step 2987  lr=0.0160888729978104  loss=1.40669010006509
step 2988  lr=0.0160863554291083  loss=3.18176662076004
step 2989  lr=0.0160838372475104  loss=2.5654868168903
step 2990  lr=0.0160813184532702  loss=3.10863360257969
step 2991  lr=0.0160787990466414  loss=2.81318799688799
step 2992  lr=0.0160762790278777  loss=1.90943912056409
step 2993  lr=0.0160737583972329  loss=2.02346754882044
step 2994  lr=0.0160712371549607  loss=2.88284693978455
step 2995  lr=0.0160687153013152  loss=2.80416964994803
step 2996  lr=0.0160661928365502  loss=2.22998828699013
step 2997  lr=0.0160636697609197  loss=2.94147177768286
step 2998  lr=0.0160611460746779  loss=2.85509573223526
step 2999  lr=0.0160586217780788  loss=1.97391716469168
step 3000  lr=0.0160560968713767  loss=3.34262063933582
step 3001  lr=0.0160535713548257  loss=1.95591940972225
step 3002  lr=0.0160510452286804  loss=1.97611363502124
step 3003  lr=0.0160485184931949  loss=2.77037673985739
step 3004  lr=0.0160459911486238  loss=3.22368215125862
step 3005  lr=0.0160434631952215  loss=2.56005263772657
step 3006  lr=0.0160409346332426  loss=1.95039839821706
step 3007  lr=0.0160384054629418  loss=1.78852459375714
step 3008  lr=0.0160358756845738  loss=2.87840376089604
step 3009  lr=0.0160333452983932  loss=2.74470160049837
step 3010  lr=0.0160308143046549  loss=1.82330486717453
step 3011  lr=0.0160282827036138  loss=2.10885251068272
step 3012  lr=0.0160257504955247  loss=1.9992567961266
step 3013  lr=0.0160232176806428  loss=3.01951099944082
step 3014  lr=0.016020684259223  loss=2.88444595565915
step 3015  lr=0.0160181502315205  loss=2.07527625565497
step 3016  lr=0.0160156155977904  loss=1.96771357677065
step 3017  lr=0.016013080358288  loss=1.9526721935615
step 3018  lr=0.0160105445132685  loss=1.96233694654204
step 3019  lr=0.0160080080629874  loss=1.82132451767511
step 3020  lr=0.0160054710077  loss=2.68428119138466
step 3021  lr=0.0160029333476619  loss=2.59475603224174
step 3022  lr=0.0160003950831285  loss=2.90088143557977
step 3023  lr=0.0159978562143556  loss=1.49418218954709
step 3024  lr=0.0159953167415986  loss=2.38674034274051
step 3025  lr=0.0159927766651135  loss=2.87133595914786
step 3026  lr=0.0159902359851559  loss=2.00075922638197
step 3027  lr=0.0159876947019816  loss=2.71560457235474
step 3028  lr=0.0159851528158467  loss=3.11472633834495
step 3029  lr=0.0159826103270071  loss=1.90502894514065
step 3030  lr=0.0159800672357188  loss=2.40518876293178
step 3031  lr=0.0159775235422379  loss=2.71794452381207
step 3032  lr=0.0159749792468205  loss=2.93001523719208
step 3033  lr=0.0159724343497228  loss=2.09121104530154
step 3034  lr=0.0159698888512012  loss=2.92233220158707
step 3035  lr=0.015967342751512  loss=2.93257307578126
step 3036  lr=0.0159647960509115  loss=2.87742982610764
step 3037  lr=0.0159622487496562  loss=1.98355112301689
step 3038  lr=0.0159597008480026  loss=3.27645027531595
step 3039  lr=0.0159571523462073  loss=3.14086348296681
step 3040  lr=0.0159546032445269  loss=2.17619540940188
step 3041  lr=0.0159520535432181  loss=2.91756069504808
step 3042  lr=0.0159495032425377  loss=2.87068044190494
step 3043  lr=0.0159469523427425  loss=2.85863021972563
step 3044  lr=0.0159444008440894  loss=2.00189129619198
step 3045  lr=0.0159418487468352  loss=1.861396240596
step 3046  lr=0.0159392960512371  loss=2.309613713473
step 3047  lr=0.015936742757552  loss=2.47172377207384
step 3048  lr=0.015934188866037  loss=2.87670690611894
step 3049  lr=0.0159316343769494  loss=2.94780300535942
step 3050  lr=0.0159290792905464  loss=3.15946902470629
step 3051  lr=0.0159265236070853  loss=2.02526385584543
step 3052  lr=0.0159239673268234  loss=2.11909737533836
step 3053  lr=0.0159214104500181  loss=2.34773325938994
step 3054  lr=0.015918852976927  loss=2.83983687868995
step 3055  lr=0.0159162949078075  loss=1.89818485446878
step 3056  lr=0.0159137362429174  loss=2.89297913564378
step 3057  lr=0.0159111769825141  loss=1.840149556891
step 3058  lr=0.0159086171268555  loss=3.0516289254926
step 3059  lr=0.0159060566761993  loss=3.01689834894447
step 3060  lr=0.0159034956308033  loss=3.19591689412158
step 3061  lr=0.0159009339909255  loss=2.00423581301029
step 3062  lr=0.0158983717568238  loss=2.73483172895631
step 3063  lr=0.0158958089287562  loss=1.39604565760087
step 3064  lr=0.0158932455069809  loss=1.9923721596426
step 3065  lr=0.0158906814917558  loss=2.17469706321515
step 3066  lr=0.0158881168833393  loss=3.2502521050845
step 3067  lr=0.0158855516819896  loss=2.43894224010367
step 3068  lr=0.015882985887965  loss=2.14381348402063
step 3069  lr=0.0158804195015239  loss=2.40433761066048
step 3070  lr=0.0158778525229247  loss=3.01105421033388
step 3071  lr=0.0158752849524259  loss=2.79731489951781
step 3072  lr=0.0158727167902861  loss=2.88689714284118
step 3073  lr=0.0158701480367639  loss=1.86747619213858
step 3074  lr=0.0158675786921179  loss=3.15374713843515
step 3075  lr=0.0158650087566069  loss=2.00025014534135
step 3076  lr=0.0158624382304897  loss=1.96886285492914
step 3077  lr=0.0158598671140251  loss=2.97833406611757
step 3078  lr=0.015857295407472  loss=2.14227583751054
step 3079  lr=0.0158547231110895  loss=1.95705618984729
step 3080  lr=0.0158521502251365  loss=2.54165738706499
step 3081  lr=0.0158495767498722  loss=2.90283151303122
step 3082  lr=0.0158470026855556  loss=1.97296398351087
step 3083  lr=0.015844428032446  loss=2.82787078504349
step 3084  lr=0.0158418527908027  loss=2.00205071869534
step 3085  lr=0.0158392769608849  loss=1.95264961449229
step 3086  lr=0.0158367005429521  loss=2.78683067567268
step 3087  lr=0.0158341235372638  loss=1.97829048943321
step 3088  lr=0.0158315459440793  loss=3.15203806341409
step 3089  lr=0.0158289677636584  loss=3.12774993800051
step 3090  lr=0.0158263889962605  loss=2.54902314764502
step 3091  lr=0.0158238096421454  loss=2.78751492968864
step 3092  lr=0.0158212297015729  loss=1.37541050116744
step 3093  lr=0.0158186491748027  loss=1.86982140747673
step 3094  lr=0.0158160680620947  loss=3.17524947520376
step 3095  lr=0.0158134863637087  loss=2.82794210507028
step 3096  lr=0.0158109040799049  loss=2.34443347730756
step 3097  lr=0.0158083212109432  loss=3.04032688473549
step 3098  lr=0.0158057377570837  loss=2.85658641233912
step 3099  lr=0.0158031537185865  loss=1.81476440846161
step 3100  lr=0.015800569095712  loss=2.87751064887813
step 3101  lr=0.0157979838887203  loss=1.95914292078305
step 3102  lr=0.0157953980978717  loss=2.26399906713746
step 3103  lr=0.0157928117234268  loss=1.98239981137345
step 3104  lr=0.0157902247656458  loss=1.95253350260507
step 3105  lr=0.0157876372247894  loss=3.09638133594159
step 3106  lr=0.0157850491011181  loss=2.93231243562218
step 3107  lr=0.0157824603948925  loss=2.9089878310568
step 3108  lr=0.0157798711063733  loss=1.97811220661794
step 3109  lr=0.0157772812358212  loss=2.97050689279073
step 3110  lr=0.0157746907834971  loss=2.21833553683552
step 3111  lr=0.0157720997496617  loss=3.18184261604261
step 3112  lr=0.0157695081345761  loss=1.90246809482322
step 3113  lr=0.0157669159385012  loss=2.05179898683137
step 3114  lr=0.0157643231616979  loss=2.27076370048024
step 3115  lr=0.0157617298044275  loss=1.78563807843086
step 3116  lr=0.0157591358669511  loss=3.1992309993144
step 3117  lr=0.0157565413495298  loss=2.74645655747988
step 3118  lr=0.015753946252425  loss=1.89156057454029
step 3119  lr=0.015751350575898  loss=2.0654969189202
step 3120  lr=0.0157487543202101  loss=1.8347871318881
step 3121  lr=0.0157461574856228  loss=2.73410708237101
step 3122  lr=0.0157435600723976  loss=1.9944562417457
step 3123  lr=0.015740962080796  loss=1.88788780142451
step 3124  lr=0.0157383635110798  loss=2.41281124327223
step 3125  lr=0.0157357643635105  loss=2.73321065216915
step 3126  lr=0.0157331646383498  loss=2.68864373785867
step 3127  lr=0.0157305643358597  loss=1.86634075662304
step 3128  lr=0.0157279634563019  loss=2.02639150928848
step 3129  lr=0.0157253619999383  loss=3.00234611445051
step 3130  lr=0.0157227599670309  loss=3.08891472186371
step 3131  lr=0.0157201573578417  loss=3.02947726289663
step 3132  lr=0.0157175541726329  loss=3.12770408528577
step 3133  lr=0.0157149504116665  loss=1.93772125277467
step 3134  lr=0.0157123460752048  loss=1.85644464456614
step 3135  lr=0.0157097411635099  loss=1.87187762317755
step 3136  lr=0.0157071356768443  loss=2.89761992832734
step 3137  lr=0.0157045296154703  loss=2.8544789017683
step 3138  lr=0.0157019229796503  loss=2.67490827319984
step 3139  lr=0.0156993157696468  loss=2.92473587028441
step 3140  lr=0.0156967079857224  loss=2.50152974127457
step 3141  lr=0.0156940996281396  loss=2.80934834473857
step 3142  lr=0.0156914906971612  loss=2.38079552361302
step 3143  lr=0.0156888811930498  loss=2.93951566071707
step 3144  lr=0.0156862711160682  loss=1.89449889251314
step 3145  lr=0.0156836604664793  loss=2.44795521487118
step 3146  lr=0.0156810492445459  loss=2.23384874273553
step 3147  lr=0.015678437450531  loss=2.91829988564404
step 3148  lr=0.0156758250846976  loss=3.12388115664986
step 3149  lr=0.0156732121473088  loss=2.70188887113678
step 3150  lr=0.0156705986386277  loss=1.99775751545236
step 3151  lr=0.0156679845589175  loss=2.63242486458828
step 3152  lr=0.0156653699084413  loss=3.14790006158113
step 3153  lr=0.0156627546874626  loss=2.81911469373782
step 3154  lr=0.0156601388962446  loss=2.57196903521991
step 3155  lr=0.0156575225350508  loss=1.89337475356222
step 3156  lr=0.0156549056041447  loss=2.94220189768752
step 3157  lr=0.0156522881037896  loss=3.23054327436076
step 3158  lr=0.0156496700342494  loss=1.7855443266652
step 3159  lr=0.0156470513957875  loss=1.93205086161775
step 3160  lr=0.0156444321886677  loss=2.88055125228579
step 3161  lr=0.0156418124131537  loss=2.91934440958115
step 3162  lr=0.0156391920695094  loss=2.6354007125422
step 3163  lr=0.0156365711579986  loss=1.87733752998099
step 3164  lr=0.0156339496788852  loss=1.79904100500019
step 3165  lr=0.0156313276324332  loss=1.84938615079474
step 3166  lr=0.0156287050189068  loss=1.86863670816184
step 3167  lr=0.0156260818385698  loss=2.18269997806229
step 3168  lr=0.0156234580916866  loss=3.22882563296406
step 3169  lr=0.0156208337785213  loss=2.15815767634852
step 3170  lr=0.0156182088993382  loss=3.26675958422082
step 3171  lr=0.0156155834544016  loss=3.21826207958736
step 3172  lr=0.0156129574439759  loss=3.32172136692489
step 3173  lr=0.0156103308683256  loss=2.49488543280705
step 3174  lr=0.0156077037277151  loss=2.75494900485925
step 3175  lr=0.0156050760224089  loss=2.57476522850816
step 3176  lr=0.0156024477526718  loss=2.35020114823401
step 3177  lr=0.0155998189187684  loss=2.2125876667916
step 3178  lr=0.0155971895209633  loss=2.14414598291281
step 3179  lr=0.0155945595595214  loss=2.2378866353077
step 3180  lr=0.0155919290347075  loss=1.62182806664957
step 3181  lr=0.0155892979467865  loss=2.76084093091742
step 3182  lr=0.0155866662960233  loss=3.03308016008936
step 3183  lr=0.015584034082683  loss=3.03474940683703
step 3184  lr=0.0155814013070306  loss=1.98589634756614
step 3185  lr=0.0155787679693313  loss=2.81803062640448
step 3186  lr=0.0155761340698502  loss=3.02486300492047
step 3187  lr=0.0155734996088525  loss=2.26227535628569
step 3188  lr=0.0155708645866036  loss=1.8525875164375
step 3189  lr=0.0155682290033688  loss=2.28851926390512
step 3190  lr=0.0155655928594134  loss=2.18636073385243
step 3191  lr=0.015562956155003  loss=2.19214217013549
step 3192  lr=0.0155603188904031  loss=2.77698115505095
step 3193  lr=0.0155576810658792  loss=2.86903284088752
step 3194  lr=0.015555042681697  loss=2.33053948522595
step 3195  lr=0.0155524037381222  loss=1.9382311578281
step 3196  lr=0.0155497642354204  loss=2.05555976250656
step 3197  lr=0.0155471241738575  loss=2.29118427212072
step 3198  lr=0.0155444835536994  loss=2.05187259573297
step 3199  lr=0.0155418423752119  loss=2.98998525442789
step 3200  lr=0.0155392006386611  loss=2.1769677863117
step 3201  lr=0.0155365583443129  loss=2.13907815537939
step 3202  lr=0.0155339154924334  loss=2.1045123750636
step 3203  lr=0.0155312720832888  loss=2.94777734127126
step 3204  lr=0.0155286281171453  loss=3.0454566345703
step 3205  lr=0.015525983594269  loss=2.92582312474563
step 3206  lr=0.0155233385149264  loss=2.72107211366051
step 3207  lr=0.0155206928793837  loss=3.07819764666055
step 3208  lr=0.0155180466879074  loss=2.1225869562095
step 3209  lr=0.0155153999407639  loss=1.98689907735106
step 3210  lr=0.0155127526382198  loss=2.10581487232118
step 3211  lr=0.0155101047805417  loss=2.07911976665308
step 3212  lr=0.0155074563679962  loss=2.39171557977078
step 3213  lr=0.01550480740085  loss=2.96997502350947
step 3214  lr=0.0155021578793698  loss=2.98386611910402
step 3215  lr=0.0154995078038224  loss=3.28116600153688
step 3216  lr=0.0154968571744748  loss=3.20460629998287
step 3217  lr=0.0154942059915938  loss=2.41236990439137
step 3218  lr=0.0154915542554465  loss=2.95238971607073
step 3219  lr=0.0154889019662997  loss=1.99427153808412
step 3220  lr=0.0154862491244207  loss=1.89781565556784
step 3221  lr=0.0154835957300765  loss=2.05302038727264
step 3222  lr=0.0154809417835344  loss=2.93214904265672
step 3223  lr=0.0154782872850617  loss=2.03447770273337
step 3224  lr=0.0154756322349255  loss=1.92215926917112
step 3225  lr=0.0154729766333933  loss=2.24609442879886
step 3226  lr=0.0154703204807325  loss=1.93054148960413
step 3227  lr=0.0154676637772106  loss=2.88986309658445
step 3228  lr=0.0154650065230952  loss=3.06819833373948
step 3229  lr=0.0154623487186537  loss=2.52973072105858
step 3230  lr=0.0154596903641538  loss=2.12760459277605
step 3231  lr=0.0154570314598633  loss=2.757027455697
step 3232  lr=0.0154543720060498  loss=2.90806164944204
step 3233  lr=0.0154517120029812  loss=2.81699506341731
step 3234  lr=0.0154490514509254  loss=2.01047691341311
step 3235  lr=0.0154463903501503  loss=3.2346416778519
step 3236  lr=0.0154437287009238  loss=1.43951408517646
step 3237  lr=0.0154410665035139  loss=2.81593304059044
step 3238  lr=0.0154384037581888  loss=2.05724569393783
step 3239  lr=0.0154357404652166  loss=2.60682484373188
step 3240  lr=0.0154330766248655  loss=2.03182964050126
step 3241  lr=0.0154304122374038  loss=2.02354059288747
step 3242  lr=0.0154277473030996  loss=2.85764589929038
step 3243  lr=0.0154250818222215  loss=2.983249002942
step 3244  lr=0.0154224157950377  loss=1.98204465819115
step 3245  lr=0.0154197492218169  loss=2.78021171403096
step 3246  lr=0.0154170821028274  loss=2.08910205649441
step 3247  lr=0.0154144144383379  loss=2.73451777749256
step 3248  lr=0.0154117462286171  loss=2.2296503877833
step 3249  lr=0.0154090774739335  loss=2.03724189432427
step 3250  lr=0.015406408174556  loss=1.92102153496618
step 3251  lr=0.0154037383307533  loss=2.29806944413578
step 3252  lr=0.0154010679427943  loss=2.23419677154966
step 3253  lr=0.015398397010948  loss=2.75255452332982
step 3254  lr=0.0153957255354832  loss=1.8961574391144
step 3255  lr=0.015393053516669  loss=2.50402026962603
step 3256  lr=0.0153903809547744  loss=2.89142773684955
step 3257  lr=0.0153877078500686  loss=2.03463855700507
step 3258  lr=0.0153850342028208  loss=2.84782807250921
step 3259  lr=0.0153823600133002  loss=2.25852193750472
step 3260  lr=0.0153796852817761  loss=2.34810798585371
step 3261  lr=0.0153770100085179  loss=2.73575940534682
step 3262  lr=0.0153743341937948  loss=1.86393541496704
step 3263  lr=0.0153716578378765  loss=2.07228947232567
step 3264  lr=0.0153689809410324  loss=2.28287680820583
step 3265  lr=0.015366303503532  loss=3.1181570637455
step 3266  lr=0.015363625525645  loss=2.94580874768778
step 3267  lr=0.0153609470076411  loss=3.16899540415383
step 3268  lr=0.01535826794979  loss=3.1230420753569
step 3269  lr=0.0153555883523614  loss=2.92475438087122
step 3270  lr=0.0153529082156252  loss=2.07146704479141
step 3271  lr=0.0153502275398513  loss=1.8202938929217
step 3272  lr=0.0153475463253097  loss=2.97645400361342
step 3273  lr=0.0153448645722703  loss=1.94130787375053
step 3274  lr=0.0153421822810031  loss=2.00763335606467
step 3275  lr=0.0153394994517784  loss=2.87988415300064
step 3276  lr=0.0153368160848662  loss=2.82698056825982
step 3277  lr=0.0153341321805367  loss=2.32575715173037
step 3278  lr=0.0153314477390603  loss=1.97230935602599
step 3279  lr=0.0153287627607073  loss=2.83319223018898
step 3280  lr=0.015326077245748  loss=2.93902647913125
step 3281  lr=0.0153233911944529  loss=2.00205733521296
step 3282  lr=0.0153207046070924  loss=1.39153665632303
step 3283  lr=0.0153180174839371  loss=2.6922032511035
step 3284  lr=0.0153153298252576  loss=2.96981684231267
step 3285  lr=0.0153126416313245  loss=1.49524381331025
step 3286  lr=0.0153099529024086  loss=2.76790618558458
step 3287  lr=0.0153072636387805  loss=2.38703694047321
step 3288  lr=0.0153045738407112  loss=3.31347103972283
step 3289  lr=0.0153018835084714  loss=3.00326272623064
step 3290  lr=0.0152991926423321  loss=3.17071643283536
step 3291  lr=0.0152965012425642  loss=2.55537022049452
step 3292  lr=0.0152938093094388  loss=3.16747652844367
step 3293  lr=0.0152911168432269  loss=1.85565541064151
step 3294  lr=0.0152884238441997  loss=1.9646596334133
step 3295  lr=0.0152857303126284  loss=3.07790529338886
step 3296  lr=0.0152830362487842  loss=2.83827466394856
step 3297  lr=0.0152803416529384  loss=2.33866537893972
step 3298  lr=0.0152776465253623  loss=2.95503210241758
step 3299  lr=0.0152749508663274  loss=2.23791297668392
step 3300  lr=0.015272254676105  loss=3.03471548901506
step 3301  lr=0.0152695579549668  loss=2.15285102444289
step 3302  lr=0.0152668607031842  loss=3.20025266872316
step 3303  lr=0.0152641629210289  loss=2.76300329710465
step 3304  lr=0.0152614646087725  loss=2.97687353908705
step 3305  lr=0.0152587657666868  loss=1.94209422958146
step 3306  lr=0.0152560663950435  loss=2.83009750120924
step 3307  lr=0.0152533664941144  loss=2.98753439168567
step 3308  lr=0.0152506660641715  loss=2.97397631219801
step 3309  lr=0.0152479651054867  loss=2.89415509423292
step 3310  lr=0.0152452636183319  loss=3.05389370650699
step 3311  lr=0.0152425616029793  loss=1.91117397750263
step 3312  lr=0.0152398590597008  loss=2.89892396480298
step 3313  lr=0.0152371559887686  loss=2.91892656253431
step 3314  lr=0.015234452390455  loss=1.80172620314108
step 3315  lr=0.0152317482650322  loss=2.20873142405023
step 3316  lr=0.0152290436127725  loss=1.38606102404255
step 3317  lr=0.0152263384339482  loss=1.97251536233485
step 3318  lr=0.0152236327288318  loss=1.89444489658454
step 3319  lr=0.0152209264976957  loss=3.13696994376542
step 3320  lr=0.0152182197408125  loss=2.77079176296225
step 3321  lr=0.0152155124584546  loss=1.91227939588895
step 3322  lr=0.0152128046508948  loss=1.97188053528657
step 3323  lr=0.0152100963184058  loss=1.98261335118853
step 3324  lr=0.0152073874612601  loss=2.70132866616297
step 3325  lr=0.0152046780797307  loss=2.25604790774116
step 3326  lr=0.0152019681740904  loss=2.69523402848397
step 3327  lr=0.015199257744612  loss=2.30243615775819
step 3328  lr=0.0151965467915685  loss=3.39261348329463
step 3329  lr=0.0151938353152328  loss=3.40397029176501
step 3330  lr=0.0151911233158781  loss=2.81331422234478
step 3331  lr=0.0151884107937774  loss=3.00977492254217
step 3332  lr=0.0151856977492039  loss=1.98769102237484
step 3333  lr=0.0151829841824308  loss=2.08798143987824
step 3334  lr=0.0151802700937313  loss=1.88095590555301
step 3335  lr=0.0151775554833788  loss=1.92539595451454
step 3336  lr=0.0151748403516465  loss=2.39077565320946
step 3337  lr=0.015172124698808  loss=2.03060887675
step 3338  lr=0.0151694085251366  loss=2.96991710636812
step 3339  lr=0.015166691830906  loss=2.83544554217867
step 3340  lr=0.0151639746163896  loss=1.87469452300179
step 3341  lr=0.0151612568818611  loss=3.01673974473592
step 3342  lr=0.0151585386275943  loss=3.30244393093912
step 3343  lr=0.0151558198538627  loss=2.59920817985434
step 3344  lr=0.0151531005609401  loss=1.97328690012943
step 3345  lr=0.0151503807491005  loss=1.94880539956691
step 3346  lr=0.0151476604186177  loss=1.91504158588933
step 3347  lr=0.0151449395697657  loss=2.91232735067126
step 3348  lr=0.0151422182028183  loss=2.90598838532757
step 3349  lr=0.0151394963180498  loss=2.00415717114923
step 3350  lr=0.0151367739157341  loss=2.35872727518228
step 3351  lr=0.0151340509961454  loss=3.05146526433136
step 3352  lr=0.0151313275595579  loss=2.77077123692833
step 3353  lr=0.0151286036062458  loss=2.39066093749811
step 3354  lr=0.0151258791364835  loss=2.93041751292763
step 3355  lr=0.0151231541505454  loss=2.82091973164923
step 3356  lr=0.0151204286487057  loss=1.94702998987028
step 3357  lr=0.015117702631239  loss=2.00298514547222
step 3358  lr=0.0151149760984198  loss=2.97975107041075
step 3359  lr=0.0151122490505227  loss=2.87356148805733
step 3360  lr=0.0151095214878222  loss=2.95555196521457
step 3361  lr=0.015106793410593  loss=2.96708719844889
step 3362  lr=0.0151040648191099  loss=2.79253682544927
step 3363  lr=0.0151013357136476  loss=1.96907233048914
step 3364  lr=0.0150986060944809  loss=1.4170485565768
step 3365  lr=0.0150958759618848  loss=1.95933989886746
step 3366  lr=0.015093145316134  loss=2.99155604950416
step 3367  lr=0.0150904141575037  loss=3.00508341117918
step 3368  lr=0.0150876824862688  loss=1.97567330369209
step 3369  lr=0.0150849503027044  loss=2.13210350783119
step 3370  lr=0.0150822176070857  loss=3.08631119758007
step 3371  lr=0.0150794843996878  loss=1.90495698002995
step 3372  lr=0.0150767506807859  loss=2.86278064678026
step 3373  lr=0.0150740164506554  loss=1.94420624459137
step 3374  lr=0.0150712817095716  loss=2.26229832327759
step 3375  lr=0.0150685464578098  loss=2.90527239744482
step 3376  lr=0.0150658106956456  loss=2.79908887492876
step 3377  lr=0.0150630744233543  loss=2.78234434595718
step 3378  lr=0.0150603376412116  loss=2.11438573333411
step 3379  lr=0.0150576003494931  loss=1.92936473011204
step 3380  lr=0.0150548625484743  loss=1.82720507821936
step 3381  lr=0.015052124238431  loss=1.93164136836596
step 3382  lr=0.0150493854196389  loss=1.48544487442265
step 3383  lr=0.0150466460923739  loss=2.85752528370233
step 3384  lr=0.0150439062569117  loss=2.53826009320715
step 3385  lr=0.0150411659135283  loss=1.89534160158484
step 3386  lr=0.0150384250624997  loss=2.91854930765013
step 3387  lr=0.0150356837041017  loss=2.12594320556457
step 3388  lr=0.0150329418386106  loss=2.11374714063133
step 3389  lr=0.0150301994663024  loss=1.91237236301804
step 3390  lr=0.0150274565874532  loss=1.83060672398392
step 3391  lr=0.0150247132023392  loss=2.91364278924638
step 3392  lr=0.0150219693112368  loss=3.1229955087198
step 3393  lr=0.0150192249144222  loss=2.51021144603038
step 3394  lr=0.0150164800121718  loss=2.25274191514943
step 3395  lr=0.015013734604762  loss=1.97398068528865
step 3396  lr=0.0150109886924693  loss=2.69952760389949
step 3397  lr=0.0150082422755701  loss=2.71461696122956
step 3398  lr=0.0150054953543411  loss=2.365414520985
step 3399  lr=0.0150027479290588  loss=2.77827124390116
step 3400  lr=0.015  loss=2.85322926278587
step 3401  lr=0.0149972515674413  loss=2.87891319544792
step 3402  lr=0.0149945026316595  loss=2.46545882510133
step 3403  lr=0.0149917531929314  loss=2.2427558778265
step 3404  lr=0.0149890032515339  loss=2.38626152226139
step 3405  lr=0.0149862528077439  loss=3.28212344818127
step 3406  lr=0.0149835018618384  loss=1.90700823113675
step 3407  lr=0.0149807504140944  loss=2.40411435846408
step 3408  lr=0.014977998464789  loss=2.89442293395801
step 3409  lr=0.0149752460141992  loss=3.17241589352547
step 3410  lr=0.0149724930626024  loss=2.60175190416335
step 3411  lr=0.0149697396102756  loss=3.19244027073292
step 3412  lr=0.0149669856574961  loss=3.19976459753619
step 3413  lr=0.0149642312045414  loss=3.10823589110072
step 3414  lr=0.0149614762516886  loss=2.20577702722602
step 3415  lr=0.0149587207992154  loss=1.98914885991332
step 3416  lr=0.0149559648473991  loss=2.62081164214452
step 3417  lr=0.0149532083965173  loss=2.0813852687071
step 3418  lr=0.0149504514468476  loss=1.97572497897102
step 3419  lr=0.0149476939986675  loss=2.03603169365862
step 3420  lr=0.0149449360522548  loss=2.35639423792925
step 3421  lr=0.0149421776078871  loss=2.07497476619035
step 3422  lr=0.0149394186658423  loss=2.96868235240656
step 3423  lr=0.0149366592263982  loss=2.55626083156791
step 3424  lr=0.0149338992898326  loss=2.919844540342
step 3425  lr=0.0149311388564235  loss=3.11825705218415
step 3426  lr=0.0149283779264489  loss=2.03073075414934
step 3427  lr=0.0149256165001867  loss=3.25214021077546
step 3428  lr=0.0149228545779151  loss=2.19704381713788
step 3429  lr=0.0149200921599121  loss=2.62354288544992
step 3430  lr=0.014917329246456  loss=1.91072216305765
step 3431  lr=0.014914565837825  loss=3.08256120141068
step 3432  lr=0.0149118019342974  loss=3.22893256629344
step 3433  lr=0.0149090375361514  loss=1.99577139170398
step 3434  lr=0.0149062726436655  loss=3.01229162717209
step 3435  lr=0.0149035072571181  loss=2.18937187227753
step 3436  lr=0.0149007413767876  loss=2.8305682167619
step 3437  lr=0.0148979750029526  loss=2.93351445522549
step 3438  lr=0.0148952081358916  loss=1.98817766733641
step 3439  lr=0.0148924407758833  loss=2.78010847875755
step 3440  lr=0.0148896729232064  loss=2.99293899970862
step 3441  lr=0.0148869045781395  loss=1.54808085324977
step 3442  lr=0.0148841357409615  loss=3.00344879904748
step 3443  lr=0.0148813664119511  loss=2.96659696768917
step 3444  lr=0.0148785965913873  loss=1.89298913316103
step 3445  lr=0.014875826279549  loss=3.06844698664327
step 3446  lr=0.014873055476715  loss=2.13023480770329
step 3447  lr=0.0148702841831645  loss=2.62191418175549
step 3448  lr=0.0148675123991766  loss=1.99177186165254
step 3449  lr=0.0148647401250302  loss=2.55077788277515
step 3450  lr=0.0148619673610047  loss=2.09690953678744
step 3451  lr=0.0148591941073792  loss=2.93365470003895
step 3452  lr=0.0148564203644329  loss=1.97076787214573
step 3453  lr=0.0148536461324453  loss=2.82007762954712
step 3454  lr=0.0148508714116956  loss=2.78571040617839
step 3455  lr=0.0148480962024634  loss=2.04871457078802
step 3456  lr=0.0148453205050279  loss=1.9594528857536
step 3457  lr=0.0148425443196689  loss=1.92412098483149
step 3458  lr=0.0148397676466657  loss=2.8594392522133
step 3459  lr=0.0148369904862981  loss=2.90357055649442
step 3460  lr=0.0148342128388456  loss=1.95601059782447
step 3461  lr=0.0148314347045881  loss=3.05732991586114
step 3462  lr=0.0148286560838052  loss=3.08784740273236
step 3463  lr=0.0148258769767768  loss=2.92161038523856
step 3464  lr=0.0148230973837827  loss=2.88060177934313
step 3465  lr=0.0148203173051028  loss=2.98546957177601
step 3466  lr=0.0148175367410172  loss=2.58113055859032
step 3467  lr=0.0148147556918056  loss=3.02974972852692
step 3468  lr=0.0148119741577484  loss=2.66844768341549
step 3469  lr=0.0148091921391254  loss=1.61299116074113
step 3470  lr=0.014806409636217  loss=2.96960876866283
step 3471  lr=0.0148036266493032  loss=1.86506170420389
step 3472  lr=0.0148008431786643  loss=3.32695871779183
step 3473  lr=0.0147980592245807  loss=2.04552397577125
step 3474  lr=0.0147952747873327  loss=2.93142218023416
step 3475  lr=0.0147924898672006  loss=1.93713644062248
step 3476  lr=0.0147897044644649  loss=2.0652082379748
step 3477  lr=0.0147869185794061  loss=2.10422393907036
step 3478  lr=0.0147841322123047  loss=2.07107491308212
step 3479  lr=0.0147813453634413  loss=1.98113979389653
step 3480  lr=0.0147785580330966  loss=2.24932016102575
step 3481  lr=0.0147757702215513  loss=1.88969135568113
step 3482  lr=0.014772981929086  loss=1.88977548315088
step 3483  lr=0.0147701931559815  loss=1.93133001645105
step 3484  lr=0.0147674039025188  loss=1.95909933171701
step 3485  lr=0.0147646141689785  loss=2.11266012000759
step 3486  lr=0.0147618239556418  loss=1.89147370851374
step 3487  lr=0.0147590332627895  loss=2.73721680582755
step 3488  lr=0.0147562420907028  loss=2.93217652666463
step 3489  lr=0.0147534504396625  loss=1.93325529055958
step 3490  lr=0.01475065830995  loss=1.99875380096469
step 3491  lr=0.0147478657018462  loss=2.72417401012726
step 3492  lr=0.0147450726156325  loss=2.93675902515399
step 3493  lr=0.0147422790515902  loss=2.10982174027218
step 3494  lr=0.0147394850100005  loss=2.94699024215957
step 3495  lr=0.0147366904911447  loss=2.74360847222756
step 3496  lr=0.0147338954953044  loss=2.96459167995258
step 3497  lr=0.0147311000227609  loss=2.73268735194168
step 3498  lr=0.0147283040737958  loss=2.98515099761234
step 3499  lr=0.0147255076486905  loss=2.50917602385332
step 3500  lr=0.0147227107477268  loss=3.0060208768021
step 3501  lr=0.0147199133711863  loss=3.52999206277904
step 3502  lr=0.0147171155193506  loss=2.8219575637672
step 3503  lr=0.0147143171925015  loss=2.86681949556747
step 3504  lr=0.0147115183909207  loss=2.88855724797603
step 3505  lr=0.0147087191148903  loss=2.36223272270447
step 3506  lr=0.0147059193646919  loss=3.08965979910818
step 3507  lr=0.0147031191406075  loss=2.29404076211198
step 3508  lr=0.0147003184429192  loss=2.26507931105535
step 3509  lr=0.014697517271909  loss=2.16541613594664
step 3510  lr=0.0146947156278589  loss=3.0203921980587
step 3511  lr=0.0146919135110511  loss=2.12021946978337
step 3512  lr=0.0146891109217677  loss=3.21021968880517
step 3513  lr=0.0146863078602909  loss=1.98911064812383
step 3514  lr=0.0146835043269031  loss=2.99786477546287
step 3515  lr=0.0146807003218866  loss=1.96793305777855
step 3516  lr=0.0146778958455236  loss=2.70480663781076
step 3517  lr=0.0146750908980967  loss=2.59238981414748
step 3518  lr=0.0146722854798882  loss=2.0490093506647
step 3519  lr=0.0146694795911807  loss=2.87172639126493
step 3520  lr=0.0146666732322567  loss=3.25893015680533
step 3521  lr=0.0146638664033989  loss=1.99908735958739
step 3522  lr=0.0146610591048899  loss=1.88277189722617
step 3523  lr=0.0146582513370123  loss=2.08621701796698
step 3524  lr=0.014655443100049  loss=2.02537301456287
step 3525  lr=0.0146526343942826  loss=2.94731913989927
step 3526  lr=0.0146498252199961  loss=3.21566301609534
step 3527  lr=0.0146470155774723  loss=1.94503219266456
step 3528  lr=0.0146442054669942  loss=2.75253504562194
step 3529  lr=0.0146413948888447  loss=2.99454756538489
step 3530  lr=0.0146385838433069  loss=3.00039411224027
step 3531  lr=0.0146357723306638  loss=2.08642466242894
step 3532  lr=0.0146329603511986  loss=2.01451011394101
step 3533  lr=0.0146301479051944  loss=2.05878681018347
step 3534  lr=0.0146273349929344  loss=1.83667479461749
step 3535  lr=0.0146245216147019  loss=2.82209720913914
step 3536  lr=0.0146217077707803  loss=1.99592887916755
step 3537  lr=0.0146188934614527  loss=3.21511588770915
step 3538  lr=0.0146160786870028  loss=2.96761460863885
step 3539  lr=0.0146132634477138  loss=2.71616341302059
step 3540  lr=0.0146104477438693  loss=1.89314746012468
step 3541  lr=0.0146076315757529  loss=2.94932182098308
step 3542  lr=0.0146048149436481  loss=3.27927710407302
step 3543  lr=0.0146019978478385  loss=3.32787062173805
step 3544  lr=0.0145991802886079  loss=2.26296082493304
step 3545  lr=0.01459636226624  loss=2.99546505274658
step 3546  lr=0.0145935437810185  loss=1.8820537704945
step 3547  lr=0.0145907248332273  loss=1.8071100180554
step 3548  lr=0.0145879054231502  loss=2.23606095487788
step 3549  lr=0.0145850855510711  loss=2.07971226925071
step 3550  lr=0.0145822652172741  loss=2.73343431053717
step 3551  lr=0.0145794444220431  loss=1.83358768299732
step 3552  lr=0.0145766231656622  loss=3.00713047966029
step 3553  lr=0.0145738014484154  loss=1.82234948204352
step 3554  lr=0.0145709792705869  loss=2.18606581623436
step 3555  lr=0.014568156632461  loss=3.06582901003221
step 3556  lr=0.0145653335343218  loss=2.99143173734046
step 3557  lr=0.0145625099764537  loss=2.01345016086996
step 3558  lr=0.0145596859591409  loss=1.9443585994707
step 3559  lr=0.0145568614826679  loss=1.78178692503787
step 3560  lr=0.014554036547319  loss=2.79668436824708
step 3561  lr=0.0145512111533788  loss=3.00610728846413
step 3562  lr=0.0145483853011318  loss=2.40122249324207
step 3563  lr=0.0145455589908625  loss=1.88477629468274
step 3564  lr=0.0145427322228555  loss=3.03768248874381
step 3565  lr=0.0145399049973955  loss=2.79127278234424
step 3566  lr=0.0145370773147672  loss=2.81093023191805
step 3567  lr=0.0145342491752553  loss=2.16428284375208
step 3568  lr=0.0145314205791447  loss=2.43390566610039
step 3569  lr=0.0145285915267201  loss=3.01425473049227
step 3570  lr=0.0145257620182665  loss=1.98086823311572
step 3571  lr=0.0145229320540688  loss=2.89346574366767
step 3572  lr=0.0145201016344119  loss=2.03307001861242
step 3573  lr=0.0145172707595809  loss=2.71704825161299
step 3574  lr=0.0145144394298609  loss=2.8998487774751
step 3575  lr=0.014511607645537  loss=1.97024482527428
step 3576  lr=0.0145087754068943  loss=2.98295009733678
step 3577  lr=0.0145059427142181  loss=3.13558271687478
step 3578  lr=0.0145031095677935  loss=2.574227652756
step 3579  lr=0.0145002759679059  loss=1.99787033004199
step 3580  lr=0.0144974419148407  loss=2.93256886991752
step 3581  lr=0.0144946074088831  loss=3.21909073940268
step 3582  lr=0.0144917724503188  loss=1.87289473094148
step 3583  lr=0.014488937039433  loss=2.90046222713118
step 3584  lr=0.0144861011765115  loss=2.94584203508436
step 3585  lr=0.0144832648618396  loss=2.62524949106707
step 3586  lr=0.0144804280957032  loss=2.13531921803054
step 3587  lr=0.0144775908783877  loss=2.04875594826081
step 3588  lr=0.014474753210179  loss=1.83889285690605
step 3589  lr=0.0144719150913627  loss=2.31928852542673
step 3590  lr=0.0144690765222247  loss=2.21288883690108
step 3591  lr=0.0144662375030508  loss=2.02391650457098
step 3592  lr=0.0144633980341269  loss=1.97734130918821
step 3593  lr=0.014460558115739  loss=2.01245496440582
step 3594  lr=0.014457717748173  loss=2.02152357728682
step 3595  lr=0.0144548769317149  loss=2.36039106203562
step 3596  lr=0.0144520356666508  loss=3.12952370754913
step 3597  lr=0.0144491939532669  loss=2.9632455556683
step 3598  lr=0.0144463517918493  loss=1.91442219089766
step 3599  lr=0.0144435091826841  loss=1.85695721946009
step 3600  lr=0.0144406661260577  loss=1.82922544024294
step 3601  lr=0.0144378226222564  loss=3.30941751223045
step 3602  lr=0.0144349786715664  loss=1.99676285152848
step 3603  lr=0.0144321342742742  loss=2.85201972887989
step 3604  lr=0.0144292894306662  loss=2.71009270275722
step 3605  lr=0.0144264441410289  loss=1.92155416453871
step 3606  lr=0.0144235984056488  loss=2.87469361169108
step 3607  lr=0.0144207522248124  loss=2.5852459469399
step 3608  lr=0.0144179055988064  loss=2.01340200817457
step 3609  lr=0.0144150585279175  loss=3.10131321935446
step 3610  lr=0.0144122110124322  loss=2.87830705960975
step 3611  lr=0.0144093630526374  loss=2.95577361023398
step 3612  lr=0.0144065146488199  loss=2.28079138475375
step 3613  lr=0.0144036658012665  loss=2.78861722772399
step 3614  lr=0.0144008165102641  loss=1.76783429139829
step 3615  lr=0.0143979667760996  loss=2.25423382973071
step 3616  lr=0.0143951165990599  loss=3.23115699956557
step 3617  lr=0.0143922659794321  loss=3.04488720480757
step 3618  lr=0.0143894149175032  loss=2.34449763226021
step 3619  lr=0.0143865634135604  loss=2.90332946527357
step 3620  lr=0.0143837114678908  loss=1.93961449840664
step 3621  lr=0.0143808590807815  loss=1.91830013875987
step 3622  lr=0.0143780062525199  loss=2.66356562530771
step 3623  lr=0.0143751529833931  loss=3.04456516559427
step 3624  lr=0.0143722992736886  loss=3.12075835046334
step 3625  lr=0.0143694451236936  loss=1.8146880100136
step 3626  lr=0.0143665905336956  loss=2.70484150717664
step 3627  lr=0.0143637355039821  loss=3.13798760598377
step 3628  lr=0.0143608800348406  loss=2.90042936330093
step 3629  lr=0.0143580241265585  loss=2.89602517412594
step 3630  lr=0.0143551677794235  loss=2.34992527086648
step 3631  lr=0.0143523109937233  loss=1.95080158372359
step 3632  lr=0.0143494537697454  loss=2.94083963228878
step 3633  lr=0.0143465961077777  loss=2.64078555277584
step 3634  lr=0.0143437380081079  loss=3.15786612420529
step 3635  lr=0.0143408794710238  loss=2.73804356325798
step 3636  lr=0.0143380204968132  loss=1.82590092778481
step 3637  lr=0.0143351610857641  loss=2.7664247599608
step 3638  lr=0.0143323012381643  loss=3.02428271128371
step 3639  lr=0.014329440954302  loss=2.78416659324951
step 3640  lr=0.0143265802344651  loss=2.52009979493418
step 3641  lr=0.0143237190789416  loss=2.7567257351368
step 3642  lr=0.0143208574880198  loss=2.93062907553614
step 3643  lr=0.0143179954619878  loss=2.87876903391593
step 3644  lr=0.0143151330011337  loss=2.83298252426584
step 3645  lr=0.0143122701057458  loss=2.88792623210049
step 3646  lr=0.0143094067761125  loss=1.8775838181783
step 3647  lr=0.014306543012522  loss=2.90811277155357
step 3648  lr=0.0143036788152628  loss=2.00935980472417
step 3649  lr=0.0143008141846232  loss=3.18110731425152
step 3650  lr=0.0142979491208917  loss=2.77077603988262
step 3651  lr=0.0142950836243569  loss=2.77546398486569
step 3652  lr=0.0142922176953073  loss=2.89196493716044
step 3653  lr=0.0142893513340315  loss=2.97906239038819
step 3654  lr=0.0142864845408181  loss=2.70527985516463
step 3655  lr=0.0142836173159558  loss=2.00219195031023
step 3656  lr=0.0142807496597334  loss=2.87708032845017
step 3657  lr=0.0142778815724396  loss=2.51738983614844
step 3658  lr=0.0142750130543633  loss=2.5319876370895
step 3659  lr=0.0142721441057932  loss=1.86148999971645
step 3660  lr=0.0142692747270184  loss=2.17700879626111
step 3661  lr=0.0142664049183277  loss=2.00147739346658
step 3662  lr=0.0142635346800102  loss=2.86040637524961
step 3663  lr=0.0142606640123548  loss=2.00848100184608
step 3664  lr=0.0142577929156507  loss=2.8850408617175
step 3665  lr=0.014254921390187  loss=1.83693797361523
step 3666  lr=0.0142520494362528  loss=2.71311967379536
step 3667  lr=0.0142491770541373  loss=2.90177378376275
step 3668  lr=0.0142463042441298  loss=2.88560383099971
step 3669  lr=0.0142434310065196  loss=1.88697722005867
step 3670  lr=0.014240557341596  loss=2.87670201002973
step 3671  lr=0.0142376832496484  loss=2.94631497878213
step 3672  lr=0.0142348087309662  loss=2.32071037635516
step 3673  lr=0.0142319337858389  loss=1.88150181804572
step 3674  lr=0.014229058414556  loss=2.50434486998151
step 3675  lr=0.014226182617407  loss=1.94837477682467
step 3676  lr=0.0142233063946815  loss=2.02366500358706
step 3677  lr=0.0142204297466692  loss=1.88093656590224
step 3678  lr=0.0142175526736598  loss=2.76796602928146
step 3679  lr=0.0142146751759428  loss=2.35186616357946
step 3680  lr=0.0142117972538083  loss=1.86006908379815
step 3681  lr=0.0142089189075458  loss=2.88740643661518
step 3682  lr=0.0142060401374453  loss=2.73098508231631
step 3683  lr=0.0142031609437968  loss=1.94839430038734
step 3684  lr=0.01420028132689  loss=2.88308883682953
step 3685  lr=0.014197401287015  loss=3.02964666248995
step 3686  lr=0.0141945208244618  loss=1.92502966929773
step 3687  lr=0.0141916399395204  loss=1.97430969823409
step 3688  lr=0.0141887586324811  loss=2.90199352725658
step 3689  lr=0.0141858769036339  loss=2.65471083280037
step 3690  lr=0.0141829947532689  loss=1.96238122396394
step 3691  lr=0.0141801121816765  loss=2.89514944226356
step 3692  lr=0.014177229189147  loss=1.91786569388185
step 3693  lr=0.0141743457759706  loss=1.91809946533358
step 3694  lr=0.0141714619424376  loss=2.83160011441752
step 3695  lr=0.0141685776888386  loss=3.04217908606827
step 3696  lr=0.0141656930154639  loss=1.90065020425605
step 3697  lr=0.014162807922604  loss=2.52308555768603
step 3698  lr=0.0141599224105495  loss=2.91729471521821
step 3699  lr=0.0141570364795909  loss=3.06851086317162
step 3700  lr=0.0141541501300189  loss=2.09469551888541
step 3701  lr=0.014151263362124  loss=3.33642307621711
step 3702  lr=0.0141483761761971  loss=3.29014957993612
step 3703  lr=0.0141454885725287  loss=2.80718707467629
step 3704  lr=0.0141426005514098  loss=1.89663201766571
step 3705  lr=0.0141397121131311  loss=3.03796950428301
step 3706  lr=0.0141368232579836  loss=2.24745955277726
step 3707  lr=0.014133933986258  loss=2.95166463934686
step 3708  lr=0.0141310442982454  loss=2.13018219035138
step 3709  lr=0.0141281541942368  loss=2.86824863883095
step 3710  lr=0.0141252636745231  loss=1.86316533322289
step 3711  lr=0.0141223727393955  loss=2.56910670858234
step 3712  lr=0.0141194813891451  loss=2.45193386487134
step 3713  lr=0.014116589624063  loss=2.37570899024435
step 3714  lr=0.0141136974444405  loss=2.34348869325846
step 3715  lr=0.0141108048505687  loss=2.99874720711397
step 3716  lr=0.014107911842739  loss=2.78846782663059
step 3717  lr=0.0141050184212427  loss=1.88563134151702
step 3718  lr=0.0141021245863711  loss=2.71679253552293
step 3719  lr=0.0140992303384157  loss=1.91373142513624
step 3720  lr=0.014096335677668  loss=2.06668608497583
step 3721  lr=0.0140934406044193  loss=2.0188280661194
step 3722  lr=0.0140905451189613  loss=2.67528386664501
step 3723  lr=0.0140876492215855  loss=2.39015175765572
step 3724  lr=0.0140847529125835  loss=1.94533512507127
step 3725  lr=0.014081856192247  loss=1.54241111852784
step 3726  lr=0.0140789590608677  loss=2.34219819656574
step 3727  lr=0.0140760615187374  loss=2.91793990706015
step 3728  lr=0.0140731635661478  loss=3.00570571778494
step 3729  lr=0.0140702652033907  loss=3.19276825147704
step 3730  lr=0.014067366430758  loss=1.93965913204595
step 3731  lr=0.0140644672485416  loss=2.91159471814844
step 3732  lr=0.0140615676570335  loss=1.95277389414549
step 3733  lr=0.0140586676565257  loss=2.8300675515643
step 3734  lr=0.0140557672473101  loss=2.03776697505424
step 3735  lr=0.0140528664296788  loss=2.08619141091376
step 3736  lr=0.0140499652039241  loss=1.81712865436315
step 3737  lr=0.0140470635703379  loss=3.17453192051953
step 3738  lr=0.0140441615292125  loss=1.95909484826368
step 3739  lr=0.0140412590808402  loss=2.04382665479457
step 3740  lr=0.0140383562255132  loss=1.83864935257554
step 3741  lr=0.0140354529635239  loss=2.79849350307534
step 3742  lr=0.0140325492951646  loss=3.07586834803379
step 3743  lr=0.0140296452207276  loss=2.03902261915601
step 3744  lr=0.0140267407405055  loss=2.00583018489176
step 3745  lr=0.0140238358547907  loss=2.93964286005586
step 3746  lr=0.0140209305638757  loss=1.36900072779254
step 3747  lr=0.0140180248680532  loss=2.91875763550065
step 3748  lr=0.0140151187676156  loss=2.49596188803854
step 3749  lr=0.0140122122628557  loss=1.81900568649975
step 3750  lr=0.0140093053540661  loss=2.85870520164677
step 3751  lr=0.0140063980415396  loss=1.89858466193717
step 3752  lr=0.014003490325569  loss=1.92742705868478
step 3753  lr=0.0140005822064469  loss=2.0081735315164
step 3754  lr=0.0139976736844663  loss=1.90750814726787
step 3755  lr=0.0139947647599201  loss=2.81626905524068
step 3756  lr=0.0139918554331012  loss=2.91859674843023
step 3757  lr=0.0139889457043026  loss=2.00113145839148
step 3758  lr=0.0139860355738173  loss=2.84233712703386
step 3759  lr=0.0139831250419382  loss=2.5389112692165
step 3760  lr=0.0139802141089586  loss=2.64258722356959
step 3761  lr=0.0139773027751716  loss=2.88575535824141
step 3762  lr=0.0139743910408702  loss=1.80827733073142
step 3763  lr=0.0139714789063478  loss=2.87341024254355
step 3764  lr=0.0139685663718976  loss=2.86092813379194
step 3765  lr=0.0139656534378128  loss=1.92679845811504
step 3766  lr=0.0139627401043869  loss=2.58028465697228
step 3767  lr=0.0139598263719131  loss=2.3694224355759
step 3768  lr=0.0139569122406849  loss=2.58612518662294
step 3769  lr=0.0139539977109958  loss=2.04115359017749
step 3770  lr=0.0139510827831392  loss=1.89555221942923
step 3771  lr=0.0139481674574087  loss=2.32254661911769
step 3772  lr=0.0139452517340978  loss=2.82909945475036
step 3773  lr=0.0139423356135002  loss=2.02050741675002
step 3774  lr=0.0139394190959095  loss=1.85388980488626
step 3775  lr=0.0139365021816194  loss=2.917993560535
step 3776  lr=0.0139335848709237  loss=2.23861556956371
step 3777  lr=0.013930667164116  loss=1.9844717906539
step 3778  lr=0.0139277490614903  loss=2.01637507195009
step 3779  lr=0.0139248305633403  loss=2.39583807360054
step 3780  lr=0.0139219116699601  loss=2.70558577423506
step 3781  lr=0.0139189923816434  loss=1.95811242369484
step 3782  lr=0.0139160726986843  loss=1.3591718749271
step 3783  lr=0.0139131526213768  loss=2.60983034414009
step 3784  lr=0.0139102321500149  loss=2.62840325922869
step 3785  lr=0.0139073112848927  loss=2.88965871671211
step 3786  lr=0.0139043900263045  loss=3.38041670720198
step 3787  lr=0.0139014683745442  loss=1.90693776807588
step 3788  lr=0.0138985463299062  loss=1.9462555519319
step 3789  lr=0.0138956238926847  loss=2.74073306021747
step 3790  lr=0.0138927010631739  loss=2.82429859878234
step 3791  lr=0.0138897778416683  loss=1.94327797866295
step 3792  lr=0.0138868542284621  loss=1.89370362357484
step 3793  lr=0.0138839302238499  loss=2.22958773834963
step 3794  lr=0.0138810058281259  loss=2.50477711790401
step 3795  lr=0.0138780810415848  loss=1.89478818405284
step 3796  lr=0.013875155864521  loss=1.9601578876554
step 3797  lr=0.0138722302972292  loss=2.86655981397791
step 3798  lr=0.0138693043400038  loss=1.96347225673849
step 3799  lr=0.0138663779931396  loss=2.85919180609873
step 3800  lr=0.0138634512569313  loss=2.91517489195266
step 3801  lr=0.0138605241316735  loss=2.72519148276168
step 3802  lr=0.013857596617661  loss=2.80801123133512
step 3803  lr=0.0138546687151887  loss=2.7110858658238
step 3804  lr=0.0138517404245514  loss=2.57502152406323
step 3805  lr=0.0138488117460438  loss=2.63259885630634
step 3806  lr=0.0138458826799611  loss=1.99925714676626
step 3807  lr=0.013842953226598  loss=2.00984378418971
step 3808  lr=0.0138400233862497  loss=2.85491747822996
step 3809  lr=0.0138370931592111  loss=1.76232093938085
step 3810  lr=0.0138341625457774  loss=2.62935484656831
step 3811  lr=0.0138312315462436  loss=2.92332738045852
step 3812  lr=0.0138283001609049  loss=1.35652150224282
step 3813  lr=0.0138253683900564  loss=2.27156397603762
step 3814  lr=0.0138224362339935  loss=3.00088542270197
step 3815  lr=0.0138195036930113  loss=2.70344396109481
step 3816  lr=0.0138165707674052  loss=2.7779125311791
step 3817  lr=0.0138136374574706  loss=1.90376554526433
step 3818  lr=0.0138107037635027  loss=3.09417425131652
step 3819  lr=0.0138077696857971  loss=1.92667013154894
step 3820  lr=0.0138048352246492  loss=2.76239148036877
step 3821  lr=0.0138019003803545  loss=2.81541123116153
step 3822  lr=0.0137989651532085  loss=1.89796434749586
step 3823  lr=0.0137960295435069  loss=3.05765764596217
step 3824  lr=0.0137930935515452  loss=2.58359596353297
step 3825  lr=0.013790157177619  loss=3.14493063212361
step 3826  lr=0.0137872204220241  loss=2.99651989166054
step 3827  lr=0.0137842832850563  loss=2.13897443409978
step 3828  lr=0.0137813457670112  loss=2.81498670080457
step 3829  lr=0.0137784078681847  loss=2.02614624548594
step 3830  lr=0.0137754695888726  loss=1.87153415172415
step 3831  lr=0.0137725309293708  loss=1.99351227334281
step 3832  lr=0.0137695918899753  loss=2.23939449004423
step 3833  lr=0.013766652470982  loss=1.89423804108965
step 3834  lr=0.0137637126726869  loss=1.85585170076979
step 3835  lr=0.013760772495386  loss=2.16920808009768
step 3836  lr=0.0137578319393754  loss=2.52783486419069
step 3837  lr=0.0137548910049513  loss=1.77933033336674
step 3838  lr=0.0137519496924097  loss=2.09069723617673
step 3839  lr=0.0137490080020469  loss=2.00303518038822
step 3840  lr=0.0137460659341591  loss=1.80408616509242
step 3841  lr=0.0137431234890426  loss=2.64881560668138
step 3842  lr=0.0137401806669936  loss=2.16641917324465
step 3843  lr=0.0137372374683086  loss=2.25219977298653
step 3844  lr=0.0137342938932838  loss=2.81521600452575
step 3845  lr=0.0137313499422157  loss=3.20627843617549
step 3846  lr=0.0137284056154008  loss=2.13836393359754
step 3847  lr=0.0137254609131356  loss=2.83819293968885
step 3848  lr=0.0137225158357165  loss=1.34779338114216
step 3849  lr=0.0137195703834402  loss=2.75901201911298
step 3850  lr=0.0137166245566033  loss=3.00496085826438
step 3851  lr=0.0137136783555023  loss=2.78291416046269
step 3852  lr=0.0137107317804341  loss=2.80417276009708
step 3853  lr=0.0137077848316953  loss=2.01129744735965
step 3854  lr=0.0137048375095826  loss=2.97856682199301
step 3855  lr=0.0137018898143929  loss=2.88054058531276
step 3856  lr=0.013698941746423  loss=2.73562444520052
step 3857  lr=0.0136959933059698  loss=2.81378765390131
step 3858  lr=0.0136930444933302  loss=2.57281126712933
step 3859  lr=0.013690095308801  loss=2.94061035462478
step 3860  lr=0.0136871457526794  loss=2.72586972415497
step 3861  lr=0.0136841958252623  loss=1.95482258418026
step 3862  lr=0.0136812455268468  loss=1.99662141732473
step 3863  lr=0.0136782948577299  loss=2.78300337318425
step 3864  lr=0.0136753438182089  loss=3.33495906881954
step 3865  lr=0.0136723924085808  loss=1.94037503232755
step 3866  lr=0.013669440629143  loss=2.20367959794721
step 3867  lr=0.0136664884801925  loss=2.84028808266083
step 3868  lr=0.0136635359620268  loss=3.16836140847817
step 3869  lr=0.0136605830749431  loss=2.88731529756866
step 3870  lr=0.0136576298192387  loss=1.94437932693392
step 3871  lr=0.0136546761952112  loss=2.59956064674767
step 3872  lr=0.0136517222031579  loss=2.2334627294627
step 3873  lr=0.0136487678433762  loss=2.07745729023158
step 3874  lr=0.0136458131161637  loss=2.83859884798604
step 3875  lr=0.0136428580218179  loss=1.87304014877951
step 3876  lr=0.0136399025606365  loss=3.01348629699788
step 3877  lr=0.0136369467329169  loss=2.69833399633047
step 3878  lr=0.0136339905389569  loss=2.01925785226479
step 3879  lr=0.0136310339790542  loss=2.82270782170132
step 3880  lr=0.0136280770535064  loss=1.81760799403938
step 3881  lr=0.0136251197626114  loss=2.97631740309908
step 3882  lr=0.0136221621066669  loss=1.34416106526736
step 3883  lr=0.0136192040859708  loss=2.83323565115667
step 3884  lr=0.0136162457008209  loss=1.86737556873276
step 3885  lr=0.0136132869515152  loss=2.7823668207053
step 3886  lr=0.0136103278383516  loss=2.82481826608868
step 3887  lr=0.0136073683616281  loss=2.81635135086263
step 3888  lr=0.0136044085216427  loss=1.92009792864005
step 3889  lr=0.0136014483186934  loss=1.78180899969714
step 3890  lr=0.0135984877530784  loss=1.88228484088433
step 3891  lr=0.0135955268250958  loss=1.95343172891599
step 3892  lr=0.0135925655350437  loss=2.79622977283238
step 3893  lr=0.0135896038832204  loss=2.27681544493991
step 3894  lr=0.0135866418699241  loss=2.7951413128489
step 3895  lr=0.013583679495453  loss=1.93087516692504
step 3896  lr=0.0135807167601055  loss=1.93918963942366
step 3897  lr=0.0135777536641799  loss=3.04498725538026
step 3898  lr=0.0135747902079746  loss=2.23709862909421
step 3899  lr=0.0135718263917881  loss=2.22836794507638
step 3900  lr=0.0135688622159187  loss=2.03405681639113
step 3901  lr=0.013565897680665  loss=1.84581706046392
step 3902  lr=0.0135629327863255  loss=1.99460186570852
step 3903  lr=0.0135599675331988  loss=1.86888243911192
step 3904  lr=0.0135570019215834  loss=2.78540480026507
step 3905  lr=0.0135540359517781  loss=2.81451137742224
step 3906  lr=0.0135510696240814  loss=2.68120197506793
step 3907  lr=0.0135481029387921  loss=3.28890050373452
step 3908  lr=0.0135451358962089  loss=2.56060035997401
step 3909  lr=0.0135421684966306  loss=1.86740010944691
step 3910  lr=0.0135392007403561  loss=2.08325449313201
step 3911  lr=0.0135362326276842  loss=1.73745359646505
step 3912  lr=0.0135332641589137  loss=2.18655665860481
step 3913  lr=0.0135302953343436  loss=2.83603197002444
step 3914  lr=0.0135273261542729  loss=1.76967333848842
step 3915  lr=0.0135243566190005  loss=2.81286410850503
step 3916  lr=0.0135213867288256  loss=2.58967226103143
step 3917  lr=0.013518416484047  loss=1.96154164276788
step 3918  lr=0.013515445884964  loss=2.80227348240755
step 3919  lr=0.0135124749318758  loss=2.77385575928608
step 3920  lr=0.0135095036250814  loss=1.89952110495628
step 3921  lr=0.01350653196488  loss=1.79233615017936
step 3922  lr=0.013503559951571  loss=2.80466991755726
step 3923  lr=0.0135005875854536  loss=1.754703312819
step 3924  lr=0.0134976148668272  loss=2.568229816013
step 3925  lr=0.013494641795991  loss=2.82115952886988
step 3926  lr=0.0134916683732445  loss=2.76496498876902
step 3927  lr=0.013488694598887  loss=1.96566539888724
step 3928  lr=0.0134857204732182  loss=2.93620632532149
step 3929  lr=0.0134827459965373  loss=2.75159654730843
step 3930  lr=0.0134797711691441  loss=2.79904600171089
step 3931  lr=0.0134767959913379  loss=2.00534101594626
step 3932  lr=0.0134738204634185  loss=3.03839262677154
step 3933  lr=0.0134708445856855  loss=3.08791695014155
step 3934  lr=0.0134678683584386  loss=2.28145910882576
step 3935  lr=0.0134648917819773  loss=2.28933763751402
step 3936  lr=0.0134619148566016  loss=1.90588885346524
step 3937  lr=0.0134589375826112  loss=2.62388288512432
step 3938  lr=0.0134559599603058  loss=2.918724070449
step 3939  lr=0.0134529819899853  loss=2.79894666041999
step 3940  lr=0.0134500036719497  loss=2.3740346016964
step 3941  lr=0.0134470250064988  loss=2.77370074987301
step 3942  lr=0.0134440459939326  loss=2.20927887928934
step 3943  lr=0.013441066634551  loss=2.8295806635325
step 3944  lr=0.0134380869286541  loss=1.94886449580047
step 3945  lr=0.0134351068765419  loss=2.96011534959388
step 3946  lr=0.0134321264785146  loss=2.73544886108955
step 3947  lr=0.0134291457348722  loss=3.21637005690202
step 3948  lr=0.013426164645915  loss=1.58048505206705
step 3949  lr=0.0134231832119431  loss=2.7597572014063
step 3950  lr=0.0134202014332567  loss=1.90624429706572
step 3951  lr=0.0134172193101561  loss=2.22905058264509
step 3952  lr=0.0134142368429416  loss=1.77546773505667
step 3953  lr=0.0134112540319136  loss=2.88680188833947
step 3954  lr=0.0134082708773724  loss=3.05049274566189
step 3955  lr=0.0134052873796184  loss=2.9610607279965
step 3956  lr=0.0134023035389521  loss=1.77949944344227
step 3957  lr=0.0133993193556739  loss=1.92948238707444
step 3958  lr=0.0133963348300843  loss=1.93658128819508
step 3959  lr=0.0133933499624839  loss=2.0851062483078
step 3960  lr=0.0133903647531732  loss=1.90164124161515
step 3961  lr=0.0133873792024529  loss=2.59794040384525
step 3962  lr=0.0133843933106236  loss=2.78996962551825
step 3963  lr=0.013381407077986  loss=3.060510992882
step 3964  lr=0.0133784205048408  loss=3.15982408784237
step 3965  lr=0.0133754335914888  loss=2.69526440568456
step 3966  lr=0.0133724463382307  loss=1.9232281221084
step 3967  lr=0.0133694587453673  loss=1.92432366512867
step 3968  lr=0.0133664708131995  loss=2.17975067259235
step 3969  lr=0.0133634825420282  loss=1.80986585673561
step 3970  lr=0.0133604939321543  loss=2.79790493912028
step 3971  lr=0.0133575049838788  loss=1.59167996616058
step 3972  lr=0.0133545156975026  loss=2.20595072036634
step 3973  lr=0.0133515260733267  loss=2.73690541670992
step 3974  lr=0.0133485361116523  loss=2.41744602391347
step 3975  lr=0.0133455458127804  loss=2.01659107968435
step 3976  lr=0.0133425551770121  loss=2.03090566902976
step 3977  lr=0.0133395642046485  loss=2.3641033728255
step 3978  lr=0.013336572895991  loss=3.07430021341111
step 3979  lr=0.0133335812513407  loss=2.91760624080532
step 3980  lr=0.0133305892709988  loss=2.17767773005753
step 3981  lr=0.0133275969552667  loss=1.84727869792803
step 3982  lr=0.0133246043044456  loss=2.33677381782978
step 3983  lr=0.013321611318837  loss=2.99873989800393
step 3984  lr=0.0133186179987423  loss=1.93318809151028
step 3985  lr=0.0133156243444627  loss=1.73494685495703
step 3986  lr=0.0133126303562999  loss=1.93621429207321
step 3987  lr=0.0133096360345554  loss=2.82736922965637
step 3988  lr=0.0133066413795305  loss=2.21257290127213
step 3989  lr=0.013303646391527  loss=2.06772456945635
step 3990  lr=0.0133006510708463  loss=1.87602362945348
step 3991  lr=0.0132976554177902  loss=1.89497065795016
step 3992  lr=0.0132946594326603  loss=2.44109344365694
step 3993  lr=0.0132916631157583  loss=2.64114414366237
step 3994  lr=0.0132886664673858  loss=1.91557938743854
step 3995  lr=0.0132856694878448  loss=2.86412619948316
step 3996  lr=0.0132826721774369  loss=3.15666333587059
step 3997  lr=0.013279674536464  loss=1.91751640998431
step 3998  lr=0.013276676565228  loss=2.87858773639783
step 3999  lr=0.0132736782640308  loss=2.68113733801094
step 4000  lr=0.0132706796331742  loss=1.94924217723217
step 4001  lr=0.0132676806729603  loss=2.46739678198166
step 4002  lr=0.013264681383691  loss=2.90571491563817
step 4003  lr=0.0132616817656685  loss=2.50858248044722
step 4004  lr=0.0132586818191946  loss=2.73072664726572
step 4005  lr=0.0132556815445716  loss=2.51468287768591
step 4006  lr=0.0132526809421015  loss=2.75171252697453
step 4007  lr=0.0132496800120865  loss=1.92928621165173
step 4008  lr=0.0132466787548289  loss=2.88360066329595
step 4009  lr=0.0132436771706308  loss=1.92786435249098
step 4010  lr=0.0132406752597945  loss=2.99219259819729
step 4011  lr=0.0132376730226223  loss=2.47911208108871
step 4012  lr=0.0132346704594165  loss=2.44678383547279
step 4013  lr=0.0132316675704795  loss=1.89709540441539
step 4014  lr=0.0132286643561136  loss=2.44008834569582
step 4015  lr=0.0132256608166213  loss=1.94238677014744
step 4016  lr=0.0132226569523051  loss=2.80373111398153
step 4017  lr=0.0132196527634674  loss=2.5808530598287
step 4018  lr=0.0132166482504108  loss=2.78902461660702
step 4019  lr=0.0132136434134377  loss=2.13567616219912
step 4020  lr=0.0132106382528509  loss=2.79655922766751
step 4021  lr=0.0132076327689529  loss=2.58835088287769
step 4022  lr=0.0132046269620463  loss=3.10248699269714
step 4023  lr=0.0132016208324339  loss=1.87704371564787
step 4024  lr=0.0131986143804184  loss=2.67458739621829
step 4025  lr=0.0131956076063025  loss=3.08855934204255
step 4026  lr=0.013192600510389  loss=2.70505089155737
step 4027  lr=0.0131895930929807  loss=1.85856532209442
step 4028  lr=0.0131865853543805  loss=1.75880121145619
step 4029  lr=0.0131835772948912  loss=2.95136097332948
step 4030  lr=0.0131805689148158  loss=1.91921440932482
step 4031  lr=0.0131775602144571  loss=2.75218231344905
step 4032  lr=0.0131745511941182  loss=2.63178966051014
step 4033  lr=0.0131715418541022  loss=3.04371755045033
step 4034  lr=0.0131685321947119  loss=2.60208957026795
step 4035  lr=0.0131655222162505  loss=2.80623109792984
step 4036  lr=0.0131625119190212  loss=2.35206825409987
step 4037  lr=0.013159501303327  loss=2.71067643543485
step 4038  lr=0.013156490369471  loss=2.22800619144199
step 4039  lr=0.0131534791177566  loss=3.00585822846621
step 4040  lr=0.0131504675484869  loss=2.52199735891239
step 4041  lr=0.0131474556619653  loss=2.971006787017
step 4042  lr=0.0131444434584949  loss=3.14742718881701
step 4043  lr=0.0131414309383791  loss=2.19299000380185
step 4044  lr=0.0131384181019214  loss=1.74568095742344
step 4045  lr=0.013135404949425  loss=1.47770318002714
step 4046  lr=0.0131323914811935  loss=1.85824021770606
step 4047  lr=0.0131293776975301  loss=2.80459153391891
step 4048  lr=0.0131263635987386  loss=1.97793779303147
step 4049  lr=0.0131233491851223  loss=2.94296481379596
step 4050  lr=0.0131203344569849  loss=1.84108785665417
step 4051  lr=0.0131173194146298  loss=2.82184306906623
step 4052  lr=0.0131143040583608  loss=1.9264444086196
step 4053  lr=0.0131112883884814  loss=1.91878506090939
step 4054  lr=0.0131082724052954  loss=2.0996339542753
step 4055  lr=0.0131052561091064  loss=3.18019730323349
step 4056  lr=0.0131022395002183  loss=2.92081853543422
step 4057  lr=0.0130992225789347  loss=2.02791669193259
step 4058  lr=0.0130962053455594  loss=2.98809466405848
step 4059  lr=0.0130931878003964  loss=2.12344381176399
step 4060  lr=0.0130901699437495  loss=2.31300381727258
step 4061  lr=0.0130871517759225  loss=2.10346557235027
step 4062  lr=0.0130841332972194  loss=2.11430539209734
step 4063  lr=0.0130811145079442  loss=1.81520184479153
step 4064  lr=0.0130780954084008  loss=2.19989135592348
step 4065  lr=0.0130750759988933  loss=1.94321287733541
step 4066  lr=0.0130720562797258  loss=3.03634072508796
step 4067  lr=0.0130690362512022  loss=2.04989722138328
step 4068  lr=0.0130660159136268  loss=3.06035719200799
step 4069  lr=0.0130629952673037  loss=2.17629560719349
step 4070  lr=0.0130599743125371  loss=2.81190768698451
step 4071  lr=0.0130569530496311  loss=2.00865838119323
step 4072  lr=0.01305393147889  loss=3.01464935621922
step 4073  lr=0.0130509096006181  loss=2.79648388364112
step 4074  lr=0.0130478874151197  loss=2.77478614433455
step 4075  lr=0.0130448649226991  loss=1.85726138511087
step 4076  lr=0.0130418421236607  loss=2.62996349676389
step 4077  lr=0.0130388190183088  loss=2.77094200381676
step 4078  lr=0.013035795606948  loss=1.89613511818691
step 4079  lr=0.0130327718898827  loss=2.74209971905654
step 4080  lr=0.0130297478674173  loss=1.90000820133438
step 4081  lr=0.0130267235398563  loss=2.41326115006925
step 4082  lr=0.0130236989075044  loss=2.74637850690302
step 4083  lr=0.0130206739706661  loss=2.60712218548954
step 4084  lr=0.0130176487296461  loss=1.93006683810811
step 4085  lr=0.0130146231847488  loss=2.5084125253785
step 4086  lr=0.0130115973362791  loss=2.79158821767862
step 4087  lr=0.0130085711845417  loss=1.83999379987909
step 4088  lr=0.0130055447298411  loss=2.50202514533959
step 4089  lr=0.0130025179724824  loss=3.03231748791048
step 4090  lr=0.0129994909127701  loss=2.73661216979595
step 4091  lr=0.0129964635510092  loss=2.19236976774356
step 4092  lr=0.0129934358875045  loss=1.82804739310411
step 4093  lr=0.0129904079225609  loss=2.99801725943294
step 4094  lr=0.0129873796564832  loss=2.04571717148192
step 4095  lr=0.0129843510895766  loss=2.67505563728098
step 4096  lr=0.0129813222221458  loss=1.70198422304599
step 4097  lr=0.012978293054496  loss=2.47385289662525
step 4098  lr=0.0129752635869322  loss=2.36958475009027
step 4099  lr=0.0129722338197594  loss=2.76745969815735
step 4100  lr=0.0129692037532828  loss=1.9500832092942
step 4101  lr=0.0129661733878074  loss=2.53462726563554
step 4102  lr=0.0129631427236384  loss=1.87899949741387
step 4103  lr=0.012960111761081  loss=2.32117830330675
step 4104  lr=0.0129570805004405  loss=1.84788570866601
step 4105  lr=0.012954048942022  loss=2.79282371330683
step 4106  lr=0.0129510170861309  loss=3.08122800412701
step 4107  lr=0.0129479849330724  loss=2.51932633409941
step 4108  lr=0.012944952483152  loss=1.89335652636486
step 4109  lr=0.0129419197366749  loss=1.88395314748174
step 4110  lr=0.0129388866939466  loss=1.93341729303183
step 4111  lr=0.0129358533552724  loss=2.08434719965796
step 4112  lr=0.0129328197209579  loss=1.96077886787724
step 4113  lr=0.0129297857913086  loss=1.95845067758683
step 4114  lr=0.0129267515666299  loss=2.76102284583829
step 4115  lr=0.0129237170472274  loss=1.92361317373571
step 4116  lr=0.0129206822334066  loss=1.83075929987816
step 4117  lr=0.0129176471254733  loss=3.10340137056176
step 4118  lr=0.0129146117237329  loss=2.01249612279323
step 4119  lr=0.0129115760284913  loss=2.76046270889434
step 4120  lr=0.012908540040054  loss=2.72276836983108
step 4121  lr=0.0129055037587268  loss=2.46534857056327
step 4122  lr=0.0129024671848155  loss=2.87260087707147
step 4123  lr=0.0128994303186258  loss=1.98519562243553
step 4124  lr=0.0128963931604635  loss=2.75197243935264
step 4125  lr=0.0128933557106345  loss=1.86028383721471
step 4126  lr=0.0128903179694447  loss=1.88978540953553
step 4127  lr=0.0128872799372  loss=1.68054920686883
step 4128  lr=0.0128842416142062  loss=2.96491065447488
step 4129  lr=0.0128812030007694  loss=2.6490310500454
step 4130  lr=0.0128781640971955  loss=2.89391858439608
step 4131  lr=0.0128751249037906  loss=1.90789649830046
step 4132  lr=0.0128720854208607  loss=2.94632517762057
step 4133  lr=0.0128690456487118  loss=2.69986247076675
step 4134  lr=0.0128660055876502  loss=1.9370848501002
step 4135  lr=0.0128629652379818  loss=2.21345211840816
step 4136  lr=0.0128599246000129  loss=1.9359455441406
step 4137  lr=0.0128568836740497  loss=1.35492140641839
step 4138  lr=0.0128538424603984  loss=2.17017682602473
step 4139  lr=0.0128508009593653  loss=2.89400937884624
step 4140  lr=0.0128477591712565  loss=2.57086176015191
step 4141  lr=0.0128447170963785  loss=2.73178927242562
step 4142  lr=0.0128416747350376  loss=2.7701878904219
step 4143  lr=0.01283863208754  loss=1.82814704149547
step 4144  lr=0.0128355891541924  loss=2.80781580317233
step 4145  lr=0.0128325459353009  loss=2.90676942982534
step 4146  lr=0.0128295024311722  loss=2.52756062656413
step 4147  lr=0.0128264586421126  loss=3.0375521508989
step 4148  lr=0.0128234145684288  loss=1.85381744634234
step 4149  lr=0.0128203702104271  loss=2.76960433330594
step 4150  lr=0.0128173255684143  loss=1.90846507908378
step 4151  lr=0.0128142806426969  loss=1.34593143906391
step 4152  lr=0.0128112354335814  loss=2.184341751021
step 4153  lr=0.0128081899413747  loss=2.77508423643935
step 4154  lr=0.0128051441663833  loss=1.97617965994048
step 4155  lr=0.0128020981089139  loss=2.55049492347573
step 4156  lr=0.0127990517692734  loss=2.75883226615494
step 4157  lr=0.0127960051477684  loss=3.02411563891463
step 4158  lr=0.0127929582447057  loss=1.94714868828492
step 4159  lr=0.0127899110603923  loss=2.67363591560856
step 4160  lr=0.0127868635951349  loss=2.85193750176815
step 4161  lr=0.0127838158492404  loss=2.93994135871448
step 4162  lr=0.0127807678230157  loss=2.64747402573177
step 4163  lr=0.0127777195167678  loss=2.82959030151378
step 4164  lr=0.0127746709308036  loss=2.06470158016242
step 4165  lr=0.0127716220654301  loss=1.92183431619128
step 4166  lr=0.0127685729209543  loss=2.20530648895823
step 4167  lr=0.0127655234976833  loss=2.70164920496022
step 4168  lr=0.0127624737959242  loss=1.8958225156867
step 4169  lr=0.0127594238159841  loss=1.80751010336031
step 4170  lr=0.01275637355817  loss=1.97312979598613
step 4171  lr=0.0127533230227892  loss=1.88928583049098
step 4172  lr=0.0127502722101488  loss=1.92076859409381
step 4173  lr=0.0127472211205562  loss=2.16770983976173
step 4174  lr=0.0127441697543184  loss=1.88337556001635
step 4175  lr=0.0127411181117428  loss=2.12281750500187
step 4176  lr=0.0127380661931367  loss=2.7731164751857
step 4177  lr=0.0127350139988073  loss=1.85100223647156
step 4178  lr=0.0127319615290622  loss=2.8136892917433
step 4179  lr=0.0127289087842086  loss=1.65489980866537
step 4180  lr=0.012725855764554  loss=1.88356515909117
step 4181  lr=0.0127228024704057  loss=1.81802580444539
step 4182  lr=0.0127197489020714  loss=2.81290411636073
step 4183  lr=0.0127166950598584  loss=2.4776224647757
step 4184  lr=0.0127136409440742  loss=1.85371646800718
step 4185  lr=0.0127105865550265  loss=2.82834473060266
step 4186  lr=0.0127075318930229  loss=1.70663899228525
step 4187  lr=0.0127044769583708  loss=2.7053198173781
step 4188  lr=0.0127014217513779  loss=1.90489614359046
step 4189  lr=0.012698366272352  loss=1.83345464423638
step 4190  lr=0.0126953105216007  loss=1.83458000323206
step 4191  lr=0.0126922544994316  loss=1.84782163087821
step 4192  lr=0.0126891982061527  loss=2.75727146940583
step 4193  lr=0.0126861416420715  loss=1.97882719627047
step 4194  lr=0.0126830848074959  loss=1.46681626910265
step 4195  lr=0.0126800277027338  loss=3.0302184999473
step 4196  lr=0.0126769703280929  loss=2.88473783284311
step 4197  lr=0.0126739126838813  loss=1.89843528100519
step 4198  lr=0.0126708547704066  loss=1.3159932843846
step 4199  lr=0.012667796587977  loss=1.8734085604889
step 4200  lr=0.0126647381369003  loss=1.87417487035295
step 4201  lr=0.0126616794174846  loss=1.80616377072195
step 4202  lr=0.0126586204300379  loss=2.82922204449762
step 4203  lr=0.0126555611748681  loss=1.84574562375367
step 4204  lr=0.0126525016522834  loss=2.18661559049447
step 4205  lr=0.0126494418625918  loss=2.70836695826045
step 4206  lr=0.0126463818061016  loss=1.92782767692841
step 4207  lr=0.0126433214831207  loss=2.92067379142704
step 4208  lr=0.0126402608939574  loss=3.10095313141154
step 4209  lr=0.01263720003892  loss=2.93474332135826
step 4210  lr=0.0126341389183166  loss=2.46461923253635
step 4211  lr=0.0126310775324554  loss=1.84022952721929
step 4212  lr=0.0126280158816449  loss=3.06802877786277
step 4213  lr=0.0126249539661931  loss=1.90272860532579
step 4214  lr=0.0126218917864086  loss=2.74216709318922
step 4215  lr=0.0126188293425997  loss=2.8005462454852
step 4216  lr=0.0126157666350748  loss=1.92688526982642
step 4217  lr=0.0126127036641421  loss=1.32428076829832
step 4218  lr=0.0126096404301104  loss=2.90519879606759
step 4219  lr=0.0126065769332879  loss=2.9214112971517
step 4220  lr=0.0126035131739831  loss=2.74189757588689
step 4221  lr=0.0126004491525047  loss=2.71744005311479
step 4222  lr=0.0125973848691611  loss=2.87146363243749
step 4223  lr=0.0125943203242609  loss=2.70464462139452
step 4224  lr=0.0125912555181127  loss=2.91486642956904
step 4225  lr=0.0125881904510252  loss=1.80829680216807
step 4226  lr=0.012585125123307  loss=2.57880068514951
step 4227  lr=0.0125820595352667  loss=1.98528438455485
step 4228  lr=0.0125789936872131  loss=2.86213700682003
step 4229  lr=0.0125759275794549  loss=2.17748338711526
step 4230  lr=0.0125728612123009  loss=2.61506176827035
step 4231  lr=0.0125697945860598  loss=1.85663711725284
step 4232  lr=0.0125667277010405  loss=2.82486930574424
step 4233  lr=0.0125636605575518  loss=1.91140496810592
step 4234  lr=0.0125605931559025  loss=2.07787526959737
step 4235  lr=0.0125575254964016  loss=1.89087249741664
step 4236  lr=0.0125544575793579  loss=2.00469729571872
step 4237  lr=0.0125513894050804  loss=1.84987814638478
step 4238  lr=0.0125483209738781  loss=2.75469930931278
step 4239  lr=0.0125452522860599  loss=2.7864586070648
step 4240  lr=0.0125421833419349  loss=2.90412220944649
step 4241  lr=0.0125391141418121  loss=1.84532145391901
step 4242  lr=0.0125360446860005  loss=1.88994196975822
step 4243  lr=0.0125329749748093  loss=2.86953191899532
step 4244  lr=0.0125299050085477  loss=2.83234166632185
step 4245  lr=0.0125268347875246  loss=2.02115181011247
step 4246  lr=0.0125237643120494  loss=1.9465584599226
step 4247  lr=0.0125206935824311  loss=2.46473508372575
step 4248  lr=0.0125176225989791  loss=2.98684037033359
step 4249  lr=0.0125145513620026  loss=3.20897319625647
step 4250  lr=0.0125114798718108  loss=2.09329636924468
step 4251  lr=0.012508408128713  loss=1.87480633174961
step 4252  lr=0.0125053361330187  loss=1.80336614878993
step 4253  lr=0.012502263885037  loss=1.79758896616903
step 4254  lr=0.0124991913850775  loss=2.56647563781503
step 4255  lr=0.0124961186334494  loss=2.77471032884893
step 4256  lr=0.0124930456304622  loss=2.83350179443916
step 4257  lr=0.0124899723764255  loss=2.67615361972471
step 4258  lr=0.0124868988716486  loss=2.63138128500353
step 4259  lr=0.012483825116441  loss=2.23109658687962
step 4260  lr=0.0124807511111123  loss=2.95278797955727
step 4261  lr=0.012477676855972  loss=2.81206592171728
step 4262  lr=0.0124746023513298  loss=3.12809382038099
step 4263  lr=0.0124715275974951  loss=2.56136971488937
step 4264  lr=0.0124684525947777  loss=1.90560476506261
step 4265  lr=0.0124653773434872  loss=2.29019525127704
step 4266  lr=0.0124623018439333  loss=2.08655709057776
step 4267  lr=0.0124592260964256  loss=2.91471172964572
step 4268  lr=0.0124561501012739  loss=2.80555440882429
step 4269  lr=0.012453073858788  loss=1.86194345959007
step 4270  lr=0.0124499973692776  loss=2.78694671334179
step 4271  lr=0.0124469206330526  loss=2.20661970789569
step 4272  lr=0.0124438436504227  loss=2.5751410178034
step 4273  lr=0.0124407664216978  loss=2.02893042256285
step 4274  lr=0.0124376889471878  loss=2.99470200246819
step 4275  lr=0.0124346112272026  loss=1.81583474994366
step 4276  lr=0.0124315332620521  loss=2.6224127341934
step 4277  lr=0.0124284550520463  loss=1.87062945599272
step 4278  lr=0.0124253765974951  loss=1.88547831027702
step 4279  lr=0.0124222978987086  loss=2.81789049889804
step 4280  lr=0.0124192189559967  loss=2.06679443154383
step 4281  lr=0.0124161397696695  loss=1.78496270467271
step 4282  lr=0.0124130603400372  loss=2.88181792527637
step 4283  lr=0.0124099806674097  loss=2.19975300553465
step 4284  lr=0.0124069007520972  loss=1.76628793462721
step 4285  lr=0.0124038205944099  loss=2.95541205411709
step 4286  lr=0.012400740194658  loss=2.06112092180803
step 4287  lr=0.0123976595531515  loss=1.94461083901812
step 4288  lr=0.0123945786702008  loss=1.89653481000452
step 4289  lr=0.0123914975461161  loss=2.75718432171026
step 4290  lr=0.0123884161812077  loss=2.50339658994219
step 4291  lr=0.0123853345757858  loss=1.95931278496733
step 4292  lr=0.0123822527301608  loss=1.76935113445755
step 4293  lr=0.012379170644643  loss=2.59124231749422
step 4294  lr=0.0123760883195428  loss=1.78476598861864
step 4295  lr=0.0123730057551706  loss=2.7620537313969
step 4296  lr=0.0123699229518367  loss=2.65212488120818
step 4297  lr=0.0123668399098517  loss=2.90245926104623
step 4298  lr=0.0123637566295259  loss=1.92529903536523
step 4299  lr=0.01236067311117  loss=3.00981665245351
step 4300  lr=0.0123575893550943  loss=2.66458905199011
step 4301  lr=0.0123545053616094  loss=2.57411764460314
step 4302  lr=0.0123514211310259  loss=2.84574912318606
step 4303  lr=0.0123483366636544  loss=1.86451919576576
step 4304  lr=0.0123452519598054  loss=2.81847336698158
step 4305  lr=0.0123421670197896  loss=2.29846087509091
step 4306  lr=0.0123390818439176  loss=2.38621898289205
step 4307  lr=0.0123359964325002  loss=2.68703983879453
step 4308  lr=0.012332910785848  loss=1.89068640402616
step 4309  lr=0.0123298249042718  loss=1.9048667801064
step 4310  lr=0.0123267387880822  loss=2.52750503884188
step 4311  lr=0.0123236524375901  loss=1.92120248143821
step 4312  lr=0.0123205658531063  loss=3.24678537415717
step 4313  lr=0.0123174790349416  loss=1.75364174902352
step 4314  lr=0.0123143919834068  loss=2.74482306585781
step 4315  lr=0.0123113046988127  loss=2.39303387970095
step 4316  lr=0.0123082171814704  loss=1.96271996817555
step 4317  lr=0.0123051294316906  loss=1.76016716080406
step 4318  lr=0.0123020414497844  loss=2.49393642299344
step 4319  lr=0.0122989532360627  loss=2.19259137539522
step 4320  lr=0.0122958647908364  loss=1.9116184044857
step 4321  lr=0.0122927761144166  loss=1.67980680441236
step 4322  lr=0.0122896872071144  loss=2.92163409639253
step 4323  lr=0.0122865980692406  loss=2.69728071966692
step 4324  lr=0.0122835087011066  loss=2.55331284058239
step 4325  lr=0.0122804191030232  loss=2.60128631585898
step 4326  lr=0.0122773292753017  loss=2.84855529425472
step 4327  lr=0.0122742392182533  loss=2.03097508130547
step 4328  lr=0.0122711489321889  loss=2.72464629882941
step 4329  lr=0.01226805841742  loss=3.14940898037535
step 4330  lr=0.0122649676742576  loss=2.56220638270022
step 4331  lr=0.0122618767030131  loss=1.95733927730632
step 4332  lr=0.0122587855039976  loss=1.86725978447182
step 4333  lr=0.0122556940775225  loss=2.77375527812013
step 4334  lr=0.0122526024238991  loss=2.75787412881902
step 4335  lr=0.0122495105434387  loss=2.17877930596937
step 4336  lr=0.0122464184364526  loss=3.06604537024562
step 4337  lr=0.0122433261032522  loss=2.88712616078749
step 4338  lr=0.012240233544149  loss=2.7309628771587
step 4339  lr=0.0122371407594543  loss=3.09574808036462
step 4340  lr=0.0122340477494795  loss=1.93159030798203
step 4341  lr=0.0122309545145363  loss=2.74848532412274
step 4342  lr=0.012227861054936  loss=2.69673999428263
step 4343  lr=0.0122247673709901  loss=1.98524307301637
step 4344  lr=0.0122216734630102  loss=2.25209609708593
step 4345  lr=0.0122185793313079  loss=1.89039078729513
step 4346  lr=0.0122154849761947  loss=2.53423389803429
step 4347  lr=0.0122123903979822  loss=2.75655947928048
step 4348  lr=0.012209295596982  loss=1.84818663640218
step 4349  lr=0.0122062005735059  loss=2.66794185715106
step 4350  lr=0.0122031053278654  loss=2.71781079321329
step 4351  lr=0.0122000098603723  loss=1.87100051548008
step 4352  lr=0.0121969141713382  loss=3.02724465767845
step 4353  lr=0.0121938182610749  loss=2.51702403146097
step 4354  lr=0.0121907221298942  loss=1.86678566277943
step 4355  lr=0.0121876257781079  loss=3.03819504194204
step 4356  lr=0.0121845292060277  loss=2.76889513231751
step 4357  lr=0.0121814324139654  loss=3.19308068946972
step 4358  lr=0.012178335402233  loss=2.77639963339782
step 4359  lr=0.0121752381711422  loss=1.73164848977853
step 4360  lr=0.0121721407210051  loss=2.81771431256617
step 4361  lr=0.0121690430521334  loss=2.62704988326541
step 4362  lr=0.0121659451648391  loss=2.59926121467807
step 4363  lr=0.0121628470594343  loss=2.21307084252228
step 4364  lr=0.0121597487362307  loss=1.68050492815913
step 4365  lr=0.0121566501955406  loss=2.73199200550972
step 4366  lr=0.0121535514376758  loss=2.51800799996375
step 4367  lr=0.0121504524629485  loss=1.75853558368549
step 4368  lr=0.0121473532716706  loss=2.0447480757028
step 4369  lr=0.0121442538641544  loss=2.17104137143243
step 4370  lr=0.0121411542407118  loss=2.26115050212236
step 4371  lr=0.0121380544016551  loss=3.00561831302566
step 4372  lr=0.0121349543472963  loss=2.57287623784485
step 4373  lr=0.0121318540779477  loss=1.88400908194288
step 4374  lr=0.0121287535939214  loss=1.75362388773348
step 4375  lr=0.0121256528955298  loss=1.88429065208492
step 4376  lr=0.0121225519830849  loss=2.50542737056679
step 4377  lr=0.0121194508568991  loss=2.74192812004443
step 4378  lr=0.0121163495172847  loss=1.81469393126656
step 4379  lr=0.0121132479645539  loss=2.7609290549618
step 4380  lr=0.0121101461990191  loss=1.90771553234659
step 4381  lr=0.0121070442209926  loss=3.12408795204399
step 4382  lr=0.0121039420307869  loss=1.86834742455885
step 4383  lr=0.0121008396287142  loss=1.85791803845687
step 4384  lr=0.0120977370150871  loss=2.08672489539827
step 4385  lr=0.0120946341902179  loss=3.02977641640623
step 4386  lr=0.0120915311544191  loss=2.68050554758394
step 4387  lr=0.0120884279080031  loss=2.80425476497544
step 4388  lr=0.0120853244512826  loss=3.04844744538722
step 4389  lr=0.0120822207845699  loss=1.89259143635014
step 4390  lr=0.0120791169081776  loss=2.97248756852162
step 4391  lr=0.0120760128224183  loss=2.72038676965225
step 4392  lr=0.0120729085276046  loss=2.08742202340507
step 4393  lr=0.012069804024049  loss=2.49816549768414
step 4394  lr=0.0120666993120643  loss=2.72880182642167
step 4395  lr=0.012063594391963  loss=2.82219260865226
step 4396  lr=0.0120604892640577  loss=2.23894120559519
step 4397  lr=0.0120573839286613  loss=1.81665152860962
step 4398  lr=0.0120542783860864  loss=2.54142279577325
step 4399  lr=0.0120511726366457  loss=2.0404780532919
step 4400  lr=0.0120480666806519  loss=1.78021965972128
step 4401  lr=0.0120449605184179  loss=1.9278167534421
step 4402  lr=0.0120418541502564  loss=2.67069624137083
step 4403  lr=0.0120387475764803  loss=2.94578600066429
step 4404  lr=0.0120356407974023  loss=2.7534594061909
step 4405  lr=0.0120325338133354  loss=2.3438018278172
step 4406  lr=0.0120294266245924  loss=2.70448733352506
step 4407  lr=0.0120263192314862  loss=1.96930894617718
step 4408  lr=0.0120232116343296  loss=1.81821456261056
step 4409  lr=0.0120201038334358  loss=1.9097023276677
step 4410  lr=0.0120169958291175  loss=2.42016405958027
step 4411  lr=0.0120138876216878  loss=2.09482534604862
step 4412  lr=0.0120107792114596  loss=2.66409816134698
step 4413  lr=0.0120076705987461  loss=2.19537214479417
step 4414  lr=0.0120045617838602  loss=1.85960186207416
step 4415  lr=0.012001452767115  loss=2.84792923120173
step 4416  lr=0.0119983435488235  loss=1.97591291593263
step 4417  lr=0.0119952341292989  loss=1.76810646237693
step 4418  lr=0.0119921245088542  loss=2.72659224426837
step 4419  lr=0.0119890146878027  loss=1.77620593568842
step 4420  lr=0.0119859046664575  loss=1.96323084738689
step 4421  lr=0.0119827944451317  loss=2.06218770200319
step 4422  lr=0.0119796840241385  loss=1.86530418414032
step 4423  lr=0.0119765734037913  loss=1.93109943151358
step 4424  lr=0.0119734625844031  loss=2.7445288941778
step 4425  lr=0.0119703515662873  loss=2.67077170470078
step 4426  lr=0.0119672403497572  loss=3.01641023004139
step 4427  lr=0.011964128935126  loss=1.91101073410593
step 4428  lr=0.0119610173227071  loss=2.86646880969566
step 4429  lr=0.0119579055128138  loss=1.3465159484393
step 4430  lr=0.0119547935057595  loss=2.70986747148221
step 4431  lr=0.0119516813018575  loss=2.12881337996078
step 4432  lr=0.0119485689014213  loss=2.19308072089565
step 4433  lr=0.0119454563047642  loss=1.97103933017722
step 4434  lr=0.0119423435121997  loss=2.29961075955981
step 4435  lr=0.0119392305240413  loss=1.94228231967524
step 4436  lr=0.0119361173406024  loss=1.88707007104454
step 4437  lr=0.0119330039621966  loss=2.82187325911778
step 4438  lr=0.0119298903891373  loss=2.8218091686557
step 4439  lr=0.0119267766217381  loss=2.1409029595865
step 4440  lr=0.0119236626603126  loss=1.91860853894961
step 4441  lr=0.0119205485051743  loss=1.95776489791121
step 4442  lr=0.0119174341566368  loss=2.59112284176988
step 4443  lr=0.0119143196150137  loss=3.06659261385821
step 4444  lr=0.0119112048806187  loss=3.11480973456101
step 4445  lr=0.0119080899537654  loss=1.75481465150366
step 4446  lr=0.0119049748347676  loss=2.78681913548959
step 4447  lr=0.0119018595239388  loss=1.92606265359177
step 4448  lr=0.0118987440215928  loss=2.58881807094347
step 4449  lr=0.0118956283280433  loss=2.52886622890377
step 4450  lr=0.0118925124436041  loss=2.26553635429455
step 4451  lr=0.011889396368589  loss=1.94459964853972
step 4452  lr=0.0118862801033117  loss=2.79864220769749
step 4453  lr=0.011883163648086  loss=2.67485846977053
step 4454  lr=0.0118800470032258  loss=1.68020936666913
step 4455  lr=0.0118769301690449  loss=2.63007741272185
step 4456  lr=0.0118738131458572  loss=3.08963913892101
step 4457  lr=0.0118706959339766  loss=2.76368784408118
step 4458  lr=0.011867578533717  loss=1.95329016845561
step 4459  lr=0.0118644609453922  loss=2.02316125067667
step 4460  lr=0.0118613431693163  loss=2.78254381512575
step 4461  lr=0.0118582252058032  loss=1.96546383671128
step 4462  lr=0.0118551070551668  loss=2.72469629590623
step 4463  lr=0.0118519887177212  loss=2.01915445498351
step 4464  lr=0.0118488701937804  loss=2.76969398562948
step 4465  lr=0.0118457514836585  loss=2.24162717938098
step 4466  lr=0.0118426325876694  loss=2.82308043586103
step 4467  lr=0.0118395135061272  loss=2.76447744939813
step 4468  lr=0.0118363942393461  loss=2.1555170273636
step 4469  lr=0.0118332747876401  loss=1.85034902656439
step 4470  lr=0.0118301551513234  loss=2.85840911201297
step 4471  lr=0.0118270353307102  loss=1.72926770259881
step 4472  lr=0.0118239153261145  loss=1.75961270130714
step 4473  lr=0.0118207951378506  loss=1.49571377156729
step 4474  lr=0.0118176747662327  loss=2.60017065462996
step 4475  lr=0.011814554211575  loss=1.34476586752578
step 4476  lr=0.0118114334741918  loss=2.09061332331192
step 4477  lr=0.0118083125543972  loss=2.39762919408493
step 4478  lr=0.0118051914525056  loss=2.79443606337337
step 4479  lr=0.0118020701688313  loss=2.0387178843005
step 4480  lr=0.0117989487036885  loss=1.98905750807636
step 4481  lr=0.0117958270573917  loss=2.90372986560652
step 4482  lr=0.0117927052302552  loss=3.02878341427695
step 4483  lr=0.0117895832225932  loss=1.96201017257509
step 4484  lr=0.0117864610347203  loss=1.31514100365138
step 4485  lr=0.0117833386669508  loss=1.31704634113055
step 4486  lr=0.0117802161195992  loss=2.77677182666268
step 4487  lr=0.0117770933929798  loss=2.79268978094082
step 4488  lr=0.0117739704874072  loss=1.81669580922183
step 4489  lr=0.0117708474031958  loss=1.9579477779988
step 4490  lr=0.0117677241406602  loss=2.74608694251591
step 4491  lr=0.0117646007001147  loss=2.74416349823733
step 4492  lr=0.011761477081874  loss=1.88413887619404
step 4493  lr=0.0117583532862526  loss=2.32989517691011
step 4494  lr=0.0117552293135651  loss=2.77891253252771
step 4495  lr=0.0117521051641261  loss=1.89742604970226
step 4496  lr=0.0117489808382501  loss=1.8661384862225
step 4497  lr=0.0117458563362517  loss=2.73003107676317
step 4498  lr=0.0117427316584457  loss=2.81408108966354
step 4499  lr=0.0117396068051467  loss=2.75502260903897
step 4500  lr=0.0117364817766693  loss=2.29733331536763
step 4501  lr=0.0117333565733282  loss=1.88612590450775
step 4502  lr=0.0117302311954382  loss=2.92385911549823
step 4503  lr=0.011727105643314  loss=2.97627691583164
step 4504  lr=0.0117239799172702  loss=1.86161009728666
step 4505  lr=0.0117208540176217  loss=2.91790651770558
step 4506  lr=0.0117177279446833  loss=1.89914863976484
step 4507  lr=0.0117146016987697  loss=2.757995500619
step 4508  lr=0.0117114752801958  loss=2.76672400452544
step 4509  lr=0.0117083486892764  loss=2.73213622844459
step 4510  lr=0.0117052219263262  loss=2.12349862401999
step 4511  lr=0.0117020949916603  loss=3.02918621369868
step 4512  lr=0.0116989678855935  loss=2.74733794702691
step 4513  lr=0.0116958406084406  loss=1.88629342876795
step 4514  lr=0.0116927131605167  loss=1.95390753898713
step 4515  lr=0.0116895855421366  loss=2.73719431531067
step 4516  lr=0.0116864577536152  loss=2.23429737233409
step 4517  lr=0.0116833297952676  loss=1.96619540549822
step 4518  lr=0.0116802016674088  loss=2.91386186360134
step 4519  lr=0.0116770733703537  loss=2.72896491673131
step 4520  lr=0.0116739449044173  loss=1.984286408818
step 4521  lr=0.0116708162699147  loss=1.96169624758169
step 4522  lr=0.011667687467161  loss=3.23097939392429
step 4523  lr=0.0116645584964712  loss=1.94288710934862
step 4524  lr=0.0116614293581604  loss=2.81263288706218
step 4525  lr=0.0116583000525437  loss=1.74046859977071
step 4526  lr=0.0116551705799363  loss=3.226601005295
step 4527  lr=0.0116520409406532  loss=2.56083281304813
step 4528  lr=0.0116489111350096  loss=1.53610659384964
step 4529  lr=0.0116457811633208  loss=1.88333500007942
step 4530  lr=0.0116426510259018  loss=2.83209788831743
step 4531  lr=0.0116395207230679  loss=1.88278547391703
step 4532  lr=0.0116363902551343  loss=2.79783488078785
step 4533  lr=0.0116332596224162  loss=2.78788243947454
step 4534  lr=0.011630128825229  loss=3.09532036935482
step 4535  lr=0.0116269978638878  loss=2.50993098189143
step 4536  lr=0.011623866738708  loss=2.22186055885176
step 4537  lr=0.0116207354500048  loss=2.89741269807075
step 4538  lr=0.0116176039980937  loss=1.40492204257415
step 4539  lr=0.0116144723832898  loss=2.65054163850366
step 4540  lr=0.0116113406059086  loss=2.58992988862187
step 4541  lr=0.0116082086662655  loss=2.56158237719136
step 4542  lr=0.0116050765646758  loss=2.86815113907251
step 4543  lr=0.011601944301455  loss=2.04350021203668
step 4544  lr=0.0115988118769183  loss=2.70936683126425
step 4545  lr=0.0115956792913814  loss=2.85029776392589
step 4546  lr=0.0115925465451596  loss=1.7376101590729
step 4547  lr=0.0115894136385685  loss=1.86148452100773
step 4548  lr=0.0115862805719234  loss=1.72286114450431
step 4549  lr=0.0115831473455399  loss=1.81798152770563
step 4550  lr=0.0115800139597335  loss=2.74642763524288
step 4551  lr=0.0115768804148197  loss=1.79103706199008
step 4552  lr=0.0115737467111142  loss=1.94223327308001
step 4553  lr=0.0115706128489324  loss=2.79858287285594
step 4554  lr=0.0115674788285899  loss=2.59695852880334
step 4555  lr=0.0115643446504023  loss=1.62229272532676
step 4556  lr=0.0115612103146853  loss=2.93974519686589
step 4557  lr=0.0115580758217544  loss=1.90309696087825
step 4558  lr=0.0115549411719254  loss=1.85986560619265
step 4559  lr=0.0115518063655138  loss=2.9245162359867
step 4560  lr=0.0115486714028353  loss=1.75402703023525
step 4561  lr=0.0115455362842057  loss=2.6651166416688
step 4562  lr=0.0115424010099406  loss=1.97331551294889
step 4563  lr=0.0115392655803558  loss=2.24987976070412
step 4564  lr=0.011536129995767  loss=2.55549050695481
step 4565  lr=0.0115329942564899  loss=1.90346579112456
step 4566  lr=0.0115298583628404  loss=1.86250310609639
step 4567  lr=0.0115267223151341  loss=1.9450843312417
step 4568  lr=0.011523586113687  loss=2.01163617060364
step 4569  lr=0.0115204497588148  loss=2.76029793268605
step 4570  lr=0.0115173132508333  loss=1.97589349107064
step 4571  lr=0.0115141765900584  loss=1.93014730226435
step 4572  lr=0.011511039776806  loss=3.01618786743724
step 4573  lr=0.011507902811392  loss=1.92513360371904
step 4574  lr=0.0115047656941321  loss=2.45911442957506
step 4575  lr=0.0115016284253424  loss=1.67040972993522
step 4576  lr=0.0114984910053387  loss=2.26886455704644
step 4577  lr=0.0114953534344371  loss=1.8914980603374
step 4578  lr=0.0114922157129534  loss=3.22677603296125
step 4579  lr=0.0114890778412036  loss=2.67994896405921
step 4580  lr=0.0114859398195037  loss=2.53075961740751
step 4581  lr=0.0114828016481697  loss=2.72631014630989
step 4582  lr=0.0114796633275177  loss=2.73625453972439
step 4583  lr=0.0114765248578635  loss=2.74817425608809
step 4584  lr=0.0114733862395234  loss=1.95893206181242
step 4585  lr=0.0114702474728133  loss=1.83280500100665
step 4586  lr=0.0114671085580493  loss=1.91003293400245
step 4587  lr=0.0114639694955476  loss=2.69877503327896
step 4588  lr=0.0114608302856241  loss=1.72138152768911
step 4589  lr=0.0114576909285951  loss=2.56412692489889
step 4590  lr=0.0114545514247766  loss=1.89915994801052
step 4591  lr=0.0114514117744849  loss=1.98348220437166
step 4592  lr=0.011448271978036  loss=1.97443495389524
step 4593  lr=0.0114451320357462  loss=1.64638148364574
step 4594  lr=0.0114419919479316  loss=1.89658399769331
step 4595  lr=0.0114388517149085  loss=1.7794642899182
step 4596  lr=0.011435711336993  loss=1.98236889883894
step 4597  lr=0.0114325708145015  loss=2.37370162453264
step 4598  lr=0.0114294301477501  loss=1.97692065633973
step 4599  lr=0.0114262893370551  loss=2.4732030749152
step 4600  lr=0.0114231483827329  loss=2.72280863366555
step 4601  lr=0.0114200072850996  loss=2.6810225567748
step 4602  lr=0.0114168660444716  loss=2.15774270563195
step 4603  lr=0.0114137246611653  loss=1.81252082901967
step 4604  lr=0.0114105831354969  loss=2.74090186945122
step 4605  lr=0.0114074414677829  loss=2.26698779298444
step 4606  lr=0.0114042996583395  loss=2.54633629625211
step 4607  lr=0.0114011577074832  loss=2.56509339727173
step 4608  lr=0.0113980156155303  loss=1.87766977967985
step 4609  lr=0.0113948733827974  loss=1.68763517528393
step 4610  lr=0.0113917310096007  loss=2.16566727485418
step 4611  lr=0.0113885884962567  loss=1.847620467509
step 4612  lr=0.0113854458430819  loss=2.80536544392986
step 4613  lr=0.0113823030503927  loss=1.89268332308573
step 4614  lr=0.0113791601185057  loss=1.70835826737517
step 4615  lr=0.0113760170477373  loss=2.67788256839173
step 4616  lr=0.011372873838404  loss=2.89980269067518
step 4617  lr=0.0113697304908223  loss=1.93110381562173
step 4618  lr=0.0113665870053089  loss=1.81195706291761
step 4619  lr=0.0113634433821801  loss=1.84600888681294
step 4620  lr=0.0113602996217526  loss=2.7906219766982
step 4621  lr=0.011357155724343  loss=2.70510937068253
step 4622  lr=0.0113540116902679  loss=2.70591532387405
step 4623  lr=0.0113508675198438  loss=1.73992375372622
step 4624  lr=0.0113477232133874  loss=1.87513869140422
step 4625  lr=0.0113445787712153  loss=1.80506823817682
step 4626  lr=0.0113414341936442  loss=2.89275880193383
step 4627  lr=0.0113382894809907  loss=2.02299964902451
step 4628  lr=0.0113351446335714  loss=2.88171893403904
step 4629  lr=0.0113319996517031  loss=1.98115944844896
step 4630  lr=0.0113288545357025  loss=2.62702070615952
step 4631  lr=0.0113257092858863  loss=2.81762147018418
step 4632  lr=0.0113225639025712  loss=3.17157161665571
step 4633  lr=0.011319418386074  loss=1.97077084397452
step 4634  lr=0.0113162727367113  loss=2.75482978947001
step 4635  lr=0.0113131269548001  loss=1.97588248770568
step 4636  lr=0.0113099810406569  loss=2.25743424904559
step 4637  lr=0.0113068349945987  loss=2.09022571264898
step 4638  lr=0.0113036888169423  loss=2.74180742462548
step 4639  lr=0.0113005425080045  loss=2.60488577154302
step 4640  lr=0.011297396068102  loss=1.70361145080572
step 4641  lr=0.0112942494975518  loss=1.93381664399519
step 4642  lr=0.0112911027966707  loss=2.71949771224772
step 4643  lr=0.0112879559657756  loss=1.91880010972554
step 4644  lr=0.0112848090051834  loss=2.61638045098655
step 4645  lr=0.0112816619152109  loss=2.74474505123228
step 4646  lr=0.0112785146961751  loss=1.80412266985138
step 4647  lr=0.011275367348393  loss=1.89926677739564
step 4648  lr=0.0112722198721813  loss=2.02339588700964
step 4649  lr=0.0112690722678572  loss=2.5966548947857
step 4650  lr=0.0112659245357375  loss=2.23987322462927
step 4651  lr=0.0112627766761392  loss=1.3013309549083
step 4652  lr=0.0112596286893794  loss=1.95665142075677
step 4653  lr=0.011256480575775  loss=2.74411416197265
step 4654  lr=0.011253332335643  loss=2.63734422309482
step 4655  lr=0.0112501839693005  loss=1.73520531880432
step 4656  lr=0.0112470354770646  loss=1.84393559186506
step 4657  lr=0.0112438868592521  loss=3.155110731318
step 4658  lr=0.0112407381161803  loss=2.66585267353747
step 4659  lr=0.0112375892481662  loss=2.45753428862905
step 4660  lr=0.0112344402555269  loss=1.90667572171668
step 4661  lr=0.0112312911385796  loss=1.74786316994584
step 4662  lr=0.0112281418976412  loss=3.07133894458875
step 4663  lr=0.0112249925330289  loss=2.7220617678209
step 4664  lr=0.01122184304506  loss=2.76900909458066
step 4665  lr=0.0112186934340515  loss=2.42180010718649
step 4666  lr=0.0112155437003206  loss=2.72501448747149
step 4667  lr=0.0112123938441844  loss=2.82843265992024
step 4668  lr=0.0112092438659603  loss=1.82482778785406
step 4669  lr=0.0112060937659653  loss=2.23060003900486
step 4670  lr=0.0112029435445167  loss=1.80840004093824
step 4671  lr=0.0111997932019318  loss=2.7222868371004
step 4672  lr=0.0111966427385277  loss=1.79454314831852
step 4673  lr=0.0111934921546217  loss=2.6667303740591
step 4674  lr=0.011190341450531  loss=1.31778254640925
step 4675  lr=0.0111871906265731  loss=1.79758709238627
step 4676  lr=0.011184039683065  loss=1.74644766557782
step 4677  lr=0.0111808886203242  loss=1.91009584392005
step 4678  lr=0.0111777374386679  loss=2.74087297793292
step 4679  lr=0.0111745861384136  loss=2.83896401683805
step 4680  lr=0.0111714347198784  loss=2.59791590484296
step 4681  lr=0.0111682831833798  loss=1.98168550042448
step 4682  lr=0.0111651315292351  loss=1.91198675716269
step 4683  lr=0.0111619797577616  loss=1.91198618055691
step 4684  lr=0.0111588278692769  loss=2.83592776401105
step 4685  lr=0.0111556758640982  loss=2.73586370880506
step 4686  lr=0.011152523742543  loss=1.85351435546442
step 4687  lr=0.0111493715049287  loss=2.21540475885001
step 4688  lr=0.0111462191515727  loss=1.9647247163314
step 4689  lr=0.0111430666827924  loss=2.71773772927628
step 4690  lr=0.0111399140989054  loss=2.54313817635767
step 4691  lr=0.0111367614002291  loss=2.27220662397938
step 4692  lr=0.0111336085870809  loss=2.71788180245781
step 4693  lr=0.0111304556597783  loss=1.67623718190315
step 4694  lr=0.011127302618639  loss=2.7754346265697
step 4695  lr=0.0111241494639802  loss=1.89260561652556
step 4696  lr=0.0111209961961197  loss=1.81420249520117
step 4697  lr=0.0111178428153748  loss=2.15108453693844
step 4698  lr=0.0111146893220633  loss=2.71548385634139
step 4699  lr=0.0111115357165025  loss=3.10132936202423
step 4700  lr=0.0111083819990101  loss=2.7851336928559
step 4701  lr=0.0111052281699037  loss=1.81510026897863
step 4702  lr=0.0111020742295008  loss=1.88311315255937
step 4703  lr=0.0110989201781191  loss=3.0557460450387
step 4704  lr=0.0110957660160762  loss=3.03326502307288
step 4705  lr=0.0110926117436896  loss=2.22838143825244
step 4706  lr=0.0110894573612771  loss=1.88007516952218
step 4707  lr=0.0110863028691563  loss=2.12580206661266
step 4708  lr=0.0110831482676447  loss=3.14951887082853
step 4709  lr=0.0110799935570602  loss=1.77839007914109
step 4710  lr=0.0110768387377204  loss=2.79471817655972
step 4711  lr=0.0110736838099429  loss=2.10078357495665
step 4712  lr=0.0110705287740455  loss=2.36089413477183
step 4713  lr=0.0110673736303459  loss=1.92803019500878
step 4714  lr=0.0110642183791618  loss=2.72479552066293
step 4715  lr=0.0110610630208109  loss=2.77818679523777
step 4716  lr=0.011057907555611  loss=3.00174102067393
step 4717  lr=0.0110547519838799  loss=2.93362223161695
step 4718  lr=0.0110515963059352  loss=2.56663415270575
step 4719  lr=0.0110484405220948  loss=1.84865177151406
step 4720  lr=0.0110452846326765  loss=2.87468380766348
step 4721  lr=0.0110421286379981  loss=1.89135485546098
step 4722  lr=0.0110389725383773  loss=2.77917735673527
step 4723  lr=0.0110358163341321  loss=1.78791462151414
step 4724  lr=0.0110326600255801  loss=2.90141493546399
step 4725  lr=0.0110295036130393  loss=1.90960484851043
step 4726  lr=0.0110263470968276  loss=2.75341408403133
step 4727  lr=0.0110231904772627  loss=2.36505036386801
step 4728  lr=0.0110200337546625  loss=1.84297831186989
step 4729  lr=0.011016876929345  loss=3.0058853719471
step 4730  lr=0.011013720001628  loss=2.93965956802591
step 4731  lr=0.0110105629718295  loss=1.88228899558801
step 4732  lr=0.0110074058402672  loss=3.09600735444121
step 4733  lr=0.0110042486072593  loss=2.90899288216563
step 4734  lr=0.0110010912731235  loss=2.83714686818222
step 4735  lr=0.0109979338381778  loss=2.56982268597993
step 4736  lr=0.0109947763027403  loss=1.83673189821078
step 4737  lr=0.0109916186671288  loss=2.78721190466767
step 4738  lr=0.0109884609316613  loss=1.8583437746452
step 4739  lr=0.0109853030966558  loss=2.21966728289372
step 4740  lr=0.0109821451624304  loss=2.65072553099078
step 4741  lr=0.0109789871293029  loss=1.83659408423129
step 4742  lr=0.0109758289975915  loss=2.74459692827487
step 4743  lr=0.0109726707676141  loss=1.84548985320881
step 4744  lr=0.0109695124396888  loss=2.69555045117006
step 4745  lr=0.0109663540141336  loss=2.69684582570524
step 4746  lr=0.0109631954912666  loss=1.88093621674566
step 4747  lr=0.0109600368714059  loss=2.18275719480694
step 4748  lr=0.0109568781548694  loss=2.89997765162958
step 4749  lr=0.0109537193419754  loss=2.19995590732489
step 4750  lr=0.0109505604330418  loss=1.88780846957767
step 4751  lr=0.0109474014283869  loss=2.4746105013834
step 4752  lr=0.0109442423283286  loss=2.44672709954449
step 4753  lr=0.0109410831331851  loss=1.94689202178241
step 4754  lr=0.0109379238432747  loss=1.69885369687094
step 4755  lr=0.0109347644589153  loss=1.99222697347845
step 4756  lr=0.0109316049804251  loss=1.72458308249969
step 4757  lr=0.0109284454081224  loss=1.72396723205202
step 4758  lr=0.0109252857423252  loss=1.89998466662407
step 4759  lr=0.0109221259833518  loss=2.95040317748775
step 4760  lr=0.0109189661315203  loss=1.97372513061111
step 4761  lr=0.0109158061871489  loss=2.67259863864575
step 4762  lr=0.0109126461505559  loss=2.55105485465061
step 4763  lr=0.0109094860220595  loss=2.20392671290176
step 4764  lr=0.0109063258019778  loss=2.54033026519251
step 4765  lr=0.0109031654906292  loss=1.80604762113772
step 4766  lr=0.0109000050883318  loss=2.62762050552527
step 4767  lr=0.0108968445954039  loss=1.87043265146166
step 4768  lr=0.0108936840121638  loss=1.72868644779632
step 4769  lr=0.0108905233389297  loss=1.85900951732053
step 4770  lr=0.01088736257602  loss=2.82149197368189
step 4771  lr=0.0108842017237529  loss=1.82515269874139
step 4772  lr=0.0108810407824466  loss=2.13637557521494
step 4773  lr=0.0108778797524197  loss=1.71294447026351
step 4774  lr=0.0108747186339902  loss=2.71353873249069
step 4775  lr=0.0108715574274766  loss=1.82532603046783
step 4776  lr=0.0108683961331972  loss=2.9637401832737
step 4777  lr=0.0108652347514703  loss=1.86026650379065
step 4778  lr=0.0108620732826143  loss=1.86729006052256
step 4779  lr=0.0108589117269475  loss=2.89047094953199
step 4780  lr=0.0108557500847884  loss=1.85464742182001
step 4781  lr=0.0108525883564552  loss=1.84257689730891
step 4782  lr=0.0108494265422665  loss=2.7778906305247
step 4783  lr=0.0108462646425405  loss=1.81367073157089
step 4784  lr=0.0108431026575956  loss=1.72789858943825
step 4785  lr=0.0108399405877504  loss=2.76874192191195
step 4786  lr=0.0108367784333232  loss=2.71853567108751
step 4787  lr=0.0108336161946324  loss=2.8835898610984
step 4788  lr=0.0108304538719964  loss=1.83520781474956
step 4789  lr=0.0108272914657338  loss=2.60071751503073
step 4790  lr=0.010824128976163  loss=2.18078140729574
step 4791  lr=0.0108209664036024  loss=2.73092624671221
step 4792  lr=0.0108178037483705  loss=2.10819809924634
step 4793  lr=0.0108146410107857  loss=2.05602668293193
step 4794  lr=0.0108114781911667  loss=1.87040333634532
step 4795  lr=0.0108083152898318  loss=2.88037266315418
step 4796  lr=0.0108051523070996  loss=1.73523662453096
step 4797  lr=0.0108019892432886  loss=1.85472879528896
step 4798  lr=0.0107988260987173  loss=2.04562976806194
step 4799  lr=0.0107956628737042  loss=1.76541846680592
step 4800  lr=0.0107924995685679  loss=2.00003743001026
step 4801  lr=0.0107893361836269  loss=2.73391307432431
step 4802  lr=0.0107861727191998  loss=2.72613791374049
step 4803  lr=0.0107830091756051  loss=1.81298313095747
step 4804  lr=0.0107798455531614  loss=2.09637226789535
step 4805  lr=0.0107766818521872  loss=2.6799784853606
step 4806  lr=0.0107735180730013  loss=2.70118003799284
step 4807  lr=0.0107703542159221  loss=2.67551765749493
step 4808  lr=0.0107671902812682  loss=2.15629835461459
step 4809  lr=0.0107640262693583  loss=2.6528401548092
step 4810  lr=0.010760862180511  loss=2.65091583665968
step 4811  lr=0.0107576980150448  loss=2.46625371802076
step 4812  lr=0.0107545337732785  loss=1.80933699801822
step 4813  lr=0.0107513694555307  loss=1.80344905113546
step 4814  lr=0.01074820506212  loss=1.93861551366816
step 4815  lr=0.010745040593365  loss=1.77725931373865
step 4816  lr=0.0107418760495845  loss=2.72495164594623
step 4817  lr=0.0107387114310971  loss=1.84612442060619
step 4818  lr=0.0107355467382215  loss=2.02493434927208
step 4819  lr=0.0107323819712763  loss=2.92041272980044
step 4820  lr=0.0107292171305803  loss=2.72961359463143
step 4821  lr=0.0107260522164522  loss=2.91695640305464
step 4822  lr=0.0107228872292106  loss=1.81101163572163
step 4823  lr=0.0107197221691742  loss=1.30540359519227
step 4824  lr=0.0107165570366619  loss=2.74132145984764
step 4825  lr=0.0107133918319923  loss=2.91468400188133
step 4826  lr=0.0107102265554842  loss=1.90468146190533
step 4827  lr=0.0107070612074563  loss=1.81506765893016
step 4828  lr=0.0107038957882273  loss=2.54719784255801
step 4829  lr=0.010700730298116  loss=2.2849113128782
step 4830  lr=0.0106975647374413  loss=2.62962128295567
step 4831  lr=0.0106943991065217  loss=1.65461617730381
step 4832  lr=0.0106912334056762  loss=2.88789295954864
step 4833  lr=0.0106880676352235  loss=1.64997296045727
step 4834  lr=0.0106849017954825  loss=1.69271575008435
step 4835  lr=0.0106817358867718  loss=1.78171203383569
step 4836  lr=0.0106785699094103  loss=2.93704355433164
step 4837  lr=0.0106754038637169  loss=1.8780138718834
step 4838  lr=0.0106722377500103  loss=1.95074069976244
step 4839  lr=0.0106690715686094  loss=1.77801723782433
step 4840  lr=0.010665905319833  loss=2.32714282530834
step 4841  lr=0.010662739004  loss=1.67548760703535
step 4842  lr=0.0106595726214292  loss=1.88078150362362
step 4843  lr=0.0106564061724394  loss=1.90068036930417
step 4844  lr=0.0106532396573495  loss=2.74596560527695
step 4845  lr=0.0106500730764784  loss=1.92852886088451
step 4846  lr=0.010646906430145  loss=1.85649785589165
step 4847  lr=0.0106437397186681  loss=2.88027613809122
step 4848  lr=0.0106405729423667  loss=2.80812634005662
step 4849  lr=0.0106374061015596  loss=2.08109353950915
step 4850  lr=0.0106342391965656  loss=1.89193554808694
step 4851  lr=0.0106310722277039  loss=2.70891596689101
step 4852  lr=0.0106279051952931  loss=2.88441868828013
step 4853  lr=0.0106247380996524  loss=1.56794648835743
step 4854  lr=0.0106215709411005  loss=2.19315472280687
step 4855  lr=0.0106184037199564  loss=1.80527865496656
step 4856  lr=0.0106152364365391  loss=2.17979281117427
step 4857  lr=0.0106120690911676  loss=1.96145818976384
step 4858  lr=0.0106089016841606  loss=2.282264506382
step 4859  lr=0.0106057342158373  loss=3.06107698450814
step 4860  lr=0.0106025666865166  loss=2.8659963454975
step 4861  lr=0.0105993990965174  loss=1.85605455771936
step 4862  lr=0.0105962314461588  loss=2.78202542460022
step 4863  lr=0.0105930637357596  loss=2.98136418400138
step 4864  lr=0.010589895965639  loss=2.21678093950737
step 4865  lr=0.0105867281361158  loss=1.9891575853652
step 4866  lr=0.0105835602475092  loss=1.73854064091942
step 4867  lr=0.010580392300138  loss=3.05825203954853
step 4868  lr=0.0105772242943214  loss=2.21738014451936
step 4869  lr=0.0105740562303782  loss=2.12328520150885
step 4870  lr=0.0105708881086277  loss=2.99535196734493
step 4871  lr=0.0105677199293887  loss=2.54628949987799
step 4872  lr=0.0105645516929803  loss=1.95693272036396
step 4873  lr=0.0105613833997216  loss=1.77468649152756
step 4874  lr=0.0105582150499316  loss=1.43607939175186
step 4875  lr=0.0105550466439294  loss=2.75190564765762
step 4876  lr=0.010551878182034  loss=1.84607681634375
step 4877  lr=0.0105487096645644  loss=2.83229852677861
step 4878  lr=0.0105455410918399  loss=2.77093748673925
step 4879  lr=0.0105423724641793  loss=1.94594393876561
step 4880  lr=0.0105392037819019  loss=2.76077874078368
step 4881  lr=0.0105360350453266  loss=1.83007530144463
step 4882  lr=0.0105328662547726  loss=2.82163109816282
step 4883  lr=0.010529697410559  loss=2.02604770187442
step 4884  lr=0.0105265285130049  loss=2.75157304342465
step 4885  lr=0.0105233595624294  loss=1.82568724494435
step 4886  lr=0.0105201905591516  loss=1.95078743353827
step 4887  lr=0.0105170215034907  loss=2.08903029256647
step 4888  lr=0.0105138523957656  loss=2.52984071258809
step 4889  lr=0.0105106832362957  loss=2.70588468216668
step 4890  lr=0.0105075140253999  loss=2.62126809886686
step 4891  lr=0.0105043447633976  loss=2.25248029474872
step 4892  lr=0.0105011754506077  loss=1.9122189378862
step 4893  lr=0.0104980060873494  loss=1.82869563079932
step 4894  lr=0.010494836673942  loss=1.81987018695542
step 4895  lr=0.0104916672107045  loss=2.4021011888438
step 4896  lr=0.0104884976979561  loss=2.7399431983177
step 4897  lr=0.0104853281360161  loss=1.71555524873042
step 4898  lr=0.0104821585252035  loss=1.88697228868862
step 4899  lr=0.0104789888658375  loss=2.75105885685006
step 4900  lr=0.0104758191582374  loss=1.32053832126753
step 4901  lr=0.0104726494027223  loss=1.8109779027385
step 4902  lr=0.0104694795996115  loss=2.63818924751056
step 4903  lr=0.010466309749224  loss=2.7159724546501
step 4904  lr=0.0104631398518792  loss=1.82361500037547
step 4905  lr=0.0104599699078962  loss=2.11664556984993
step 4906  lr=0.0104567999175942  loss=2.5516973366804
step 4907  lr=0.0104536298812925  loss=2.71671100810457
step 4908  lr=0.0104504597993103  loss=2.72397147028214
step 4909  lr=0.0104472896719668  loss=2.68527264295305
step 4910  lr=0.0104441194995813  loss=2.70006075754483
step 4911  lr=0.0104409492824729  loss=1.9618289419632
step 4912  lr=0.0104377790209609  loss=2.56675348269624
step 4913  lr=0.0104346087153646  loss=1.96107421072108
step 4914  lr=0.0104314383660032  loss=1.93490354841964
step 4915  lr=0.010428267973196  loss=2.10532997972178
step 4916  lr=0.0104250975372622  loss=2.70310886872861
step 4917  lr=0.0104219270585211  loss=2.67918938712503
step 4918  lr=0.010418756537292  loss=2.70218210478077
step 4919  lr=0.0104155859738941  loss=2.0443387681099
step 4920  lr=0.0104124153686467  loss=1.85329545534059
step 4921  lr=0.010409244721869  loss=1.82062187827554
step 4922  lr=0.0104060740338805  loss=2.80201834145398
step 4923  lr=0.0104029033050003  loss=2.96502225855214
step 4924  lr=0.0103997325355477  loss=2.801970478757
step 4925  lr=0.0103965617258421  loss=1.89040317898065
step 4926  lr=0.0103933908762028  loss=2.50801071232791
step 4927  lr=0.0103902199869489  loss=2.59441149249973
step 4928  lr=0.0103870490584  loss=2.78406695814627
step 4929  lr=0.0103838780908752  loss=2.31592608383092
step 4930  lr=0.0103807070846939  loss=2.79315469269425
step 4931  lr=0.0103775360401754  loss=2.69990150665743
step 4932  lr=0.010374364957639  loss=1.77217012625121
step 4933  lr=0.0103711938374041  loss=2.74512573546105
step 4934  lr=0.01036802267979  loss=3.02694470962411
step 4935  lr=0.010364851485116  loss=3.14467071541753
step 4936  lr=0.0103616802537015  loss=2.70762881417134
step 4937  lr=0.0103585089858658  loss=2.3260301271791
step 4938  lr=0.0103553376819283  loss=3.04680745892129
step 4939  lr=0.0103521663422082  loss=1.71886619654352
step 4940  lr=0.010348994967025  loss=1.89713681651924
step 4941  lr=0.010345823556698  loss=2.68089414329701
step 4942  lr=0.0103426521115466  loss=2.20594502660764
step 4943  lr=0.0103394806318902  loss=2.75763864595078
step 4944  lr=0.010336309118048  loss=2.04980011390889
step 4945  lr=0.0103331375703396  loss=2.05323137979316
step 4946  lr=0.0103299659890842  loss=2.58530135687818
step 4947  lr=0.0103267943746012  loss=2.15133033820852
step 4948  lr=0.01032362272721  loss=2.20593895329302
step 4949  lr=0.0103204510472301  loss=2.06304769120242
step 4950  lr=0.0103172793349807  loss=2.87884899418834
step 4951  lr=0.0103141075907813  loss=2.85806385215777
step 4952  lr=0.0103109358149513  loss=1.90232302959631
step 4953  lr=0.01030776400781  loss=2.4443267284315
step 4954  lr=0.0103045921696769  loss=1.85233724456504
step 4955  lr=0.0103014203008714  loss=1.78008008088807
step 4956  lr=0.0102982484017129  loss=2.71841025464405
step 4957  lr=0.0102950764725208  loss=2.31993237319105
step 4958  lr=0.0102919045136145  loss=1.7795323539983
step 4959  lr=0.0102887325253134  loss=1.72883662504267
step 4960  lr=0.010285560507937  loss=3.0939374640643
step 4961  lr=0.0102823884618046  loss=2.09039477614903
step 4962  lr=0.0102792163872357  loss=1.9516830472059
step 4963  lr=0.0102760442845497  loss=1.74537165242742
step 4964  lr=0.0102728721540661  loss=2.78527824009922
step 4965  lr=0.0102696999961042  loss=2.14857205086334
step 4966  lr=0.0102665278109836  loss=1.87805433629143
step 4967  lr=0.0102633555990236  loss=2.65957395501468
step 4968  lr=0.0102601833605438  loss=2.02284606512803
step 4969  lr=0.0102570110958634  loss=2.04138919136703
step 4970  lr=0.0102538388053021  loss=1.88636236202993
step 4971  lr=0.0102506664891792  loss=1.8110321728466
step 4972  lr=0.0102474941478142  loss=2.46953818924077
step 4973  lr=0.0102443217815265  loss=1.84545617094406
step 4974  lr=0.0102411493906357  loss=2.82829118597253
step 4975  lr=0.0102379769754611  loss=1.73607084042556
step 4976  lr=0.0102348045363222  loss=3.11065116624391
step 4977  lr=0.0102316320735385  loss=2.02643135470439
step 4978  lr=0.0102284595874295  loss=2.88093477653893
step 4979  lr=0.0102252870783146  loss=2.05573058111338
step 4980  lr=0.0102221145465133  loss=2.72027848195357
step 4981  lr=0.0102189419923451  loss=2.31271101454919
step 4982  lr=0.0102157694161294  loss=1.79715211856256
step 4983  lr=0.0102125968181857  loss=2.11994915552601
step 4984  lr=0.0102094241988336  loss=2.93111747323435
step 4985  lr=0.0102062515583924  loss=2.04530431348968
step 4986  lr=0.0102030788971817  loss=2.16932533400617
step 4987  lr=0.010199906215521  loss=1.84096164849203
step 4988  lr=0.0101967335137297  loss=2.74978350388344
step 4989  lr=0.0101935607921274  loss=2.52684172896928
step 4990  lr=0.0101903880510335  loss=1.8934627122601
step 4991  lr=0.0101872152907675  loss=2.56186550764483
step 4992  lr=0.0101840425116489  loss=2.84451863211546
step 4993  lr=0.0101808697139973  loss=2.2019691877823
step 4994  lr=0.0101776968981321  loss=2.0848836715372
step 4995  lr=0.0101745240643728  loss=1.99555801061061
step 4996  lr=0.010171351213039  loss=2.69689445870571
step 4997  lr=0.0101681783444501  loss=2.920376949829
step 4998  lr=0.0101650054589256  loss=2.28123625795201
step 4999  lr=0.0101618325567851  loss=2.57216891676807
step 5000  lr=0.0101586596383481  loss=1.8666064861844
step 5001  lr=0.010155486703934  loss=2.41080673816698
step 5002  lr=0.0101523137538624  loss=2.74328437217799
step 5003  lr=0.0101491407884529  loss=1.34030131536973
step 5004  lr=0.0101459678080249  loss=2.90453511619636
step 5005  lr=0.0101427948128979  loss=2.77661604695792
step 5006  lr=0.0101396218033915  loss=2.03562944930041
step 5007  lr=0.0101364487798251  loss=2.69290664113236
step 5008  lr=0.0101332757425184  loss=2.73688143822205
step 5009  lr=0.0101301026917908  loss=1.9421389476635
step 5010  lr=0.0101269296279619  loss=1.84869323786436
step 5011  lr=0.0101237565513512  loss=1.87533635262141
step 5012  lr=0.0101205834622782  loss=2.20807955251398
step 5013  lr=0.0101174103610624  loss=2.58800654761434
step 5014  lr=0.0101142372480234  loss=2.75842941529839
step 5015  lr=0.0101110641234807  loss=2.08478622929815
step 5016  lr=0.0101078909877539  loss=2.58475809918716
step 5017  lr=0.0101047178411625  loss=1.84705978102207
step 5018  lr=0.0101015446840259  loss=1.84990986028625
step 5019  lr=0.0100983715166639  loss=2.59082735520907
step 5020  lr=0.0100951983393958  loss=2.95001673147419
step 5021  lr=0.0100920251525412  loss=1.50136706909204
step 5022  lr=0.0100888519564197  loss=2.75818003050596
step 5023  lr=0.0100856787513509  loss=1.81368915562444
step 5024  lr=0.0100825055376541  loss=2.39769395348669
step 5025  lr=0.0100793323156491  loss=1.82733014718502
step 5026  lr=0.0100761590856553  loss=1.79320812115597
step 5027  lr=0.0100729858479923  loss=2.56451949997058
step 5028  lr=0.0100698126029796  loss=1.90415659149539
step 5029  lr=0.0100666393509368  loss=2.46984075695241
step 5030  lr=0.0100634660921834  loss=2.80715663105571
step 5031  lr=0.010060292827039  loss=2.03773029161959
step 5032  lr=0.0100571195558231  loss=1.8800367581126
step 5033  lr=0.0100539462788552  loss=2.31435725348456
step 5034  lr=0.010050772996455  loss=1.84759803671106
step 5035  lr=0.0100475997089419  loss=1.97888736798934
step 5036  lr=0.0100444264166356  loss=2.7246308562951
step 5037  lr=0.0100412531198555  loss=1.7818696447442
step 5038  lr=0.0100380798189212  loss=1.82588569151809
step 5039  lr=0.0100349065141522  loss=1.78834635050771
step 5040  lr=0.0100317332058682  loss=2.69921812201534
step 5041  lr=0.0100285598943887  loss=3.10315967719908
step 5042  lr=0.0100253865800332  loss=2.41738793958464
step 5043  lr=0.0100222132631212  loss=1.70572516628857
step 5044  lr=0.0100190399439724  loss=2.7613823795683
step 5045  lr=0.0100158666229062  loss=2.47102215925364
step 5046  lr=0.0100126933002423  loss=2.70626634190958
step 5047  lr=0.0100095199763002  loss=2.44538652535089
step 5048  lr=0.0100063466513994  loss=1.87905248441795
step 5049  lr=0.0100031733258595  loss=1.63394902354277
step 5050  lr=0.01  loss=1.96013206298652
step 5051  lr=0.00999682667414054  loss=2.09382496154893
step 5052  lr=0.00999365334860064  loss=2.74615454328882
step 5053  lr=0.00999048002369985  loss=1.78877663442316
step 5054  lr=0.00998730669975771  loss=1.97771636043974
step 5055  lr=0.00998413337709379  loss=1.96618898966468
step 5056  lr=0.00998096005602764  loss=2.21691800828638
step 5057  lr=0.00997778673687881  loss=2.02478142752676
step 5058  lr=0.00997461341996685  loss=2.61225529478525
step 5059  lr=0.00997144010561133  loss=2.73804850413561
step 5060  lr=0.00996826679413178  loss=2.71201222518204
step 5061  lr=0.00996509348584777  loss=2.17352154821021
step 5062  lr=0.00996192018107883  loss=1.9353161334003
step 5063  lr=0.00995874688014455  loss=1.87794462155619
step 5064  lr=0.00995557358336444  loss=2.18265405809647
step 5065  lr=0.00995240029105808  loss=1.96168342089041
step 5066  lr=0.009949227003545  loss=2.77020057094535
step 5067  lr=0.00994605372114476  loss=2.96396843507868
step 5068  lr=0.00994288044417692  loss=1.79578263655209
step 5069  lr=0.00993970717296101  loss=2.50637681082932
step 5070  lr=0.00993653390781658  loss=2.53577772053552
step 5071  lr=0.00993336064906319  loss=2.75199137700506
step 5072  lr=0.00993018739702039  loss=2.37381620500939
step 5073  lr=0.0099270141520077  loss=1.83134661995357
step 5074  lr=0.00992384091434469  loss=1.90495613101798
step 5075  lr=0.00992066768435091  loss=2.66039117192484
step 5076  lr=0.00991749446234588  loss=2.08361993433619
step 5077  lr=0.00991432124864915  loss=2.7127981337276
step 5078  lr=0.00991114804358027  loss=1.92401413708767
step 5079  lr=0.00990797484745879  loss=2.49031283149307
step 5080  lr=0.00990480166060423  loss=3.00914795220438
step 5081  lr=0.00990162848333615  loss=2.64625806503698
step 5082  lr=0.00989845531597407  loss=2.71049524954842
step 5083  lr=0.00989528215883755  loss=2.47194845919254
step 5084  lr=0.0098921090122461  loss=1.79283193874233
step 5085  lr=0.00988893587651927  loss=2.9415686601395
step 5086  lr=0.0098857627519766  loss=1.83937999762111
step 5087  lr=0.00988258963893762  loss=1.77741424021217
step 5088  lr=0.00987941653772185  loss=2.19805341918868
step 5089  lr=0.00987624344864884  loss=2.83120804110049
step 5090  lr=0.0098730703720381  loss=2.84735835882718
step 5091  lr=0.00986989730820919  loss=2.74808713066214
step 5092  lr=0.0098667242574816  loss=2.62823047648168
step 5093  lr=0.00986355122017488  loss=2.71577742622625
step 5094  lr=0.00986037819660855  loss=2.46334532063467
step 5095  lr=0.00985720518710213  loss=2.73666650075452
step 5096  lr=0.00985403219197514  loss=1.78343149616961
step 5097  lr=0.00985085921154711  loss=2.7684623457764
step 5098  lr=0.00984768624613755  loss=1.92176188574424
step 5099  lr=0.00984451329606598  loss=1.81092827931508
step 5100  lr=0.00984134036165192  loss=1.8601181886886
step 5101  lr=0.00983816744321488  loss=1.92395063101357
step 5102  lr=0.00983499454107437  loss=2.44904788348375
step 5103  lr=0.00983182165554992  loss=2.12671864188334
step 5104  lr=0.00982864878696101  loss=1.79948462488644
step 5105  lr=0.00982547593562716  loss=2.73197196620489
step 5106  lr=0.00982230310186789  loss=2.93335990697354
step 5107  lr=0.00981913028600269  loss=1.86810164778578
step 5108  lr=0.00981595748835106  loss=1.93327368055301
step 5109  lr=0.00981278470923251  loss=2.30427671271244
step 5110  lr=0.00980961194896653  loss=2.72991787362712
step 5111  lr=0.00980643920787263  loss=2.06980763634812
step 5112  lr=0.00980326648627029  loss=2.71871890954864
step 5113  lr=0.00980009378447901  loss=1.70017258567125
step 5114  lr=0.00979692110281828  loss=2.74669796054228
step 5115  lr=0.00979374844160759  loss=2.40341429637365
step 5116  lr=0.00979057580116643  loss=2.73377248234761
step 5117  lr=0.00978740318181428  loss=2.83615182283198
step 5118  lr=0.00978423058387062  loss=1.74665227920978
step 5119  lr=0.00978105800765494  loss=1.77310980190775
step 5120  lr=0.0097778854534867  loss=2.34359193709738
step 5121  lr=0.00977471292168541  loss=1.81107595133747
step 5122  lr=0.0097715404125705  loss=1.71171830424185
step 5123  lr=0.00976836792646148  loss=1.77481620098648
step 5124  lr=0.0097651954636778  loss=1.88693650686227
step 5125  lr=0.00976202302453893  loss=2.64434253395249
step 5126  lr=0.00975885060936433  loss=1.91311914837399
step 5127  lr=0.00975567821847347  loss=1.37863290280394
step 5128  lr=0.00975250585218581  loss=2.59508847114916
step 5129  lr=0.0097493335108208  loss=1.69697265546991
step 5130  lr=0.00974616119469789  loss=1.71052735179574
step 5131  lr=0.00974298890413656  loss=1.84882470893769
step 5132  lr=0.00973981663945623  loss=2.85887228022569
step 5133  lr=0.00973664440097636  loss=2.54217361776078
step 5134  lr=0.00973347218901638  loss=1.935155920451
step 5135  lr=0.00973030000389576  loss=1.71950316034836
step 5136  lr=0.00972712784593391  loss=2.94721243389398
step 5137  lr=0.00972395571545029  loss=2.0626149464049
step 5138  lr=0.00972078361276431  loss=1.79932156950952
step 5139  lr=0.00971761153819542  loss=1.86968448745955
step 5140  lr=0.00971443949206304  loss=2.20580039087779
step 5141  lr=0.00971126747468659  loss=2.13674629718318
step 5142  lr=0.0097080954863855  loss=2.72010972631631
step 5143  lr=0.00970492352747919  loss=1.90236581370916
step 5144  lr=0.00970175159828707  loss=2.41728016215955
step 5145  lr=0.00969857969912856  loss=1.7906592014475
step 5146  lr=0.00969540783032306  loss=2.3761302746301
step 5147  lr=0.00969223599218999  loss=1.80062556351916
step 5148  lr=0.00968906418504874  loss=3.03179481569721
step 5149  lr=0.00968589240921872  loss=2.01487338460569
step 5150  lr=0.00968272066501932  loss=2.72330970113979
step 5151  lr=0.00967954895276995  loss=2.60580845056408
step 5152  lr=0.00967637727278999  loss=2.7225771763539
step 5153  lr=0.00967320562539883  loss=1.97103768554416
step 5154  lr=0.00967003401091585  loss=2.09651151088921
step 5155  lr=0.00966686242966044  loss=2.1274841036861
step 5156  lr=0.00966369088195197  loss=1.7683339113649
step 5157  lr=0.00966051936810982  loss=2.36492762263957
step 5158  lr=0.00965734788845337  loss=2.55189469529903
step 5159  lr=0.00965417644330197  loss=2.88108828280277
step 5160  lr=0.00965100503297499  loss=1.86195110046168
step 5161  lr=0.0096478336577918  loss=1.69137646595295
step 5162  lr=0.00964466231807175  loss=2.59672816419405
step 5163  lr=0.00964149101413419  loss=2.04358548531583
step 5164  lr=0.00963831974629848  loss=2.63748272371709
step 5165  lr=0.00963514851488396  loss=1.81142853267665
step 5166  lr=0.00963197732020997  loss=3.03887493268456
step 5167  lr=0.00962880616259586  loss=2.81040054970877
step 5168  lr=0.00962563504236096  loss=2.58569308352519
step 5169  lr=0.00962246395982459  loss=2.80058144017878
step 5170  lr=0.0096192929153061  loss=2.37864672279994
step 5171  lr=0.0096161219091248  loss=2.6843613458199
step 5172  lr=0.00961295094160002  loss=1.82605748251143
step 5173  lr=0.00960978001305106  loss=2.20175869709979
step 5174  lr=0.00960660912379724  loss=1.86945454506616
step 5175  lr=0.00960343827415788  loss=1.94584341055602
step 5176  lr=0.00960026746445227  loss=2.6274340987048
step 5177  lr=0.00959709669499972  loss=1.89997020192928
step 5178  lr=0.00959392596611951  loss=1.89429124055113
step 5179  lr=0.00959075527813095  loss=2.1110272273924
step 5180  lr=0.00958758463135333  loss=1.96397408793449
step 5181  lr=0.00958441402610592  loss=2.5576051496032
step 5182  lr=0.00958124346270801  loss=2.95330526014771
step 5183  lr=0.00957807294147886  loss=2.06268000797999
step 5184  lr=0.00957490246273776  loss=2.14977205152773
step 5185  lr=0.00957173202680398  loss=1.55740595325756
step 5186  lr=0.00956856163399676  loss=2.80203640992171
step 5187  lr=0.00956539128463538  loss=1.80177407668176
step 5188  lr=0.00956222097903908  loss=2.7388555240362
step 5189  lr=0.00955905071752712  loss=2.80610699126019
step 5190  lr=0.00955588050041874  loss=2.58027336183991
step 5191  lr=0.00955271032803318  loss=2.82382652725611
step 5192  lr=0.00954954020068968  loss=2.4732071374942
step 5193  lr=0.00954637011870746  loss=2.96993595934831
step 5194  lr=0.00954320008240577  loss=2.55349150259381
step 5195  lr=0.00954003009210381  loss=1.76921706085779
step 5196  lr=0.00953686014812081  loss=2.80486676033737
step 5197  lr=0.00953369025077598  loss=2.67742586555913
step 5198  lr=0.00953052040038853  loss=2.56755917356845
step 5199  lr=0.00952735059727766  loss=2.99081251272446
step 5200  lr=0.00952418084176258  loss=2.53989897746859
step 5201  lr=0.00952101113416247  loss=2.60011349524746
step 5202  lr=0.00951784147479653  loss=2.15958284005673
step 5203  lr=0.00951467186398393  loss=2.71047897756774
step 5204  lr=0.00951150230204387  loss=2.73429858358771
step 5205  lr=0.00950833278929551  loss=2.70715918762182
step 5206  lr=0.00950516332605803  loss=1.99537279075924
step 5207  lr=0.00950199391265058  loss=2.96618091120792
step 5208  lr=0.00949882454939234  loss=2.917609615786
step 5209  lr=0.00949565523660244  loss=2.81262116062894
step 5210  lr=0.00949248597460006  loss=2.35153595069789
step 5211  lr=0.00948931676370432  loss=2.96053495951918
step 5212  lr=0.00948614760423437  loss=2.74158164840425
step 5213  lr=0.00948297849650934  loss=1.74724830534028
step 5214  lr=0.00947980944084837  loss=2.82825183418736
step 5215  lr=0.00947664043757056  loss=2.88724826292458
step 5216  lr=0.00947347148699506  loss=1.92950976757938
step 5217  lr=0.00947030258944095  loss=1.89196781480459
step 5218  lr=0.00946713374522737  loss=2.25089822849148
step 5219  lr=0.0094639649546734  loss=1.87391635531114
step 5220  lr=0.00946079621809814  loss=1.73422499192243
step 5221  lr=0.00945762753582069  loss=2.79308948154066
step 5222  lr=0.00945445890816013  loss=2.5434044698941
step 5223  lr=0.00945129033543555  loss=1.83710050145215
step 5224  lr=0.00944812181796602  loss=1.74770847866572
step 5225  lr=0.0094449533560706  loss=2.26142275116158
step 5226  lr=0.00944178495006836  loss=2.72607439811284
step 5227  lr=0.00943861660027837  loss=1.75095588838472
step 5228  lr=0.00943544830701967  loss=1.81442714081587
step 5229  lr=0.0094322800706113  loss=2.10467985467448
step 5230  lr=0.00942911189137232  loss=1.94536133357208
step 5231  lr=0.00942594376962176  loss=3.01545945177409
step 5232  lr=0.00942277570567864  loss=2.60409555391513
step 5233  lr=0.00941960769986199  loss=2.58859090889896
step 5234  lr=0.00941643975249083  loss=1.84911406716404
step 5235  lr=0.00941327186388418  loss=2.98002033559779
step 5236  lr=0.00941010403436103  loss=3.14553950493775
step 5237  lr=0.00940693626424039  loss=2.54177275755727
step 5238  lr=0.00940376855384124  loss=1.89658130530618
step 5239  lr=0.0094006009034826  loss=2.09987441118203
step 5240  lr=0.00939743331348342  loss=1.81407813182679
step 5241  lr=0.00939426578416269  loss=1.79086963808615
step 5242  lr=0.00939109831583938  loss=2.78564708122675
step 5243  lr=0.00938793090883245  loss=1.97124555477922
step 5244  lr=0.00938476356346087  loss=2.77068733043109
step 5245  lr=0.00938159628004357  loss=2.16521049699174
step 5246  lr=0.00937842905889952  loss=2.71168340940422
step 5247  lr=0.00937526190034764  loss=2.74984472130869
step 5248  lr=0.00937209480470687  loss=1.52006707751642
step 5249  lr=0.00936892777229613  loss=2.5498191536916
step 5250  lr=0.00936576080343436  loss=2.07036946543488
step 5251  lr=0.00936259389844045  loss=1.76261313474745
step 5252  lr=0.00935942705763332  loss=2.62233036861633
step 5253  lr=0.00935626028133186  loss=2.51910754902233
step 5254  lr=0.00935309356985498  loss=1.75571733048096
step 5255  lr=0.00934992692352156  loss=1.8204794986192
step 5256  lr=0.00934676034265048  loss=2.88278482247275
step 5257  lr=0.00934359382756062  loss=1.77419937071127
step 5258  lr=0.00934042737857083  loss=1.70058152546718
step 5259  lr=0.009337260996  loss=2.73141763858927
step 5260  lr=0.00933409468016696  loss=1.87719715029606
step 5261  lr=0.00933092843139057  loss=1.71401066672601
step 5262  lr=0.00932776224998967  loss=2.75985552634709
step 5263  lr=0.0093245961362831  loss=2.70662956947912
step 5264  lr=0.00932143009058967  loss=1.46152700466798
step 5265  lr=0.00931826411322821  loss=1.84448194906471
step 5266  lr=0.00931509820451754  loss=3.00856263057926
step 5267  lr=0.00931193236477647  loss=1.70327468086228
step 5268  lr=0.00930876659432378  loss=2.7092264702821
step 5269  lr=0.00930560089347828  loss=2.55392265479353
step 5270  lr=0.00930243526255875  loss=2.01989570441246
step 5271  lr=0.00929926970188397  loss=1.92255162464378
step 5272  lr=0.00929610421177271  loss=2.23507927703832
step 5273  lr=0.00929293879254374  loss=2.53672209309719
step 5274  lr=0.00928977344451581  loss=2.20124968358636
step 5275  lr=0.00928660816800768  loss=2.67596940667488
step 5276  lr=0.00928344296333808  loss=2.48768192716899
step 5277  lr=0.00928027783082576  loss=1.90260050389347
step 5278  lr=0.00927711277078944  loss=1.7516652379938
step 5279  lr=0.00927394778354785  loss=1.85567521709889
step 5280  lr=0.00927078286941969  loss=1.83629538842468
step 5281  lr=0.00926761802872368  loss=1.81243756421577
step 5282  lr=0.00926445326177852  loss=2.79913880390641
step 5283  lr=0.00926128856890289  loss=2.25833356756163
step 5284  lr=0.00925812395041548  loss=2.80859968742319
step 5285  lr=0.00925495940663497  loss=1.83339382629137
step 5286  lr=0.00925179493788002  loss=2.73042776913991
step 5287  lr=0.00924863054446931  loss=1.83148227749296
step 5288  lr=0.00924546622672148  loss=2.10089287568661
step 5289  lr=0.00924230198495518  loss=2.83868686526741
step 5290  lr=0.00923913781948905  loss=2.56890365498428
step 5291  lr=0.00923597373064172  loss=1.29523791736725
step 5292  lr=0.00923280971873181  loss=1.83839485157465
step 5293  lr=0.00922964578407795  loss=1.85333048168256
step 5294  lr=0.00922648192699873  loss=1.42246080558349
step 5295  lr=0.00922331814781276  loss=1.88259706693624
step 5296  lr=0.00922015444683864  loss=2.58137872752
step 5297  lr=0.00921699082439494  loss=1.97511721690585
step 5298  lr=0.00921382728080024  loss=1.96630411218467
step 5299  lr=0.00921066381637311  loss=3.0022761744019
step 5300  lr=0.00920750043143211  loss=2.48786608807345
step 5301  lr=0.00920433712629581  loss=1.66689047469932
step 5302  lr=0.00920117390128272  loss=2.5391569896558
step 5303  lr=0.00919801075671141  loss=1.65701383605793
step 5304  lr=0.00919484769290039  loss=2.55586048613208
step 5305  lr=0.00919168471016819  loss=2.34194142931069
step 5306  lr=0.00918852180883331  loss=2.42485687975891
step 5307  lr=0.00918535898921427  loss=1.92678370069667
step 5308  lr=0.00918219625162955  loss=2.28006423712804
step 5309  lr=0.00917903359639765  loss=2.57089008046861
step 5310  lr=0.00917587102383704  loss=1.67507224108533
step 5311  lr=0.0091727085342662  loss=2.25792536114266
step 5312  lr=0.00916954612800359  loss=2.54983695123066
step 5313  lr=0.00916638380536765  loss=2.03908046889637
step 5314  lr=0.00916322156667685  loss=1.90879024468855
step 5315  lr=0.00916005941224961  loss=3.09752106292986
step 5316  lr=0.00915689734240436  loss=2.82591628623282
step 5317  lr=0.00915373535745953  loss=1.75889799618796
step 5318  lr=0.00915057345773353  loss=2.17079257872606
step 5319  lr=0.00914741164354475  loss=2.22329617793849
step 5320  lr=0.00914424991521161  loss=2.45377653832277
step 5321  lr=0.00914108827305246  loss=2.08064980079754
step 5322  lr=0.00913792671738571  loss=1.66369238327698
step 5323  lr=0.00913476524852971  loss=2.3126047651939
step 5324  lr=0.00913160386680283  loss=2.59129861118064
step 5325  lr=0.00912844257252342  loss=1.78238267344681
step 5326  lr=0.00912528136600982  loss=3.00944687253489
step 5327  lr=0.00912212024758035  loss=1.83091985853307
step 5328  lr=0.00911895921755336  loss=2.43131785077586
step 5329  lr=0.00911579827624714  loss=2.49646897698264
step 5330  lr=0.00911263742398002  loss=3.00126782625071
step 5331  lr=0.00910947666107028  loss=1.91260574937549
step 5332  lr=0.00910631598783622  loss=2.30725720744537
step 5333  lr=0.00910315540459612  loss=1.89670118662269
step 5334  lr=0.00909999491166824  loss=1.66118102061592
step 5335  lr=0.00909683450937085  loss=2.75940762797978
step 5336  lr=0.0090936741980222  loss=2.55463819417247
step 5337  lr=0.00909051397794053  loss=2.91011199083699
step 5338  lr=0.00908735384944408  loss=1.80745298307204
step 5339  lr=0.00908419381285108  loss=1.87025666449239
step 5340  lr=0.00908103386847973  loss=2.84587449933786
step 5341  lr=0.00907787401664824  loss=1.77729779518015
step 5342  lr=0.00907471425767482  loss=2.76004532233844
step 5343  lr=0.00907155459187764  loss=2.74474772441739
step 5344  lr=0.0090683950195749  loss=1.94460174920835
step 5345  lr=0.00906523554108474  loss=1.29808664491233
step 5346  lr=0.00906207615672535  loss=1.93177069211003
step 5347  lr=0.00905891686681486  loss=2.9447444855378
step 5348  lr=0.00905575767167141  loss=2.10844027046706
step 5349  lr=0.00905259857161314  loss=2.83282597487536
step 5350  lr=0.00904943956695818  loss=2.54537374470999
step 5351  lr=0.00904628065802461  loss=1.86088069345869
step 5352  lr=0.00904312184513056  loss=1.79651663839412
step 5353  lr=0.00903996312859412  loss=2.79735381972369
step 5354  lr=0.00903680450873336  loss=2.73820530450156
step 5355  lr=0.00903364598586636  loss=2.74246691057862
step 5356  lr=0.00903048756031119  loss=1.8568603180056
step 5357  lr=0.00902732923238589  loss=1.88598250091126
step 5358  lr=0.00902417100240851  loss=1.86215398404966
step 5359  lr=0.00902101287069708  loss=2.89390070699123
step 5360  lr=0.00901785483756963  loss=2.20923200853928
step 5361  lr=0.00901469690334417  loss=2.70251223845437
step 5362  lr=0.00901153906833871  loss=1.81109117713754
step 5363  lr=0.00900838133287123  loss=2.44327390131449
step 5364  lr=0.00900522369725973  loss=2.51041939162198
step 5365  lr=0.00900206616182217  loss=2.75078808486485
step 5366  lr=0.00899890872687653  loss=1.7249779438465
step 5367  lr=0.00899575139274075  loss=2.15340671252822
step 5368  lr=0.00899259415973277  loss=2.65895050336792
step 5369  lr=0.00898943702817054  loss=2.55303856193643
step 5370  lr=0.00898627999837197  loss=2.03184606427901
step 5371  lr=0.00898312307065497  loss=1.54966025766637
step 5372  lr=0.00897996624533746  loss=1.81779534699664
step 5373  lr=0.00897680952273731  loss=1.81858302116129
step 5374  lr=0.00897365290317242  loss=2.14396120311511
step 5375  lr=0.00897049638696066  loss=1.85632976734524
step 5376  lr=0.00896733997441988  loss=2.57489007432992
step 5377  lr=0.00896418366586793  loss=1.58462451096524
step 5378  lr=0.00896102746162266  loss=1.82432530223022
step 5379  lr=0.0089578713620019  loss=1.80944411550411
step 5380  lr=0.00895471536732347  loss=2.01758959470375
step 5381  lr=0.00895155947790516  loss=2.88812474179471
step 5382  lr=0.00894840369406479  loss=2.5449471233784
step 5383  lr=0.00894524801612014  loss=1.94112985574955
step 5384  lr=0.00894209244438899  loss=2.94539749914022
step 5385  lr=0.00893893697918909  loss=2.7360444317859
step 5386  lr=0.00893578162083822  loss=2.00250966644041
step 5387  lr=0.0089326263696541  loss=1.93006280988681
step 5388  lr=0.00892947122595448  loss=2.63661834261547
step 5389  lr=0.00892631619005708  loss=1.62933938647197
step 5390  lr=0.00892316126227961  loss=2.67961061537267
step 5391  lr=0.00892000644293977  loss=1.96584207316538
step 5392  lr=0.00891685173235525  loss=2.58230565433642
step 5393  lr=0.00891369713084374  loss=1.8706506294426
step 5394  lr=0.00891054263872289  loss=2.04714218296554
step 5395  lr=0.00890738825631037  loss=1.82186213712457
step 5396  lr=0.00890423398392382  loss=1.84423501467683
step 5397  lr=0.00890107982188088  loss=2.70968010386204
step 5398  lr=0.00889792577049917  loss=2.59805555482915
step 5399  lr=0.00889477183009631  loss=2.95378104110594
step 5400  lr=0.00889161800098989  loss=1.97348218865182
step 5401  lr=0.00888846428349751  loss=2.54647472565205
step 5402  lr=0.00888531067793675  loss=2.71143444963454
step 5403  lr=0.00888215718462517  loss=1.97193849965837
step 5404  lr=0.00887900380388033  loss=1.82876229462713
step 5405  lr=0.00887585053601977  loss=2.21095658767705
step 5406  lr=0.00887269738136104  loss=2.88899363733681
step 5407  lr=0.00886954434022165  loss=2.86100981866204
step 5408  lr=0.00886639141291912  loss=2.76637112878677
step 5409  lr=0.00886323859977094  loss=2.35251869204716
step 5410  lr=0.00886008590109459  loss=2.82798394261931
step 5411  lr=0.00885693331720758  loss=1.8254715088641
step 5412  lr=0.00885378084842733  loss=1.81917901553892
step 5413  lr=0.00885062849507134  loss=1.90184513118655
step 5414  lr=0.00884747625745701  loss=2.8567620957155
step 5415  lr=0.0088443241359018  loss=2.08138862663929
step 5416  lr=0.00884117213072312  loss=1.89423605105678
step 5417  lr=0.00883802024223837  loss=2.74632048399651
step 5418  lr=0.00883486847076495  loss=1.92563341419511
step 5419  lr=0.00883171681662024  loss=1.80406162068413
step 5420  lr=0.00882856528012162  loss=2.76188806525123
step 5421  lr=0.00882541386158644  loss=2.73832286610977
step 5422  lr=0.00882226256133205  loss=1.70767874578692
step 5423  lr=0.0088191113796758  loss=1.78985137232654
step 5424  lr=0.00881596031693499  loss=2.42500898382501
step 5425  lr=0.00881280937342695  loss=2.72045664571989
step 5426  lr=0.00880965854946897  loss=2.75464840216995
step 5427  lr=0.00880650784537834  loss=2.68183236919737
step 5428  lr=0.00880335726147234  loss=2.10114620315297
step 5429  lr=0.00880020679806824  loss=1.81427318353035
step 5430  lr=0.00879705645548327  loss=2.70274393431386
step 5431  lr=0.00879390623403468  loss=2.9192736601844
step 5432  lr=0.00879075613403971  loss=2.09517138188003
step 5433  lr=0.00878760615581556  loss=2.67248469854207
step 5434  lr=0.00878445629967943  loss=2.73787794179822
step 5435  lr=0.00878130656594853  loss=2.18963978185624
step 5436  lr=0.00877815695494001  loss=2.30220072289014
step 5437  lr=0.00877500746697107  loss=1.80567817646069
step 5438  lr=0.00877185810235883  loss=2.59146088422135
step 5439  lr=0.00876870886142045  loss=2.53838385911513
step 5440  lr=0.00876555974447305  loss=1.75189438224774
step 5441  lr=0.00876241075183376  loss=2.66343395302319
step 5442  lr=0.00875926188381966  loss=2.73142417880351
step 5443  lr=0.00875611314074787  loss=1.76563589387883
step 5444  lr=0.00875296452293544  loss=1.65576073313737
step 5445  lr=0.00874981603069946  loss=2.52320181248967
step 5446  lr=0.00874666766435696  loss=2.2867753165874
step 5447  lr=0.008743519424225  loss=1.83723773909665
step 5448  lr=0.00874037131062059  loss=1.37018733308485
step 5449  lr=0.00873722332386076  loss=3.22113283232121
step 5450  lr=0.00873407546426251  loss=1.84194864552191
step 5451  lr=0.00873092773214282  loss=2.30380182306449
step 5452  lr=0.00872778012781868  loss=2.80786196687847
step 5453  lr=0.00872463265160704  loss=2.72901069517147
step 5454  lr=0.00872148530382486  loss=2.74456513849481
step 5455  lr=0.00871833808478907  loss=1.80761364662365
step 5456  lr=0.00871519099481661  loss=3.01516432069727
step 5457  lr=0.00871204403422437  loss=2.1352619520882
step 5458  lr=0.00870889720332927  loss=2.75385274236063
step 5459  lr=0.00870575050244818  loss=2.65558549285732
step 5460  lr=0.00870260393189798  loss=2.69551321106834
step 5461  lr=0.00869945749199553  loss=2.24195952875283
step 5462  lr=0.00869631118305768  loss=2.10317154350802
step 5463  lr=0.00869316500540125  loss=2.7340205108824
step 5464  lr=0.00869001895934307  loss=2.40151920906532
step 5465  lr=0.00868687304519995  loss=2.09508942741324
step 5466  lr=0.00868372726328867  loss=2.00924539581929
step 5467  lr=0.00868058161392603  loss=2.82971284307641
step 5468  lr=0.00867743609742878  loss=2.77900876800283
step 5469  lr=0.00867429071411367  loss=2.97321677121316
step 5470  lr=0.00867114546429746  loss=2.37709106645792
step 5471  lr=0.00866800034829686  loss=1.93029185318854
step 5472  lr=0.00866485536642859  loss=2.60777280004592
step 5473  lr=0.00866171051900935  loss=2.74979666329071
step 5474  lr=0.00865856580635582  loss=1.80567840113669
step 5475  lr=0.00865542122878468  loss=1.85954308533293
step 5476  lr=0.00865227678661258  loss=2.54599236358625
step 5477  lr=0.00864913248015618  loss=1.83094576594334
step 5478  lr=0.0086459883097321  loss=2.99695026650356
step 5479  lr=0.00864284427565696  loss=1.78859458240594
step 5480  lr=0.00863970037824736  loss=1.85182376021046
step 5481  lr=0.00863655661781989  loss=3.01872286430592
step 5482  lr=0.00863341299469114  loss=2.27188055526197
step 5483  lr=0.00863026950917767  loss=1.78201660812387
step 5484  lr=0.00862712616159601  loss=1.81023451394053
step 5485  lr=0.00862398295226271  loss=1.74243852620654
step 5486  lr=0.0086208398814943  loss=2.13848779386638
step 5487  lr=0.00861769694960726  loss=1.83169524046429
step 5488  lr=0.00861455415691811  loss=2.77037976381621
step 5489  lr=0.00861141150374332  loss=2.51074407276217
step 5490  lr=0.00860826899039935  loss=2.71729559989274
step 5491  lr=0.00860512661720265  loss=2.67487870640788
step 5492  lr=0.00860198438446967  loss=2.97939186864364
step 5493  lr=0.00859884229251682  loss=1.88706426745371
step 5494  lr=0.00859570034166051  loss=2.71855735365884
step 5495  lr=0.00859255853221714  loss=3.00202706419814
step 5496  lr=0.00858941686450309  loss=1.75139791661195
step 5497  lr=0.00858627533883472  loss=2.6672606001987
step 5498  lr=0.00858313395552838  loss=2.5918976760679
step 5499  lr=0.00857999271490042  loss=1.98749048012238
step 5500  lr=0.00857685161726715  loss=2.55896653430249
step 5501  lr=0.00857371066294488  loss=2.70882506638381
step 5502  lr=0.00857056985224992  loss=2.63949373363452
step 5503  lr=0.00856742918549852  loss=2.63840518533171
step 5504  lr=0.00856428866300698  loss=2.14366772873601
step 5505  lr=0.00856114828509152  loss=1.29773843316656
step 5506  lr=0.00855800805206839  loss=2.74974766723162
step 5507  lr=0.00855486796425381  loss=2.71626237591318
step 5508  lr=0.00855172802196399  loss=2.61097002966907
step 5509  lr=0.00854858822551511  loss=1.83443759054504
step 5510  lr=0.00854544857522337  loss=2.59831975921063
step 5511  lr=0.00854230907140491  loss=2.88387707680073
step 5512  lr=0.00853916971437589  loss=1.98528652521675
step 5513  lr=0.00853603050445243  loss=2.85437988643583
step 5514  lr=0.00853289144195067  loss=2.44309112425789
step 5515  lr=0.00852975252718669  loss=1.8381905817571
step 5516  lr=0.0085266137604766  loss=1.84029901454157
step 5517  lr=0.00852347514213646  loss=2.50871539010739
step 5518  lr=0.00852033667248234  loss=1.69948976471646
step 5519  lr=0.00851719835183026  loss=2.39678154077352
step 5520  lr=0.00851406018049628  loss=2.89303297754343
step 5521  lr=0.0085109221587964  loss=1.64029849130358
step 5522  lr=0.00850778428704661  loss=2.75450421626722
step 5523  lr=0.0085046465655629  loss=2.11120585731721
step 5524  lr=0.00850150899466125  loss=2.72991521977013
step 5525  lr=0.0084983715746576  loss=1.81256035294415
step 5526  lr=0.00849523430586789  loss=2.15378607452087
step 5527  lr=0.00849209718860804  loss=3.0313312908092
step 5528  lr=0.00848896022319397  loss=1.73959292023856
step 5529  lr=0.00848582340994155  loss=1.86030916533619
step 5530  lr=0.00848268674916668  loss=1.82527669788088
step 5531  lr=0.00847955024118522  loss=1.80441814798751
step 5532  lr=0.008476413886313  loss=1.8303151403412
step 5533  lr=0.00847327768486586  loss=2.71256218263203
step 5534  lr=0.00847014163715962  loss=1.67429191696078
step 5535  lr=0.00846700574351007  loss=3.12231180388981
step 5536  lr=0.00846387000423301  loss=2.6365759818329
step 5537  lr=0.00846073441964418  loss=2.70774238394061
step 5538  lr=0.00845759899005937  loss=2.11153554917266
step 5539  lr=0.00845446371579429  loss=2.81689662065531
step 5540  lr=0.00845132859716468  loss=2.04428791294978
step 5541  lr=0.00844819363448623  loss=2.0236901871146
step 5542  lr=0.00844505882807464  loss=1.86179183101791
step 5543  lr=0.00844192417824558  loss=2.20632845759353
step 5544  lr=0.00843878968531472  loss=2.70458325519122
step 5545  lr=0.00843565534959769  loss=1.93273247797226
step 5546  lr=0.00843252117141013  loss=2.0942424062027
step 5547  lr=0.00842938715106764  loss=1.8138677198105
step 5548  lr=0.00842625328888582  loss=2.73181698871059
step 5549  lr=0.00842311958518025  loss=2.99063988635974
step 5550  lr=0.0084199860402665  loss=2.61071981855305
step 5551  lr=0.00841685265446011  loss=2.53780774329315
step 5552  lr=0.00841371942807662  loss=1.70978635178043
step 5553  lr=0.00841058636143153  loss=2.79358478299528
step 5554  lr=0.00840745345484036  loss=1.93123050820441
step 5555  lr=0.00840432070861857  loss=2.08368705158091
step 5556  lr=0.00840118812308165  loss=2.66855541889043
step 5557  lr=0.00839805569854504  loss=2.61953863688327
step 5558  lr=0.00839492343532418  loss=2.7538869840961
step 5559  lr=0.00839179133373448  loss=2.61609995184281
step 5560  lr=0.00838865939409136  loss=2.47988031547233
step 5561  lr=0.00838552761671019  loss=2.13787822875243
step 5562  lr=0.00838239600190634  loss=2.52445791574454
step 5563  lr=0.00837926454999518  loss=2.54960303571979
step 5564  lr=0.00837613326129202  loss=2.70328491294966
step 5565  lr=0.0083730021361122  loss=3.016344587856
step 5566  lr=0.00836987117477103  loss=1.80381216643909
step 5567  lr=0.00836674037758378  loss=2.22981167500342
step 5568  lr=0.00836360974486573  loss=1.78476144883095
step 5569  lr=0.00836047927693213  loss=1.29890389593018
step 5570  lr=0.00835734897409823  loss=2.66867823140194
step 5571  lr=0.00835421883667924  loss=1.71827457034477
step 5572  lr=0.00835108886499037  loss=2.59866654954061
step 5573  lr=0.0083479590593468  loss=1.69794997544585
step 5574  lr=0.00834482942006372  loss=2.81108672483173
step 5575  lr=0.00834169994745626  loss=2.03856088954707
step 5576  lr=0.00833857064183957  loss=1.85952500312892
step 5577  lr=0.00833544150352878  loss=2.07798740805605
step 5578  lr=0.00833231253283898  loss=2.6969504486548
step 5579  lr=0.00832918373008526  loss=2.55163685069272
step 5580  lr=0.00832605509558269  loss=1.74102218463499
step 5581  lr=0.00832292662964634  loss=2.72434121378147
step 5582  lr=0.00831979833259122  loss=2.67162122588562
step 5583  lr=0.00831667020473237  loss=1.91712236369424
step 5584  lr=0.00831354224638478  loss=2.66891063226875
step 5585  lr=0.00831041445786344  loss=1.68767954158183
step 5586  lr=0.00830728683948331  loss=1.35061116597792
step 5587  lr=0.00830415939155936  loss=3.06207158185581
step 5588  lr=0.00830103211440651  loss=2.67823827967377
step 5589  lr=0.00829790500833968  loss=1.81006853978218
step 5590  lr=0.00829477807367376  loss=2.94952636951051
step 5591  lr=0.00829165131072365  loss=1.70737182517723
step 5592  lr=0.00828852471980421  loss=1.68502203628619
step 5593  lr=0.00828539830123028  loss=1.29933279932639
step 5594  lr=0.00828227205531669  loss=2.75684130860867
step 5595  lr=0.00827914598237826  loss=2.67349236653113
step 5596  lr=0.00827602008272978  loss=2.7251065528736
step 5597  lr=0.00827289435668604  loss=2.0328457624333
step 5598  lr=0.00826976880456178  loss=2.59465200944622
step 5599  lr=0.00826664342667176  loss=2.21105891399587
step 5600  lr=0.0082635182233307  loss=1.72839918045175
step 5601  lr=0.0082603931948533  loss=1.67053490201097
step 5602  lr=0.00825726834155427  loss=2.12420209315795
step 5603  lr=0.00825414366374826  loss=2.95132706467388
step 5604  lr=0.00825101916174994  loss=2.66937338626032
step 5605  lr=0.00824789483587394  loss=1.75003968730357
step 5606  lr=0.00824477068643488  loss=2.71481967034823
step 5607  lr=0.00824164671374737  loss=2.73178778025381
step 5608  lr=0.00823852291812598  loss=1.712744403394
step 5609  lr=0.00823539929988529  loss=2.49710583824015
step 5610  lr=0.00823227585933984  loss=2.53781552211931
step 5611  lr=0.00822915259680417  loss=2.55147669955007
step 5612  lr=0.00822602951259278  loss=1.89965307925893
step 5613  lr=0.00822290660702017  loss=2.60169411880677
step 5614  lr=0.00821978388040081  loss=2.60953942016773
step 5615  lr=0.00821666133304917  loss=2.52445625660642
step 5616  lr=0.00821353896527968  loss=1.95921751807411
step 5617  lr=0.00821041677740677  loss=1.97699549867896
step 5618  lr=0.00820729476974485  loss=1.9829957022323
step 5619  lr=0.00820417294260829  loss=2.45870752938633
step 5620  lr=0.00820105129631146  loss=2.45641104700546
step 5621  lr=0.00819792983116872  loss=1.74992233258262
step 5622  lr=0.0081948085474944  loss=2.95070445275574
step 5623  lr=0.00819168744560281  loss=2.52814805698083
step 5624  lr=0.00818856652580824  loss=1.84405356044409
step 5625  lr=0.00818544578842497  loss=2.95624498140536
step 5626  lr=0.00818232523376727  loss=1.8616858297824
step 5627  lr=0.00817920486214936  loss=2.56374209612013
step 5628  lr=0.00817608467388547  loss=2.10772319362201
step 5629  lr=0.00817296466928981  loss=2.65755122802869
step 5630  lr=0.00816984484867655  loss=2.87535018514012
step 5631  lr=0.00816672521235987  loss=2.28223314787384
step 5632  lr=0.00816360576065391  loss=1.96098866188298
step 5633  lr=0.0081604864938728  loss=2.71432723068467
step 5634  lr=0.00815736741233065  loss=1.3306829843513
step 5635  lr=0.00815424851634155  loss=1.86363317522245
step 5636  lr=0.00815112980621957  loss=1.85298888582123
step 5637  lr=0.00814801128227877  loss=2.64503056982607
step 5638  lr=0.00814489294483318  loss=2.8393313454397
step 5639  lr=0.00814177479419683  loss=1.64944895896834
step 5640  lr=0.0081386568306837  loss=2.10869947827565
step 5641  lr=0.00813553905460778  loss=1.88393409871383
step 5642  lr=0.00813242146628302  loss=2.6847602688938
step 5643  lr=0.00812930406602337  loss=2.03567316513558
step 5644  lr=0.00812618685414275  loss=2.68360056053636
step 5645  lr=0.00812306983095507  loss=2.64960976064321
step 5646  lr=0.0081199529967742  loss=2.22709596067293
step 5647  lr=0.00811683635191401  loss=1.84872537227887
step 5648  lr=0.00811371989668835  loss=1.85025616886639
step 5649  lr=0.00811060363141104  loss=2.70174857671351
step 5650  lr=0.0081074875563959  loss=1.31040634795821
step 5651  lr=0.00810437167195671  loss=2.40714362760751
step 5652  lr=0.00810125597840724  loss=2.64711426322812
step 5653  lr=0.00809814047606124  loss=2.66499221345197
step 5654  lr=0.00809502516523244  loss=2.93917077034682
step 5655  lr=0.00809191004623455  loss=2.25540228307474
step 5656  lr=0.00808879511938128  loss=2.80672912263733
step 5657  lr=0.00808568038498628  loss=2.52807106663645
step 5658  lr=0.00808256584336321  loss=2.72228446082842
step 5659  lr=0.00807945149482571  loss=2.22579851969885
step 5660  lr=0.00807633733968739  loss=1.84527040712072
step 5661  lr=0.00807322337826185  loss=2.02332438550484
step 5662  lr=0.00807010961086267  loss=1.92717333222819
step 5663  lr=0.00806699603780339  loss=1.8180026708281
step 5664  lr=0.00806388265939756  loss=1.83135723593304
step 5665  lr=0.00806076947595869  loss=2.07929278775172
step 5666  lr=0.00805765648780028  loss=2.00799136751073
step 5667  lr=0.00805454369523581  loss=2.88013008469812
step 5668  lr=0.00805143109857874  loss=1.74895385413723
step 5669  lr=0.0080483186981425  loss=2.95782109297531
step 5670  lr=0.00804520649424052  loss=2.68070886330975
step 5671  lr=0.00804209448718619  loss=2.97846406943193
step 5672  lr=0.00803898267729289  loss=2.68133720949614
step 5673  lr=0.00803587106487398  loss=2.47251739845841
step 5674  lr=0.0080327596502428  loss=1.83129391224589
step 5675  lr=0.00802964843371267  loss=1.87266520042703
step 5676  lr=0.00802653741559689  loss=1.70858191549514
step 5677  lr=0.00802342659620874  loss=2.85344940165382
step 5678  lr=0.00802031597586148  loss=2.30465146200497
step 5679  lr=0.00801720555486834  loss=1.87981969088799
step 5680  lr=0.00801409533354255  loss=2.76491014362123
step 5681  lr=0.0080109853121973  loss=1.82101332130078
step 5682  lr=0.00800787549114578  loss=1.80856724177819
step 5683  lr=0.00800476587070114  loss=2.6870002200242
step 5684  lr=0.00800165645117653  loss=1.81055123807646
step 5685  lr=0.00799854723288505  loss=1.90635340486248
step 5686  lr=0.00799543821613982  loss=1.91095010204762
step 5687  lr=0.0079923294012539  loss=2.77719335641424
step 5688  lr=0.00798922078854036  loss=2.69583313253465
step 5689  lr=0.00798611237831222  loss=2.78473290044473
step 5690  lr=0.00798300417088252  loss=2.70605580208479
step 5691  lr=0.00797989616656424  loss=2.4985722348359
step 5692  lr=0.00797678836567036  loss=2.10795995427968
step 5693  lr=0.00797368076851383  loss=2.61109772372998
step 5694  lr=0.0079705733754076  loss=2.62188873637386
step 5695  lr=0.00796746618666458  loss=1.79655209142365
step 5696  lr=0.00796435920259765  loss=2.82368111288585
step 5697  lr=0.0079612524235197  loss=2.4510039193351
step 5698  lr=0.00795814584974357  loss=2.63595373518992
step 5699  lr=0.0079550394815821  loss=2.59931458499646
step 5700  lr=0.00795193331934809  loss=2.55603643634646
step 5701  lr=0.00794882736335435  loss=2.59479242205073
step 5702  lr=0.00794572161391363  loss=2.16304744376295
step 5703  lr=0.00794261607133869  loss=2.21281651546896
step 5704  lr=0.00793951073594226  loss=1.86430316627994
step 5705  lr=0.00793640560803704  loss=1.67969380515436
step 5706  lr=0.00793330068793572  loss=1.87798712361312
step 5707  lr=0.00793019597595096  loss=2.46564925812874
step 5708  lr=0.00792709147239541  loss=2.79299632976262
step 5709  lr=0.00792398717758169  loss=2.1792303404328
step 5710  lr=0.00792088309182241  loss=1.7148859614575
step 5711  lr=0.00791777921543014  loss=2.78265212467051
step 5712  lr=0.00791467554871745  loss=2.37599907139794
step 5713  lr=0.00791157209199687  loss=1.84629240483375
step 5714  lr=0.00790846884558093  loss=2.43116362556806
step 5715  lr=0.00790536580978211  loss=1.48058569646404
step 5716  lr=0.00790226298491291  loss=2.7639668956019
step 5717  lr=0.00789916037128576  loss=1.65165589323429
step 5718  lr=0.00789605796921311  loss=2.80085201036027
step 5719  lr=0.00789295577900736  loss=2.08983750054496
step 5720  lr=0.0078898538009809  loss=1.82816308632138
step 5721  lr=0.00788675203544611  loss=1.8917504554865
step 5722  lr=0.00788365048271534  loss=2.07728874478199
step 5723  lr=0.0078805491431009  loss=1.82194859590534
step 5724  lr=0.0078774480169151  loss=2.28431288596323
step 5725  lr=0.00787434710447023  loss=2.61678487693084
step 5726  lr=0.00787124640607855  loss=2.87236306014054
step 5727  lr=0.0078681459220523  loss=2.68278458183095
step 5728  lr=0.0078650456527037  loss=2.66480622400528
step 5729  lr=0.00786194559834494  loss=2.17816399834445
step 5730  lr=0.0078588457592882  loss=1.67298067621538
step 5731  lr=0.00785574613584563  loss=2.13959413228388
step 5732  lr=0.00785264672832937  loss=2.7593429855187
step 5733  lr=0.00784954753705152  loss=2.13147054127517
step 5734  lr=0.00784644856232418  loss=2.39654873960053
step 5735  lr=0.00784334980445941  loss=2.85738552422263
step 5736  lr=0.00784025126376925  loss=2.72712692764182
step 5737  lr=0.00783715294056574  loss=1.78003670479259
step 5738  lr=0.00783405483516086  loss=2.6782501089509
step 5739  lr=0.00783095694786661  loss=2.91141295976733
step 5740  lr=0.00782785927899492  loss=2.90944599680008
step 5741  lr=0.00782476182885775  loss=1.65619164786933
step 5742  lr=0.00782166459776701  loss=2.80305329456033
step 5743  lr=0.00781856758603458  loss=2.93112905899818
step 5744  lr=0.00781547079397233  loss=2.74653648966533
step 5745  lr=0.00781237422189212  loss=2.35663742098175
step 5746  lr=0.00780927787010575  loss=2.3464217438046
step 5747  lr=0.00780618173892505  loss=2.96281814359833
step 5748  lr=0.00780308582866179  loss=1.80319398307159
step 5749  lr=0.00779999013962773  loss=1.97459100387972
step 5750  lr=0.00779689467213459  loss=2.69827312594546
step 5751  lr=0.00779379942649411  loss=1.93003797087432
step 5752  lr=0.00779070440301796  loss=2.08656826559917
step 5753  lr=0.00778760960201782  loss=2.69985408897173
step 5754  lr=0.00778451502380533  loss=1.70681809745124
step 5755  lr=0.00778142066869212  loss=2.92069647291009
step 5756  lr=0.00777832653698978  loss=2.55865183834044
step 5757  lr=0.0077752326290099  loss=1.63401902280507
step 5758  lr=0.00777213894506403  loss=1.79588680634383
step 5759  lr=0.00776904548546372  loss=2.85442053202736
step 5760  lr=0.00776595225052046  loss=2.71231549715654
step 5761  lr=0.00776285924054575  loss=1.91841767912385
step 5762  lr=0.00775976645585105  loss=1.90368488610103
step 5763  lr=0.00775667389674781  loss=3.0521364726852
step 5764  lr=0.00775358156354744  loss=1.77463131813342
step 5765  lr=0.00775048945656135  loss=1.91371458742471
step 5766  lr=0.00774739757610091  loss=2.50215388085958
step 5767  lr=0.00774430592247747  loss=2.85869412260904
step 5768  lr=0.00774121449600237  loss=2.73462990369955
step 5769  lr=0.0077381232969869  loss=2.01512189721574
step 5770  lr=0.00773503232574236  loss=1.86675753912272
step 5771  lr=0.00773194158258  loss=2.61438134319002
step 5772  lr=0.00772885106781105  loss=1.86642734162483
step 5773  lr=0.00772576078174675  loss=2.6175813765026
step 5774  lr=0.00772267072469827  loss=2.88248977055172
step 5775  lr=0.00771958089697679  loss=2.58051863597425
step 5776  lr=0.00771649129889344  loss=2.43990721416058
step 5777  lr=0.00771340193075937  loss=1.79241048429503
step 5778  lr=0.00771031279288565  loss=1.81001867209613
step 5779  lr=0.00770722388558338  loss=2.75097593574104
step 5780  lr=0.00770413520916359  loss=3.07585848682232
step 5781  lr=0.00770104676393733  loss=2.88690590770463
step 5782  lr=0.00769795855021559  loss=1.75673576678381
step 5783  lr=0.00769487056830937  loss=1.88218064254128
step 5784  lr=0.00769178281852961  loss=2.88730658366437
step 5785  lr=0.00768869530118727  loss=2.24743699340984
step 5786  lr=0.00768560801659324  loss=2.47284580368263
step 5787  lr=0.00768252096505843  loss=3.03224804558104
step 5788  lr=0.00767943414689368  loss=2.61886290022559
step 5789  lr=0.00767634756240986  loss=2.75611969914103
step 5790  lr=0.00767326121191778  loss=1.85476163874505
step 5791  lr=0.00767017509572822  loss=2.81990778638909
step 5792  lr=0.00766708921415197  loss=1.71548758965316
step 5793  lr=0.00766400356749978  loss=2.5722982808786
step 5794  lr=0.00766091815608235  loss=2.08058741506974
step 5795  lr=0.00765783298021041  loss=2.64193730346572
step 5796  lr=0.00765474804019462  loss=2.74206063318103
step 5797  lr=0.00765166333634564  loss=2.59786842622968
step 5798  lr=0.0076485788689741  loss=1.90223278343878
step 5799  lr=0.0076454946383906  loss=1.89717772696623
step 5800  lr=0.00764241064490573  loss=2.74223577182545
step 5801  lr=0.00763932688883004  loss=2.68005851108714
step 5802  lr=0.00763624337047407  loss=2.69444178888198
step 5803  lr=0.00763316009014832  loss=2.60630608236986
step 5804  lr=0.00763007704816329  loss=2.78349031925387
step 5805  lr=0.00762699424482944  loss=1.73787613476886
step 5806  lr=0.0076239116804572  loss=2.90181783937385
step 5807  lr=0.00762082935535699  loss=2.5466925091119
step 5808  lr=0.0076177472698392  loss=1.93027524956495
step 5809  lr=0.00761466542421419  loss=2.13242893302743
step 5810  lr=0.00761158381879231  loss=2.58636084866523
step 5811  lr=0.00760850245388388  loss=2.69588366751939
step 5812  lr=0.00760542132979918  loss=2.79658359560696
step 5813  lr=0.00760234044684849  loss=1.68079958926731
step 5814  lr=0.00759925980534204  loss=2.13086543641657
step 5815  lr=0.00759617940559008  loss=1.68101109871181
step 5816  lr=0.00759309924790277  loss=2.54728444739794
step 5817  lr=0.00759001933259032  loss=2.77731622855357
step 5818  lr=0.00758693965996284  loss=2.0814558150808
step 5819  lr=0.00758386023033048  loss=1.85580634798465
step 5820  lr=0.00758078104400332  loss=1.85651438565895
step 5821  lr=0.00757770210129145  loss=2.92798606983633
step 5822  lr=0.00757462340250491  loss=2.71023371647436
step 5823  lr=0.00757154494795373  loss=2.63013518873995
step 5824  lr=0.0075684667379479  loss=1.897967878167
step 5825  lr=0.00756538877279741  loss=2.22115675820953
step 5826  lr=0.00756231105281221  loss=2.51938594492533
step 5827  lr=0.0075592335783022  loss=2.70775226033113
step 5828  lr=0.00755615634957732  loss=2.46592578829052
step 5829  lr=0.00755307936694742  loss=2.30681484176668
step 5830  lr=0.00755000263072237  loss=1.89746180171312
step 5831  lr=0.00754692614121197  loss=2.50704618221032
step 5832  lr=0.00754384989872606  loss=2.75022685067849
step 5833  lr=0.00754077390357439  loss=2.05480555506696
step 5834  lr=0.00753769815606672  loss=2.07113707030257
step 5835  lr=0.00753462265651278  loss=2.65649096674314
step 5836  lr=0.00753154740522227  loss=1.91019436582286
step 5837  lr=0.00752847240250486  loss=2.74385879236593
step 5838  lr=0.00752539764867022  loss=2.19684362631356
step 5839  lr=0.00752232314402797  loss=2.27339152668984
step 5840  lr=0.00751924888888772  loss=2.10206692280431
step 5841  lr=0.00751617488355902  loss=1.7416952340656
step 5842  lr=0.00751310112835145  loss=1.98250304391861
step 5843  lr=0.00751002762357453  loss=2.50277068845331
step 5844  lr=0.00750695436953776  loss=2.52428244985394
step 5845  lr=0.00750388136655062  loss=2.59613362782067
step 5846  lr=0.00750080861492255  loss=2.98844033084904
step 5847  lr=0.00749773611496299  loss=1.64177965643916
step 5848  lr=0.00749466386698134  loss=2.14527334484446
step 5849  lr=0.00749159187128695  loss=1.76774254714706
step 5850  lr=0.00748852012818921  loss=1.87528962352281
step 5851  lr=0.00748544863799742  loss=1.98162390264946
step 5852  lr=0.00748237740102088  loss=1.84336119113973
step 5853  lr=0.00747930641756886  loss=2.71497504473126
step 5854  lr=0.00747623568795063  loss=2.07675555400474
step 5855  lr=0.00747316521247539  loss=2.56671441392211
step 5856  lr=0.00747009499145234  loss=2.44308030085525
step 5857  lr=0.00746702502519066  loss=2.00503930264064
step 5858  lr=0.00746395531399949  loss=1.72963968393028
step 5859  lr=0.00746088585818795  loss=2.4647876175295
step 5860  lr=0.00745781665806513  loss=2.73829038560801
step 5861  lr=0.00745474771394011  loss=1.8942655664876
step 5862  lr=0.00745167902612192  loss=2.0893304201072
step 5863  lr=0.00744861059491959  loss=2.08264223461536
step 5864  lr=0.0074455424206421  loss=2.95460787311025
step 5865  lr=0.00744247450359841  loss=2.71544044637217
step 5866  lr=0.00743940684409748  loss=2.56723033375979
step 5867  lr=0.0074363394424482  loss=2.69446344820361
step 5868  lr=0.00743327229895947  loss=2.87819080835871
step 5869  lr=0.00743020541394016  loss=1.70821958442673
step 5870  lr=0.00742713878769909  loss=2.81625837684394
step 5871  lr=0.00742407242054506  loss=2.67902007942452
step 5872  lr=0.00742100631278688  loss=2.48655270240056
step 5873  lr=0.00741794046473329  loss=2.80863424722988
step 5874  lr=0.00741487487669303  loss=1.60788465542832
step 5875  lr=0.00741180954897479  loss=1.75844957710706
step 5876  lr=0.00740874448188727  loss=2.75292994895756
step 5877  lr=0.0074056796757391  loss=2.96271165417699
step 5878  lr=0.00740261513083892  loss=2.72072778403117
step 5879  lr=0.00739955084749532  loss=2.8335951849724
step 5880  lr=0.00739648682601688  loss=1.64174738155878
step 5881  lr=0.00739342306671215  loss=2.06419930301285
step 5882  lr=0.00739035956988964  loss=2.20061750769969
step 5883  lr=0.00738729633585785  loss=2.6588969994724
step 5884  lr=0.00738423336492525  loss=2.66855336421559
step 5885  lr=0.00738117065740028  loss=1.77319377434753
step 5886  lr=0.00737810821359135  loss=1.936570604638
step 5887  lr=0.00737504603380685  loss=1.75976915022588
step 5888  lr=0.00737198411835515  loss=2.66449243473173
step 5889  lr=0.00736892246754457  loss=2.20940681410422
step 5890  lr=0.00736586108168343  loss=1.87772059180386
step 5891  lr=0.00736279996108001  loss=1.77375906216251
step 5892  lr=0.00735973910604256  loss=1.87827491859446
step 5893  lr=0.0073566785168793  loss=1.89228866204229
step 5894  lr=0.00735361819389845  loss=2.67758262223145
step 5895  lr=0.00735055813740817  loss=2.8527232972436
step 5896  lr=0.00734749834771662  loss=1.85439978870813
step 5897  lr=0.00734443882513191  loss=1.85031617831141
step 5898  lr=0.00734137956996214  loss=2.48595157530098
step 5899  lr=0.00733832058251537  loss=2.5020062384005
step 5900  lr=0.00733526186309965  loss=1.2754580525176
step 5901  lr=0.00733220341202298  loss=2.31322983681546
step 5902  lr=0.00732914522959336  loss=2.70204033758221
step 5903  lr=0.00732608731611874  loss=1.86044823252847
step 5904  lr=0.00732302967190706  loss=1.76726472448876
step 5905  lr=0.00731997229726621  loss=2.60585614180632
step 5906  lr=0.00731691519250408  loss=2.65690028777875
step 5907  lr=0.00731385835792852  loss=2.66331333203918
step 5908  lr=0.00731080179384734  loss=2.87887809017988
step 5909  lr=0.00730774550056836  loss=2.66128308885059
step 5910  lr=0.00730468947839932  loss=2.55318304837698
step 5911  lr=0.00730163372764799  loss=1.91412242402451
step 5912  lr=0.00729857824862206  loss=2.61696659342072
step 5913  lr=0.00729552304162923  loss=2.85933459344857
step 5914  lr=0.00729246810697715  loss=2.52533927966794
step 5915  lr=0.00728941344497346  loss=1.63944846051323
step 5916  lr=0.00728635905592576  loss=1.83982417289765
step 5917  lr=0.00728330494014164  loss=2.54142747150605
step 5918  lr=0.00728025109792863  loss=1.88344723669846
step 5919  lr=0.00727719752959426  loss=2.81532082262375
step 5920  lr=0.00727414423544602  loss=2.63305359011369
step 5921  lr=0.00727109121579139  loss=1.78357926744491
step 5922  lr=0.00726803847093779  loss=2.01150721467661
step 5923  lr=0.00726498600119265  loss=2.93916031719044
step 5924  lr=0.00726193380686334  loss=1.96427483697501
step 5925  lr=0.00725888188825723  loss=2.52075021293441
step 5926  lr=0.00725583024568162  loss=1.78412801978303
step 5927  lr=0.00725277887944385  loss=1.82873118022097
step 5928  lr=0.00724972778985116  loss=2.22143809096812
step 5929  lr=0.00724667697721081  loss=2.57865351904725
step 5930  lr=0.00724362644183001  loss=2.03022504605292
step 5931  lr=0.00724057618401595  loss=2.61702074302624
step 5932  lr=0.0072375262040758  loss=2.88202751704428
step 5933  lr=0.00723447650231668  loss=1.5433117731292
step 5934  lr=0.0072314270790457  loss=1.83258066937891
step 5935  lr=0.00722837793456995  loss=2.73022396614985
step 5936  lr=0.00722532906919645  loss=2.01019525182989
step 5937  lr=0.00722228048323224  loss=2.56095689332854
step 5938  lr=0.00721923217698431  loss=1.90341605624888
step 5939  lr=0.00721618415075963  loss=2.18406721635746
step 5940  lr=0.00721313640486512  loss=1.63730429608493
step 5941  lr=0.00721008893960771  loss=1.78259760358428
step 5942  lr=0.00720704175529426  loss=2.46895622994825
step 5943  lr=0.00720399485223163  loss=2.5538586453676
step 5944  lr=0.00720094823072664  loss=1.79226441767471
step 5945  lr=0.00719790189108609  loss=1.86409229386251
step 5946  lr=0.00719485583361674  loss=1.86928395573368
step 5947  lr=0.00719181005862533  loss=2.66958132551771
step 5948  lr=0.00718876456641857  loss=2.71233757254619
step 5949  lr=0.00718571935730315  loss=1.64976118583185
step 5950  lr=0.0071826744315857  loss=1.32042172206274
step 5951  lr=0.00717962978957287  loss=1.95574285346835
step 5952  lr=0.00717658543157123  loss=2.46720470461112
step 5953  lr=0.00717354135788737  loss=2.74430313780198
step 5954  lr=0.00717049756882782  loss=1.67134120586736
step 5955  lr=0.00716745406469908  loss=1.85030256085381
step 5956  lr=0.00716441084580764  loss=1.95542443026204
step 5957  lr=0.00716136791245995  loss=2.97199922330158
step 5958  lr=0.00715832526496244  loss=1.69221157539844
step 5959  lr=0.00715528290362149  loss=1.76502434032363
step 5960  lr=0.00715224082874348  loss=2.28360332104878
step 5961  lr=0.00714919904063474  loss=2.7312573571906
step 5962  lr=0.00714615753960157  loss=1.64045137813715
step 5963  lr=0.00714311632595026  loss=1.76539224618586
step 5964  lr=0.00714007539998707  loss=1.79565617863367
step 5965  lr=0.0071370347620182  loss=2.86061543220179
step 5966  lr=0.00713399441234985  loss=1.85495639438579
step 5967  lr=0.00713095435128818  loss=1.63041590464603
step 5968  lr=0.00712791457913934  loss=2.44035164836749
step 5969  lr=0.00712487509620942  loss=2.57582076508392
step 5970  lr=0.00712183590280449  loss=1.6304188727255
step 5971  lr=0.00711879699923061  loss=2.07231749947597
step 5972  lr=0.0071157583857938  loss=1.82473124179621
step 5973  lr=0.00711272006280004  loss=2.04399809015192
step 5974  lr=0.00710968203055528  loss=1.9372018386917
step 5975  lr=0.00710664428936547  loss=1.7303326015041
step 5976  lr=0.0071036068395365  loss=1.78802242580159
step 5977  lr=0.00710056968137424  loss=2.82344261796961
step 5978  lr=0.00709753281518454  loss=2.52048924616214
step 5979  lr=0.0070944962412732  loss=1.92996340612706
step 5980  lr=0.00709145995994601  loss=1.69797271574238
step 5981  lr=0.00708842397150872  loss=2.76117784335706
step 5982  lr=0.00708538827626706  loss=1.68100054276152
step 5983  lr=0.00708235287452672  loss=2.84695432096525
step 5984  lr=0.00707931776659337  loss=2.77625806842912
step 5985  lr=0.00707628295277263  loss=1.91937147800578
step 5986  lr=0.00707324843337012  loss=1.85148664826155
step 5987  lr=0.00707021420869142  loss=2.54439997248724
step 5988  lr=0.00706718027904207  loss=1.82954822944316
step 5989  lr=0.00706414664472758  loss=1.78024895354765
step 5990  lr=0.00706111330605344  loss=2.69136097356859
step 5991  lr=0.00705808026332511  loss=2.45155996399487
step 5992  lr=0.00705504751684803  loss=1.81918806493202
step 5993  lr=0.00705201506692757  loss=1.26341809491628
step 5994  lr=0.00704898291386912  loss=1.77696371723095
step 5995  lr=0.007045951057978  loss=1.68763025019466
step 5996  lr=0.00704291949955954  loss=2.25051133226339
step 5997  lr=0.00703988823891899  loss=1.64906276318707
step 5998  lr=0.00703685727636163  loss=2.80377755431454
step 5999  lr=0.00703382661219265  loss=1.9206362253283
step 6000  lr=0.00703079624671725  loss=2.6850208816051
step 6001  lr=0.00702776618024059  loss=1.66469487594602
step 6002  lr=0.0070247364130678  loss=1.79524792161418
step 6003  lr=0.00702170694550396  loss=1.76717260779849
step 6004  lr=0.00701867777785416  loss=2.52641701671825
step 6005  lr=0.00701564891042342  loss=1.71546907066537
step 6006  lr=0.00701262034351675  loss=2.57980905327382
step 6007  lr=0.00700959207743913  loss=1.88411354256768
step 6008  lr=0.00700656411249551  loss=2.6760831266532
step 6009  lr=0.0070035364489908  loss=2.53008286605673
step 6010  lr=0.00700050908722989  loss=1.76362775584878
step 6011  lr=0.00699748202751764  loss=2.54315206602118
step 6012  lr=0.00699445527015886  loss=2.47000368437741
step 6013  lr=0.00699142881545835  loss=2.76161199572139
step 6014  lr=0.00698840266372088  loss=2.69704453551771
step 6015  lr=0.00698537681525117  loss=2.68832524040638
step 6016  lr=0.00698235127035394  loss=2.88707006249884
step 6017  lr=0.00697932602933385  loss=1.78976898805838
step 6018  lr=0.00697630109249556  loss=1.64448578278053
step 6019  lr=0.00697327646014365  loss=2.65311747583286
step 6020  lr=0.00697025213258273  loss=2.60950212246326
step 6021  lr=0.00696722811011733  loss=1.67073762565928
step 6022  lr=0.00696420439305198  loss=2.07793868820439
step 6023  lr=0.00696118098169116  loss=2.73474765720885
step 6024  lr=0.00695815787633934  loss=2.72979573765396
step 6025  lr=0.00695513507730093  loss=2.00579007899676
step 6026  lr=0.00695211258488034  loss=2.72561539080854
step 6027  lr=0.00694909039938193  loss=3.11259236092149
step 6028  lr=0.00694606852111003  loss=2.18146382394558
step 6029  lr=0.00694304695036894  loss=1.78537468277783
step 6030  lr=0.00694002568746295  loss=1.78891373669757
step 6031  lr=0.00693700473269628  loss=1.83038791077433
step 6032  lr=0.00693398408637316  loss=2.49069296201107
step 6033  lr=0.00693096374879775  loss=1.87292927621535
step 6034  lr=0.00692794372027421  loss=1.91771325699287
step 6035  lr=0.00692492400110665  loss=2.7059496621844
step 6036  lr=0.00692190459159917  loss=2.62695404587295
step 6037  lr=0.0069188854920558  loss=2.51017009601404
step 6038  lr=0.00691586670278059  loss=2.67317563129202
step 6039  lr=0.0069128482240775  loss=1.78760176494136
step 6040  lr=0.00690983005625053  loss=2.95884910507917
step 6041  lr=0.00690681219960358  loss=2.02682701776954
step 6042  lr=0.00690379465444055  loss=3.04058390036613
step 6043  lr=0.00690077742106532  loss=1.59496571131898
step 6044  lr=0.00689776049978172  loss=2.57301037107344
step 6045  lr=0.00689474389089355  loss=1.8034259234594
step 6046  lr=0.00689172759470459  loss=1.67286153912745
step 6047  lr=0.00688871161151857  loss=2.86079943290852
step 6048  lr=0.00688569594163921  loss=2.77874090234755
step 6049  lr=0.00688268058537018  loss=2.23812370134142
step 6050  lr=0.00687966554301513  loss=2.03648950539961
step 6051  lr=0.00687665081487767  loss=1.83837103163942
step 6052  lr=0.0068736364012614  loss=2.20969309415645
step 6053  lr=0.00687062230246985  loss=1.80394844638482
step 6054  lr=0.00686760851880655  loss=1.77986972446652
step 6055  lr=0.00686459505057499  loss=2.26434423870456
step 6056  lr=0.00686158189807862  loss=2.70059614052825
step 6057  lr=0.00685856906162086  loss=1.77462549605965
step 6058  lr=0.00685555654150512  loss=2.18546691415887
step 6059  lr=0.00685254433803475  loss=2.72866451827041
step 6060  lr=0.00684953245151307  loss=2.86962956999105
step 6061  lr=0.00684652088224339  loss=2.72939267316456
step 6062  lr=0.00684350963052898  loss=1.72669839683364
step 6063  lr=0.00684049869667305  loss=2.17000693392401
step 6064  lr=0.00683748808097882  loss=2.77583583609417
step 6065  lr=0.00683447778374946  loss=1.68876392246726
step 6066  lr=0.00683146780528809  loss=2.12780771561016
step 6067  lr=0.00682845814589783  loss=1.8152308027688
step 6068  lr=0.00682544880588175  loss=1.84849259723962
step 6069  lr=0.00682243978554289  loss=2.51584528964215
step 6070  lr=0.00681943108518425  loss=2.41301836812533
step 6071  lr=0.00681642270510882  loss=2.67536902302309
step 6072  lr=0.00681341464561953  loss=1.84379360917811
step 6073  lr=0.0068104069070193  loss=2.54169342250289
step 6074  lr=0.00680739948961101  loss=2.20980076017539
step 6075  lr=0.0068043923936975  loss=1.62063419772028
step 6076  lr=0.00680138561958159  loss=1.66261877474639
step 6077  lr=0.00679837916756606  loss=2.72181473048003
step 6078  lr=0.00679537303795366  loss=1.77198677765572
step 6079  lr=0.00679236723104711  loss=2.13647794288104
step 6080  lr=0.00678936174714909  loss=1.64471090096719
step 6081  lr=0.00678635658656226  loss=2.09225024126789
step 6082  lr=0.00678335174958922  loss=1.62813063732091
step 6083  lr=0.00678034723653259  loss=2.9541155124027
step 6084  lr=0.00677734304769489  loss=2.62235886370389
step 6085  lr=0.00677433918337866  loss=2.44987003302903
step 6086  lr=0.00677133564388639  loss=2.68611186962059
step 6087  lr=0.00676833242952053  loss=2.66560612192467
step 6088  lr=0.0067653295405835  loss=2.60532786385924
step 6089  lr=0.00676232697737771  loss=1.83554097804172
step 6090  lr=0.00675932474020549  loss=1.75614622577296
step 6091  lr=0.00675632282936919  loss=2.74195207999987
step 6092  lr=0.00675332124517109  loss=2.68003220290296
step 6093  lr=0.00675031998791345  loss=1.64330467966746
step 6094  lr=0.0067473190578985  loss=2.66302439435343
step 6095  lr=0.00674431845542844  loss=2.88605728899859
step 6096  lr=0.00674131818080541  loss=2.61406771445433
step 6097  lr=0.00673831823433155  loss=2.49816108821652
step 6098  lr=0.00673531861630896  loss=2.49202282243316
step 6099  lr=0.0067323193270397  loss=1.84306671942339
step 6100  lr=0.00672932036682578  loss=2.87738405202172
step 6101  lr=0.00672632173596922  loss=2.0567313959549
step 6102  lr=0.00672332343477197  loss=2.35843927748687
step 6103  lr=0.00672032546353597  loss=2.52272743262496
step 6104  lr=0.00671732782256309  loss=2.67186236783587
step 6105  lr=0.00671433051215522  loss=2.59059904325615
step 6106  lr=0.00671133353261417  loss=2.27424020277909
step 6107  lr=0.00670833688424175  loss=2.70813581580279
step 6108  lr=0.0067053405673397  loss=1.90895629966196
step 6109  lr=0.00670234458220978  loss=2.67984891236721
step 6110  lr=0.00669934892915367  loss=1.25545630938179
step 6111  lr=0.00669635360847303  loss=2.12664718987541
step 6112  lr=0.00669335862046949  loss=2.6578491252867
step 6113  lr=0.00669036396544465  loss=1.60766392191399
step 6114  lr=0.00668736964370006  loss=1.7768454641941
step 6115  lr=0.00668437565553726  loss=2.61543432368818
step 6116  lr=0.00668138200125774  loss=1.84826055785322
step 6117  lr=0.00667838868116297  loss=2.20766988040356
step 6118  lr=0.00667539569555436  loss=2.90861418371672
step 6119  lr=0.00667240304473332  loss=1.81150100877806
step 6120  lr=0.00666941072900119  loss=1.75655212165125
step 6121  lr=0.00666641874865932  loss=2.681136305809
step 6122  lr=0.00666342710400898  loss=1.73654749412635
step 6123  lr=0.00666043579535145  loss=1.8340968714795
step 6124  lr=0.00665744482298794  loss=2.85834978542649
step 6125  lr=0.00665445418721965  loss=2.14589319038742
step 6126  lr=0.00665146388834772  loss=1.84032475208354
step 6127  lr=0.0066484739266733  loss=2.82856939220419
step 6128  lr=0.00664548430249745  loss=2.79034556221611
step 6129  lr=0.00664249501612125  loss=1.9479449622172
step 6130  lr=0.0066395060678457  loss=2.70345771765819
step 6131  lr=0.0066365174579718  loss=2.95477071065549
step 6132  lr=0.0066335291868005  loss=1.65427086886435
step 6133  lr=0.00663054125463272  loss=2.55610887066818
step 6134  lr=0.00662755366176934  loss=1.71891698518323
step 6135  lr=0.00662456640851122  loss=1.95910190295722
step 6136  lr=0.00662157949515917  loss=1.79954050652345
step 6137  lr=0.00661859292201397  loss=1.25769191925577
step 6138  lr=0.00661560668937637  loss=2.59344603421967
step 6139  lr=0.00661262079754709  loss=2.92990904179613
step 6140  lr=0.00660963524682679  loss=2.67823333492997
step 6141  lr=0.00660665003751614  loss=2.53567609331986
step 6142  lr=0.00660366516991573  loss=2.51130346919365
step 6143  lr=0.00660068064432615  loss=1.83857592987951
step 6144  lr=0.00659769646104793  loss=1.73150073402796
step 6145  lr=0.00659471262038159  loss=1.96579285351532
step 6146  lr=0.00659172912262759  loss=2.73141635848851
step 6147  lr=0.00658874596808638  loss=2.19596778427048
step 6148  lr=0.00658576315705836  loss=1.2644679075186
step 6149  lr=0.00658278068984389  loss=1.80418057750943
step 6150  lr=0.00657979856674331  loss=1.9191105246409
step 6151  lr=0.00657681678805693  loss=2.61519561519918
step 6152  lr=0.00657383535408499  loss=1.23910718399849
step 6153  lr=0.00657085426512775  loss=1.77176653428377
step 6154  lr=0.00656787352148539  loss=1.68222775935475
step 6155  lr=0.00656489312345807  loss=2.69979831381051
step 6156  lr=0.00656191307134592  loss=1.69083632460436
step 6157  lr=0.00655893336544902  loss=2.87402870848117
step 6158  lr=0.00655595400606745  loss=2.73206580393119
step 6159  lr=0.00655297499350121  loss=2.49323411187633
step 6160  lr=0.0065499963280503  loss=1.81356294189452
step 6161  lr=0.00654701801001465  loss=2.53644811492457
step 6162  lr=0.00654404003969421  loss=2.60111284280139
step 6163  lr=0.00654106241738883  loss=1.66194653497803
step 6164  lr=0.00653808514339838  loss=2.73982482281169
step 6165  lr=0.00653510821802265  loss=2.05093320944168
step 6166  lr=0.00653213164156144  loss=1.96893067420778
step 6167  lr=0.00652915541431447  loss=2.42880251047932
step 6168  lr=0.00652617953658146  loss=1.85409170100744
step 6169  lr=0.00652320400866207  loss=2.18555732197517
step 6170  lr=0.00652022883085595  loss=1.96018470905709
step 6171  lr=0.00651725400346269  loss=1.83806127493371
step 6172  lr=0.00651427952678185  loss=2.50393031287339
step 6173  lr=0.00651130540111297  loss=1.65341848329834
step 6174  lr=0.00650833162675554  loss=2.50040518953858
step 6175  lr=0.00650535820400902  loss=1.76549192709449
step 6176  lr=0.00650238513317283  loss=1.85128188254488
step 6177  lr=0.00649941241454636  loss=3.01196942501184
step 6178  lr=0.00649644004842898  loss=2.91415298854678
step 6179  lr=0.00649346803511997  loss=2.53263767003866
step 6180  lr=0.00649049637491865  loss=1.86426730256391
step 6181  lr=0.00648752506812424  loss=1.77471800330422
step 6182  lr=0.00648455411503596  loss=2.88878452836615
step 6183  lr=0.00648158351595298  loss=1.86901548135493
step 6184  lr=0.00647861327117445  loss=1.8885166766689
step 6185  lr=0.00647564338099947  loss=1.2359867832337
step 6186  lr=0.0064726738457271  loss=2.58378306023252
step 6187  lr=0.00646970466565638  loss=2.67267725197737
step 6188  lr=0.0064667358410863  loss=2.94610797107592
step 6189  lr=0.00646376737231583  loss=1.71912653090569
step 6190  lr=0.00646079925964388  loss=2.75032735609363
step 6191  lr=0.00645783150336935  loss=1.83253291637642
step 6192  lr=0.0064548641037911  loss=1.59598639914807
step 6193  lr=0.00645189706120793  loss=2.51386183070613
step 6194  lr=0.00644893037591863  loss=2.66639068086541
step 6195  lr=0.00644596404822194  loss=2.46802656426512
step 6196  lr=0.00644299807841658  loss=2.65928867945747
step 6197  lr=0.00644003246680122  loss=1.77499862669473
step 6198  lr=0.00643706721367448  loss=1.68713013828738
step 6199  lr=0.00643410231933498  loss=2.72092488544776
step 6200  lr=0.00643113778408128  loss=1.633565171834
step 6201  lr=0.00642817360821191  loss=1.73169366923294
step 6202  lr=0.00642520979202536  loss=2.57612318964695
step 6203  lr=0.00642224633582008  loss=1.65121568822873
step 6204  lr=0.0064192832398945  loss=2.52811811929537
step 6205  lr=0.006416320504547  loss=2.0811396803082
step 6206  lr=0.00641335813007593  loss=2.87620655063999
step 6207  lr=0.00641039611677959  loss=2.40041047334243
step 6208  lr=0.00640743446495627  loss=2.83120427404874
step 6209  lr=0.00640447317490419  loss=2.44770247998987
step 6210  lr=0.00640151224692158  loss=1.91724296859827
step 6211  lr=0.00639855168130658  loss=2.68678667266543
step 6212  lr=0.00639559147835732  loss=2.39148361793569
step 6213  lr=0.00639263163837191  loss=1.85881712710523
step 6214  lr=0.00638967216164839  loss=2.74802960574053
step 6215  lr=0.00638671304848478  loss=2.24598450227305
step 6216  lr=0.00638375429917908  loss=1.7660419625022
step 6217  lr=0.00638079591402921  loss=2.69937501412262
step 6218  lr=0.0063778378933331  loss=1.7924311534688
step 6219  lr=0.00637488023738862  loss=1.68650155707351
step 6220  lr=0.00637192294649359  loss=1.77205854468145
step 6221  lr=0.00636896602094582  loss=2.63774637416191
step 6222  lr=0.00636600946104308  loss=2.48308002164634
step 6223  lr=0.00636305326708309  loss=1.79536433151935
step 6224  lr=0.00636009743936353  loss=2.0676621186286
step 6225  lr=0.00635714197818206  loss=2.62316443796541
step 6226  lr=0.00635418688383629  loss=1.85809427091963
step 6227  lr=0.0063512321566238  loss=2.40190094732189
step 6228  lr=0.00634827779684214  loss=1.81138657938776
step 6229  lr=0.0063453238047888  loss=1.25864748452083
step 6230  lr=0.00634237018076126  loss=2.68130394442694
step 6231  lr=0.00633941692505693  loss=1.64403817548668
step 6232  lr=0.00633646403797323  loss=1.77603077361377
step 6233  lr=0.00633351151980749  loss=1.84392824007009
step 6234  lr=0.00633055937085704  loss=1.84166429235374
step 6235  lr=0.00632760759141917  loss=2.61010867596362
step 6236  lr=0.00632465618179111  loss=2.40705645267929
step 6237  lr=0.00632170514227007  loss=2.61875152924961
step 6238  lr=0.00631875447315322  loss=2.63817282898038
step 6239  lr=0.0063158041747377  loss=2.42650524483863
step 6240  lr=0.00631285424732059  loss=2.22550834929432
step 6241  lr=0.00630990469119896  loss=2.03928268036165
step 6242  lr=0.00630695550666984  loss=1.63200555020989
step 6243  lr=0.00630400669403018  loss=1.89261888747372
step 6244  lr=0.00630105825357695  loss=2.56296606209138
step 6245  lr=0.00629811018560706  loss=1.85014907387761
step 6246  lr=0.00629516249041737  loss=1.7825738593757
step 6247  lr=0.00629221516830472  loss=2.42477667238311
step 6248  lr=0.00628926821956589  loss=3.08339403521916
step 6249  lr=0.00628632164449765  loss=2.67750963025076
step 6250  lr=0.00628337544339673  loss=2.29632686240468
step 6251  lr=0.00628042961655979  loss=2.69175137263219
step 6252  lr=0.00627748416428349  loss=1.59696827933175
step 6253  lr=0.00627453908686443  loss=1.84358324665807
step 6254  lr=0.00627159438459919  loss=2.6079431329259
step 6255  lr=0.00626865005778429  loss=1.90162651497112
step 6256  lr=0.00626570610671622  loss=1.90666260042095
step 6257  lr=0.00626276253169145  loss=1.89574085751637
step 6258  lr=0.00625981933300639  loss=2.66801871612645
step 6259  lr=0.00625687651095742  loss=1.85949134344256
step 6260  lr=0.00625393406584088  loss=2.03401755985389
step 6261  lr=0.00625099199795308  loss=2.65636087469039
step 6262  lr=0.00624805030759028  loss=2.59750143715463
step 6263  lr=0.00624510899504872  loss=1.85845105111173
step 6264  lr=0.00624216806062457  loss=2.12829214950241
step 6265  lr=0.006239227504614  loss=2.07350673823126
step 6266  lr=0.00623628732731312  loss=1.81482625175207
step 6267  lr=0.006233347529018  loss=2.51907192535341
step 6268  lr=0.00623040811002468  loss=1.86284795993083
step 6269  lr=0.00622746907062916  loss=1.72085391447398
step 6270  lr=0.0062245304111274  loss=2.4672099806099
step 6271  lr=0.00622159213181533  loss=2.50929934953386
step 6272  lr=0.00621865423298882  loss=2.6764437365133
step 6273  lr=0.00621571671494374  loss=2.54128585895027
step 6274  lr=0.00621277957797587  loss=2.15549157123766
step 6275  lr=0.006209842822381  loss=1.66368630947717
step 6276  lr=0.00620690644845485  loss=2.89762276472318
step 6277  lr=0.00620397045649312  loss=3.12287430792776
step 6278  lr=0.00620103484679145  loss=1.68842170863464
step 6279  lr=0.00619809961964548  loss=2.68980387313749
step 6280  lr=0.00619516477535077  loss=1.66850418376312
step 6281  lr=0.00619223031420287  loss=2.75493363267449
step 6282  lr=0.00618929623649726  loss=2.07963164913947
step 6283  lr=0.00618636254252942  loss=1.91736907447411
step 6284  lr=0.00618342923259477  loss=2.6102458736396
step 6285  lr=0.00618049630698869  loss=1.92553469047727
step 6286  lr=0.00617756376600653  loss=2.6860837446139
step 6287  lr=0.00617463160994359  loss=2.91497523863526
step 6288  lr=0.00617169983909514  loss=2.53836670971268
step 6289  lr=0.00616876845375642  loss=2.73640363289154
step 6290  lr=0.00616583745422261  loss=2.60653223351017
step 6291  lr=0.00616290684078886  loss=2.74423017101464
step 6292  lr=0.00615997661375029  loss=2.32026159281713
step 6293  lr=0.00615704677340196  loss=1.61843661335054
step 6294  lr=0.00615411732003892  loss=2.10000791595721
step 6295  lr=0.00615118825395617  loss=1.95264534130217
step 6296  lr=0.00614825957544865  loss=2.90770031047392
step 6297  lr=0.00614533128481128  loss=1.86103490205279
step 6298  lr=0.00614240338233895  loss=1.88204244905908
step 6299  lr=0.0061394758683265  loss=2.21172052513658
step 6300  lr=0.00613654874306871  loss=2.7426826461862
step 6301  lr=0.00613362200686037  loss=1.92618816986094
step 6302  lr=0.00613069565999618  loss=2.66897754461344
step 6303  lr=0.00612776970277083  loss=1.87167116469763
step 6304  lr=0.00612484413547897  loss=1.90584968832197
step 6305  lr=0.0061219189584152  loss=2.40703430461557
step 6306  lr=0.00611899417187408  loss=1.31371380326243
step 6307  lr=0.00611606977615015  loss=2.90648301788076
step 6308  lr=0.00611314577153787  loss=1.27004535253352
step 6309  lr=0.00611022215833172  loss=1.66911783009091
step 6310  lr=0.00610729893682609  loss=2.8155187609797
step 6311  lr=0.00610437610731534  loss=1.73297047831128
step 6312  lr=0.00610145367009382  loss=2.53119355270099
step 6313  lr=0.00609853162545581  loss=2.60640863766077
step 6314  lr=0.00609560997369555  loss=2.14065687587064
step 6315  lr=0.00609268871510726  loss=1.98097230186502
step 6316  lr=0.00608976784998511  loss=1.8767562167407
step 6317  lr=0.00608684737862324  loss=1.76837517508221
step 6318  lr=0.00608392730131572  loss=2.14618004090741
step 6319  lr=0.00608100761835662  loss=1.42645989798126
step 6320  lr=0.00607808833003994  loss=1.23540984892579
step 6321  lr=0.00607516943665967  loss=2.65891671830548
step 6322  lr=0.00607225093850972  loss=2.59494826889821
step 6323  lr=0.006069332835884  loss=2.73061139319549
step 6324  lr=0.00606641512907635  loss=1.87618752722922
step 6325  lr=0.00606349781838059  loss=2.10412146694852
step 6326  lr=0.00606058090409049  loss=1.85178521516362
step 6327  lr=0.00605766438649979  loss=2.8967269824173
step 6328  lr=0.00605474826590217  loss=2.13472509732931
step 6329  lr=0.0060518325425913  loss=1.83144820130863
step 6330  lr=0.00604891721686078  loss=2.58972757602174
step 6331  lr=0.00604600228900419  loss=2.67167918769344
step 6332  lr=0.00604308775931507  loss=3.04140968535217
step 6333  lr=0.00604017362808689  loss=1.76267791071572
step 6334  lr=0.00603725989561313  loss=1.78641754728498
step 6335  lr=0.00603434656218718  loss=2.70808837017196
step 6336  lr=0.00603143362810243  loss=1.88141377486318
step 6337  lr=0.00602852109365219  loss=2.48534657712143
step 6338  lr=0.00602560895912978  loss=2.83964814560647
step 6339  lr=0.00602269722482844  loss=2.27768716150757
step 6340  lr=0.00601978589104138  loss=1.81704575333939
step 6341  lr=0.00601687495806177  loss=2.09933111102489
step 6342  lr=0.00601396442618274  loss=2.67466025287834
step 6343  lr=0.00601105429569739  loss=2.65234339485272
step 6344  lr=0.00600814456689876  loss=2.55844879676657
step 6345  lr=0.00600523524007986  loss=1.94931460379733
step 6346  lr=0.00600232631553366  loss=2.57434557975594
step 6347  lr=0.0059994177935531  loss=2.52075956767862
step 6348  lr=0.00599650967443105  loss=1.66030358400813
step 6349  lr=0.00599360195846037  loss=1.68466920584776
step 6350  lr=0.00599069464593386  loss=2.48993201669782
step 6351  lr=0.0059877877371443  loss=2.52349320443274
step 6352  lr=0.00598488123238439  loss=2.68081462938713
step 6353  lr=0.00598197513194684  loss=2.15476494960499
step 6354  lr=0.00597906943612429  loss=2.09533613145899
step 6355  lr=0.00597616414520932  loss=2.60246842616092
step 6356  lr=0.00597325925949452  loss=2.35262957480155
step 6357  lr=0.0059703547792724  loss=1.83917891870202
step 6358  lr=0.00596745070483545  loss=1.89178825851948
step 6359  lr=0.0059645470364761  loss=2.0968586995574
step 6360  lr=0.00596164377448675  loss=2.6471151718466
step 6361  lr=0.00595874091915977  loss=2.7196884764948
step 6362  lr=0.00595583847078746  loss=1.90158364910912
step 6363  lr=0.00595293642966211  loss=1.9883494211681
step 6364  lr=0.00595003479607595  loss=2.44769093295716
step 6365  lr=0.00594713357032117  loss=2.7417432208923
step 6366  lr=0.00594423275268994  loss=2.05926465517128
step 6367  lr=0.00594133234347435  loss=1.71362945413162
step 6368  lr=0.00593843234296648  loss=2.24580123857272
step 6369  lr=0.00593553275145837  loss=2.51973404551322
step 6370  lr=0.005932633569242  loss=2.64380912721834
step 6371  lr=0.00592973479660931  loss=2.92466209764357
step 6372  lr=0.00592683643385223  loss=2.04180995899189
step 6373  lr=0.0059239384812626  loss=2.04542841084308
step 6374  lr=0.00592104093913225  loss=2.50027000225683
step 6375  lr=0.00591814380775297  loss=2.46328855241566
step 6376  lr=0.0059152470874165  loss=3.00754761326924
step 6377  lr=0.00591235077841453  loss=1.8880620169626
step 6378  lr=0.00590945488103873  loss=1.79752258945935
step 6379  lr=0.00590655939558071  loss=2.32728528679643
step 6380  lr=0.00590366432233205  loss=2.08883224193433
step 6381  lr=0.00590076966158427  loss=1.83986044142362
step 6382  lr=0.00589787541362888  loss=1.85879066576097
step 6383  lr=0.00589498157875733  loss=1.76019909515282
step 6384  lr=0.00589208815726102  loss=1.71211230649593
step 6385  lr=0.00588919514943131  loss=2.52962037295302
step 6386  lr=0.00588630255555954  loss=1.89468406480926
step 6387  lr=0.005883410375937  loss=1.63229631120565
step 6388  lr=0.00588051861085491  loss=3.10795914046828
step 6389  lr=0.00587762726060449  loss=1.83771996895484
step 6390  lr=0.00587473632547689  loss=1.76659534957497
step 6391  lr=0.00587184580576323  loss=2.48675337664593
step 6392  lr=0.00586895570175458  loss=1.80317044699545
step 6393  lr=0.00586606601374198  loss=1.9015757746723
step 6394  lr=0.00586317674201643  loss=2.62306659298446
step 6395  lr=0.00586028788686885  loss=2.82354953970554
step 6396  lr=0.00585739944859018  loss=1.75170632358314
step 6397  lr=0.00585451142747127  loss=1.25612609081871
step 6398  lr=0.00585162382380295  loss=3.00299281770879
step 6399  lr=0.00584873663787599  loss=2.48883777739821
step 6400  lr=0.00584584986998114  loss=1.78486770734153
step 6401  lr=0.00584296352040909  loss=1.76161214153671
step 6402  lr=0.0058400775894505  loss=2.72242803085126
step 6403  lr=0.00583719207739599  loss=3.05007218129461
step 6404  lr=0.00583430698453612  loss=2.41217231253155
step 6405  lr=0.00583142231116142  loss=2.73856527420476
step 6406  lr=0.00582853805756238  loss=2.61390319451179
step 6407  lr=0.00582565422402945  loss=2.73084587622794
step 6408  lr=0.00582277081085302  loss=2.83480835070713
step 6409  lr=0.00581988781832345  loss=3.02702422295426
step 6410  lr=0.00581700524673107  loss=2.5928583773948
step 6411  lr=0.00581412309636615  loss=2.51518955567783
step 6412  lr=0.00581124136751891  loss=1.70557540540129
step 6413  lr=0.00580836006047956  loss=3.05432271023634
step 6414  lr=0.00580547917553823  loss=2.96116913091084
step 6415  lr=0.00580259871298503  loss=1.92761315681215
step 6416  lr=0.00579971867311003  loss=1.61127935399098
step 6417  lr=0.00579683905620325  loss=2.6927545526643
step 6418  lr=0.00579395986255465  loss=1.90709602653027
step 6419  lr=0.00579108109245418  loss=2.68808058506661
step 6420  lr=0.00578820274619173  loss=2.07774453256222
step 6421  lr=0.00578532482405716  loss=1.81960139130878
step 6422  lr=0.00578244732634025  loss=1.97252476576316
step 6423  lr=0.00577957025333078  loss=2.37719393548519
step 6424  lr=0.00577669360531848  loss=2.59434590478069
step 6425  lr=0.00577381738259301  loss=2.08877855711261
step 6426  lr=0.00577094158544401  loss=2.56213662504715
step 6427  lr=0.00576806621416109  loss=2.16318386216714
step 6428  lr=0.00576519126903377  loss=1.66917407910609
step 6429  lr=0.00576231675035159  loss=1.87293090382281
step 6430  lr=0.00575944265840399  loss=1.87674584951681
step 6431  lr=0.00575656899348039  loss=1.97655191040765
step 6432  lr=0.00575369575587019  loss=2.12495608019091
step 6433  lr=0.0057508229458627  loss=2.05367669371366
step 6434  lr=0.00574795056374723  loss=1.7644691210883
step 6435  lr=0.00574507860981302  loss=2.52646890128227
step 6436  lr=0.00574220708434927  loss=1.78944618039024
step 6437  lr=0.00573933598764516  loss=2.6582725178959
step 6438  lr=0.0057364653199898  loss=2.5095200295498
step 6439  lr=0.00573359508167226  loss=3.00428341615308
step 6440  lr=0.00573072527298158  loss=2.50320565359957
step 6441  lr=0.00572785589420675  loss=2.50364581361458
step 6442  lr=0.00572498694563671  loss=2.13463208973211
step 6443  lr=0.00572211842756038  loss=1.84025633413324
step 6444  lr=0.00571925034026659  loss=2.43232106833177
step 6445  lr=0.00571638268404419  loss=2.60335850741335
step 6446  lr=0.00571351545918193  loss=1.8941545220693
step 6447  lr=0.00571064866596854  loss=2.09199875055682
step 6448  lr=0.00570778230469272  loss=2.68431672499955
step 6449  lr=0.0057049163756431  loss=2.6095150438285
step 6450  lr=0.00570205087910828  loss=2.48194381907087
step 6451  lr=0.00569918581537683  loss=1.6242542524413
step 6452  lr=0.00569632118473724  loss=2.56295623948739
step 6453  lr=0.005693456987478  loss=3.02435300777116
step 6454  lr=0.00569059322388751  loss=1.86077021489576
step 6455  lr=0.00568772989425417  loss=2.84805254284222
step 6456  lr=0.00568486699886632  loss=2.44767558350245
step 6457  lr=0.00568200453801223  loss=1.84194937448535
step 6458  lr=0.00567914251198018  loss=1.76797464936417
step 6459  lr=0.00567628092105835  loss=2.94712143719942
step 6460  lr=0.00567341976553491  loss=2.70091309302701
step 6461  lr=0.005670559045698  loss=2.79690083986131
step 6462  lr=0.00566769876183566  loss=1.77055448415416
step 6463  lr=0.00566483891423594  loss=2.75646103405395
step 6464  lr=0.00566197950318682  loss=2.73945531793042
step 6465  lr=0.00565912052897625  loss=2.51394384465098
step 6466  lr=0.00565626199189212  loss=2.22201725291617
step 6467  lr=0.00565340389222229  loss=2.47183827028412
step 6468  lr=0.00565054623025457  loss=2.28500583935459
step 6469  lr=0.00564768900627673  loss=1.75253205081499
step 6470  lr=0.00564483222057648  loss=3.01477876456252
step 6471  lr=0.00564197587344151  loss=2.70343877309977
step 6472  lr=0.00563911996515945  loss=2.28268054916812
step 6473  lr=0.00563626449601789  loss=1.78220730271759
step 6474  lr=0.00563340946630437  loss=2.51605249283166
step 6475  lr=0.00563055487630641  loss=2.13819107502328
step 6476  lr=0.00562770072631144  loss=2.63180359380284
step 6477  lr=0.0056248470166069  loss=2.83847271577944
step 6478  lr=0.00562199374748014  loss=2.40547407901484
step 6479  lr=0.00561914091921849  loss=1.86375168681956
step 6480  lr=0.00561628853210923  loss=1.77412159856954
step 6481  lr=0.00561343658643959  loss=1.78657993750839
step 6482  lr=0.00561058508249677  loss=2.19530154272123
step 6483  lr=0.00560773402056791  loss=2.46088564621935
step 6484  lr=0.00560488340094012  loss=1.8292961912169
step 6485  lr=0.00560203322390045  loss=1.97765775696215
step 6486  lr=0.00559918348973591  loss=2.02796042250795
step 6487  lr=0.00559633419873347  loss=2.18291213683515
step 6488  lr=0.00559348535118006  loss=1.77042155315157
step 6489  lr=0.00559063694736256  loss=2.58684507896196
step 6490  lr=0.00558778898756778  loss=1.83304891576085
step 6491  lr=0.00558494147208255  loss=2.28353748056328
step 6492  lr=0.00558209440119358  loss=1.88481985403952
step 6493  lr=0.00557924777518759  loss=2.02848269563102
step 6494  lr=0.00557640159435122  loss=2.65075294575039
step 6495  lr=0.0055735558589711  loss=1.7833497808431
step 6496  lr=0.00557071056933377  loss=2.04578281647328
step 6497  lr=0.00556786572572578  loss=2.82319810869941
step 6498  lr=0.00556502132843358  loss=2.48450065545251
step 6499  lr=0.00556217737774361  loss=1.72945171448088
step 6500  lr=0.00555933387394226  loss=1.77186410894748
step 6501  lr=0.00555649081731586  loss=2.00370085734514
step 6502  lr=0.00555364820815073  loss=2.30415319418013
step 6503  lr=0.00555080604673309  loss=2.36443094811147
step 6504  lr=0.00554796433334916  loss=1.86478958541398
step 6505  lr=0.0055451230682851  loss=1.84935572835918
step 6506  lr=0.00554228225182703  loss=2.62413948442806
step 6507  lr=0.00553944188426102  loss=1.70281597731936
step 6508  lr=0.00553660196587308  loss=1.97013075035263
step 6509  lr=0.0055337624969492  loss=1.28748115697526
step 6510  lr=0.00553092347777532  loss=2.02333428688399
step 6511  lr=0.00552808490863732  loss=1.6025151858673
step 6512  lr=0.00552524678982105  loss=2.90674189413995
step 6513  lr=0.0055224091216123  loss=2.83679941560158
step 6514  lr=0.00551957190429684  loss=2.60798646220418
step 6515  lr=0.00551673513816036  loss=1.74794480483712
step 6516  lr=0.00551389882348853  loss=1.72195715204594
step 6517  lr=0.00551106296056696  loss=2.64157918056932
step 6518  lr=0.00550822754968123  loss=2.52127722883259
step 6519  lr=0.00550539259111687  loss=1.76364836929501
step 6520  lr=0.00550255808515934  loss=1.74683883368353
step 6521  lr=0.0054997240320941  loss=2.15086495211469
step 6522  lr=0.00549689043220652  loss=2.56098138281175
step 6523  lr=0.00549405728578195  loss=2.75977536348236
step 6524  lr=0.0054912245931057  loss=2.58439639043088
step 6525  lr=0.005488392354463  loss=2.60834438707035
step 6526  lr=0.00548556057013906  loss=1.83297094048851
step 6527  lr=0.00548272924041906  loss=1.99999936999133
step 6528  lr=0.00547989836558809  loss=1.90175938434159
step 6529  lr=0.00547706794593124  loss=1.78188068037407
step 6530  lr=0.00547423798173352  loss=1.82166948930066
step 6531  lr=0.00547140847327991  loss=2.8755473916763
step 6532  lr=0.00546857942085535  loss=1.88091862521758
step 6533  lr=0.00546575082474471  loss=2.47893675435929
step 6534  lr=0.00546292268523284  loss=2.95796198292308
step 6535  lr=0.00546009500260453  loss=2.71225544152587
step 6536  lr=0.00545726777714453  loss=1.97460531053709
step 6537  lr=0.00545444100913754  loss=1.78402519312875
step 6538  lr=0.00545161469886823  loss=2.61145571961245
step 6539  lr=0.00544878884662118  loss=1.59448214941041
step 6540  lr=0.00544596345268097  loss=1.7978000762634
step 6541  lr=0.00544313851733212  loss=1.97889334761139
step 6542  lr=0.00544031404085909  loss=1.74256411396325
step 6543  lr=0.00543749002354632  loss=1.78190536436725
step 6544  lr=0.00543466646567818  loss=2.85657440063678
step 6545  lr=0.00543184336753899  loss=2.71340599702528
step 6546  lr=0.00542902072941306  loss=1.80176378944594
step 6547  lr=0.00542619855158461  loss=2.58503282567126
step 6548  lr=0.00542337683433785  loss=1.75093627430622
step 6549  lr=0.00542055557795691  loss=2.03128799486502
step 6550  lr=0.0054177347827259  loss=1.75247068010311
step 6551  lr=0.00541491444892887  loss=2.74189460980897
step 6552  lr=0.00541209457684983  loss=2.49597276618397
step 6553  lr=0.00540927516677274  loss=1.42703295271868
step 6554  lr=0.00540645621898152  loss=2.69065047459032
step 6555  lr=0.00540363773376002  loss=2.23596261726709
step 6556  lr=0.00540081971139209  loss=2.59742562650477
step 6557  lr=0.00539800215216148  loss=2.95112271386093
step 6558  lr=0.00539518505635193  loss=2.65363216604722
step 6559  lr=0.00539236842424712  loss=2.04412620920264
step 6560  lr=0.00538955225613069  loss=1.77406624482093
step 6561  lr=0.00538673655228621  loss=2.62969351886943
step 6562  lr=0.00538392131299724  loss=2.62514228238865
step 6563  lr=0.00538110653854727  loss=2.82260369196837
step 6564  lr=0.00537829222921974  loss=2.39642697180334
step 6565  lr=0.00537547838529805  loss=2.65495298451143
step 6566  lr=0.00537266500706557  loss=1.73986149456378
step 6567  lr=0.00536985209480559  loss=2.86595185991834
step 6568  lr=0.00536703964880138  loss=2.71419311448437
step 6569  lr=0.00536422766933615  loss=1.79693988808685
step 6570  lr=0.00536141615669307  loss=1.87234345010712
step 6571  lr=0.00535860511115526  loss=1.67170012449236
step 6572  lr=0.00535579453300578  loss=1.78880611232825
step 6573  lr=0.00535298442252767  loss=1.84278616567508
step 6574  lr=0.00535017478000389  loss=2.66788383182414
step 6575  lr=0.00534736560571739  loss=1.8468490403818
step 6576  lr=0.00534455689995105  loss=2.81675260460602
step 6577  lr=0.0053417486629877  loss=1.87939152435114
step 6578  lr=0.00533894089511013  loss=1.84232350418084
step 6579  lr=0.00533613359660109  loss=2.44927262178335
step 6580  lr=0.00533332676774326  loss=1.71779316059182
step 6581  lr=0.0053305204088193  loss=1.72791742025062
step 6582  lr=0.00532771452011181  loss=1.66959560045733
step 6583  lr=0.00532490910190334  loss=1.62425318349063
step 6584  lr=0.0053221041544764  loss=2.10904692350876
step 6585  lr=0.00531929967811343  loss=2.6946009834737
step 6586  lr=0.00531649567309687  loss=1.66208517899377
step 6587  lr=0.00531369213970906  loss=2.17549037263261
step 6588  lr=0.00531088907823232  loss=2.67190515129337
step 6589  lr=0.00530808648894893  loss=2.83811539980404
step 6590  lr=0.0053052843721411  loss=2.63129001571493
step 6591  lr=0.005302482728091  loss=2.63478841333463
step 6592  lr=0.00529968155708076  loss=1.86163041945435
step 6593  lr=0.00529688085939246  loss=2.75298555709977
step 6594  lr=0.00529408063530813  loss=2.91893455458808
step 6595  lr=0.00529128088510976  loss=2.63896139064521
step 6596  lr=0.00528848160907926  loss=2.86683252517121
step 6597  lr=0.00528568280749854  loss=1.7818353126038
step 6598  lr=0.00528288448064944  loss=1.67419702325708
step 6599  lr=0.00528008662881373  loss=2.50057074719391
step 6600  lr=0.00527728925227317  loss=2.77059950506382
step 6601  lr=0.00527449235130946  loss=1.83202694563099
step 6602  lr=0.00527169592620424  loss=2.76852530912564
step 6603  lr=0.00526889997723911  loss=1.78838155877437
step 6604  lr=0.00526610450469562  loss=2.64394207853557
step 6605  lr=0.00526330950885528  loss=2.83884380961447
step 6606  lr=0.00526051498999954  loss=2.84093919979433
step 6607  lr=0.00525772094840981  loss=1.95024198728757
step 6608  lr=0.00525492738436745  loss=2.04801608194993
step 6609  lr=0.00525213429815378  loss=1.93311311596384
step 6610  lr=0.00524934169005005  loss=2.78465195238171
step 6611  lr=0.00524654956033749  loss=3.00234643154828
step 6612  lr=0.00524375790929725  loss=2.63265355659285
step 6613  lr=0.00524096673721046  loss=2.95467642302148
step 6614  lr=0.00523817604435819  loss=1.78634012447844
step 6615  lr=0.00523538583102146  loss=2.64406149144628
step 6616  lr=0.00523259609748125  loss=1.84309427937912
step 6617  lr=0.00522980684401849  loss=1.78771582410687
step 6618  lr=0.00522701807091403  loss=2.10961432317046
step 6619  lr=0.00522422977844874  loss=1.96014934188004
step 6620  lr=0.00522144196690337  loss=3.0000881314952
step 6621  lr=0.00521865463655867  loss=2.12386558347616
step 6622  lr=0.00521586778769531  loss=1.7752981905687
step 6623  lr=0.00521308142059393  loss=2.40229073443897
step 6624  lr=0.00521029553553513  loss=2.31149099595624
step 6625  lr=0.00520751013279944  loss=2.1108086012257
step 6626  lr=0.00520472521266733  loss=2.67724608983287
step 6627  lr=0.00520194077541928  loss=2.95865235711767
step 6628  lr=0.00519915682133565  loss=2.59848620931193
step 6629  lr=0.0051963733506968  loss=2.15601401075108
step 6630  lr=0.00519359036378303  loss=1.68283628814635
step 6631  lr=0.00519080786087457  loss=2.06795915103476
step 6632  lr=0.00518802584225163  loss=1.75571853127733
step 6633  lr=0.00518524430819436  loss=2.98462090955521
step 6634  lr=0.00518246325898285  loss=2.61898338974996
step 6635  lr=0.00517968269489716  loss=1.74367848791673
step 6636  lr=0.00517690261621729  loss=1.74316394142222
step 6637  lr=0.00517412302322319  loss=2.40848718385658
step 6638  lr=0.00517134391619478  loss=2.59256991303393
step 6639  lr=0.0051685652954119  loss=1.77836329689849
step 6640  lr=0.00516578716115436  loss=1.84711151461677
step 6641  lr=0.00516300951370193  loss=2.7176053027154
step 6642  lr=0.0051602323533343  loss=2.7061887543299
step 6643  lr=0.00515745568033114  loss=2.44873552472071
step 6644  lr=0.00515467949497207  loss=2.67020243654563
step 6645  lr=0.00515190379753663  loss=2.57351790008146
step 6646  lr=0.00514912858830435  loss=2.46788420716882
step 6647  lr=0.00514635386755469  loss=3.03094650058767
step 6648  lr=0.00514357963556706  loss=1.72611089856961
step 6649  lr=0.00514080589262083  loss=2.64615553203573
step 6650  lr=0.00513803263899531  loss=1.97514202916721
step 6651  lr=0.00513525987496978  loss=3.02606436611801
step 6652  lr=0.00513248760082344  loss=1.74115706391093
step 6653  lr=0.00512971581683546  loss=2.63003116982056
step 6654  lr=0.00512694452328497  loss=1.80822515794081
step 6655  lr=0.00512417372045104  loss=2.22452080354996
step 6656  lr=0.00512140340861267  loss=1.64575667319998
step 6657  lr=0.00511863358804885  loss=1.84446945798451
step 6658  lr=0.0051158642590385  loss=1.91830304944833
step 6659  lr=0.00511309542186048  loss=1.77514822992389
step 6660  lr=0.00511032707679361  loss=2.6331109450011
step 6661  lr=0.00510755922411668  loss=2.53737805926383
step 6662  lr=0.0051047918641084  loss=2.36275448874292
step 6663  lr=0.00510202499704744  loss=2.57109971053585
step 6664  lr=0.00509925862321243  loss=2.68548452593198
step 6665  lr=0.00509649274288195  loss=1.25073223177502
step 6666  lr=0.00509372735633451  loss=2.56718034905235
step 6667  lr=0.00509096246384859  loss=2.38877554611986
step 6668  lr=0.00508819806570262  loss=1.6214921140487
step 6669  lr=0.00508543416217497  loss=1.71947714213884
step 6670  lr=0.00508267075354396  loss=2.6779992645101
step 6671  lr=0.00507990784008788  loss=1.87127747199732
step 6672  lr=0.00507714542208494  loss=1.81635273804628
step 6673  lr=0.00507438349981332  loss=2.66592702883395
step 6674  lr=0.00507162207355115  loss=1.88594296636668
step 6675  lr=0.0050688611435765  loss=1.79225501576247
step 6676  lr=0.0050661007101674  loss=1.83834629060147
step 6677  lr=0.00506334077360182  loss=1.77321245186743
step 6678  lr=0.00506058133415769  loss=2.60235443393149
step 6679  lr=0.00505782239211289  loss=1.97043229837737
step 6680  lr=0.00505506394774523  loss=1.87887232850323
step 6681  lr=0.0050523060013325  loss=1.88075725068821
step 6682  lr=0.00504954855315243  loss=2.21405915116916
step 6683  lr=0.00504679160348267  loss=1.75283526104098
step 6684  lr=0.00504403515260087  loss=2.90883355006315
step 6685  lr=0.00504127920078459  loss=2.54879992268832
step 6686  lr=0.00503852374831136  loss=1.6137858883476
step 6687  lr=0.00503576879545865  loss=2.67121415321152
step 6688  lr=0.00503301434250389  loss=1.79231555461918
step 6689  lr=0.00503026038972445  loss=2.37750289631421
step 6690  lr=0.00502750693739765  loss=2.4051146917831
step 6691  lr=0.00502475398580076  loss=1.80715467217042
step 6692  lr=0.00502200153521102  loss=2.6955989640007
step 6693  lr=0.00501924958590559  loss=2.69076640479923
step 6694  lr=0.00501649813816158  loss=1.61444665567009
step 6695  lr=0.00501374719225607  loss=2.50695503059798
step 6696  lr=0.00501099674846609  loss=2.13092939152888
step 6697  lr=0.0050082468070686  loss=2.67784310211934
step 6698  lr=0.00500549736834052  loss=1.86390633114018
step 6699  lr=0.00500274843255871  loss=1.86735297181722
step 6700  lr=0.005  loss=1.98910137450245
step 6701  lr=0.00499725207094116  loss=1.85084835502691
step 6702  lr=0.00499450464565889  loss=2.6498122469209
step 6703  lr=0.00499175772442987  loss=2.63085631668855
step 6704  lr=0.00498901130753071  loss=1.65837488695296
step 6705  lr=0.00498626539523797  loss=2.66122569032042
step 6706  lr=0.00498351998782818  loss=2.5094338379716
step 6707  lr=0.00498077508557777  loss=1.84779988925472
step 6708  lr=0.00497803068876319  loss=2.59099517112769
step 6709  lr=0.00497528679766077  loss=2.64149162337103
step 6710  lr=0.00497254341254684  loss=2.60732346989139
step 6711  lr=0.00496980053369765  loss=2.85178971709146
step 6712  lr=0.00496705816138941  loss=1.79370251746153
step 6713  lr=0.00496431629589827  loss=1.67462734074213
step 6714  lr=0.00496157493750034  loss=2.52864224675391
step 6715  lr=0.00495883408647168  loss=1.86511383473328
step 6716  lr=0.00495609374308829  loss=2.68289159509545
step 6717  lr=0.00495335390762612  loss=1.85796427347543
step 6718  lr=0.00495061458036108  loss=1.78395039085329
step 6719  lr=0.004947875761569  loss=1.98369828332093
step 6720  lr=0.00494513745152571  loss=2.6608824061287
step 6721  lr=0.00494239965050692  loss=1.65606199161831
step 6722  lr=0.00493966235878836  loss=1.93571896553821
step 6723  lr=0.00493692557664566  loss=1.62867730713935
step 6724  lr=0.00493418930435442  loss=2.49990794417409
step 6725  lr=0.00493145354219017  loss=2.44608063696367
step 6726  lr=0.00492871829042841  loss=1.59651716941073
step 6727  lr=0.00492598354934459  loss=2.08188631983897
step 6728  lr=0.00492324931921408  loss=1.83320714917533
step 6729  lr=0.00492051560031222  loss=1.84105678533373
step 6730  lr=0.00491778239291431  loss=1.7577698634503
step 6731  lr=0.00491504969729557  loss=1.80023135550747
step 6732  lr=0.00491231751373118  loss=2.66640804548188
step 6733  lr=0.00490958584249629  loss=1.78737874236115
step 6734  lr=0.00490685468386596  loss=1.24582905693645
step 6735  lr=0.00490412403811522  loss=2.42753822362797
step 6736  lr=0.00490139390551906  loss=2.12584440713444
step 6737  lr=0.00489866428635238  loss=1.76206571566016
step 6738  lr=0.00489593518089008  loss=2.9278479723268
step 6739  lr=0.00489320658940696  loss=2.04853169114138
step 6740  lr=0.0048904785121778  loss=2.89705395184766
step 6741  lr=0.00488775094947731  loss=1.84399237126769
step 6742  lr=0.00488502390158016  loss=2.51929944437632
step 6743  lr=0.00488229736876096  loss=2.00302681352758
step 6744  lr=0.00487957135129429  loss=1.63900971915681
step 6745  lr=0.00487684584945463  loss=1.24828417198718
step 6746  lr=0.00487412086351646  loss=2.62645458649823
step 6747  lr=0.00487139639375417  loss=2.79902360533123
step 6748  lr=0.00486867244044213  loss=2.63689057296336
step 6749  lr=0.00486594900385464  loss=1.8695935266612
step 6750  lr=0.00486322608426594  loss=2.63479748113071
step 6751  lr=0.00486050368195023  loss=2.47573537936782
step 6752  lr=0.00485778179718166  loss=2.61011335074774
step 6753  lr=0.00485506043023432  loss=2.70593755260462
step 6754  lr=0.00485233958138226  loss=2.14913644322429
step 6755  lr=0.00484961925089946  loss=1.94709451287024
step 6756  lr=0.00484689943905986  loss=1.66683118289732
step 6757  lr=0.00484418014613735  loss=1.79341243260878
step 6758  lr=0.00484146137240575  loss=1.90540293323074
step 6759  lr=0.00483874311813885  loss=1.71802771140415
step 6760  lr=0.00483602538361038  loss=1.94994014171894
step 6761  lr=0.00483330816909401  loss=1.84041274732184
step 6762  lr=0.00483059147486337  loss=2.11973964958401
step 6763  lr=0.00482787530119203  loss=1.90578691935718
step 6764  lr=0.0048251596483535  loss=1.7649034524012
step 6765  lr=0.00482244451662125  loss=1.74904878699997
step 6766  lr=0.0048197299062687  loss=1.81343839046312
step 6767  lr=0.0048170158175692  loss=1.85231258530373
step 6768  lr=0.00481430225079607  loss=1.78507184099776
step 6769  lr=0.00481158920622256  loss=1.85626697257691
step 6770  lr=0.00480887668412188  loss=2.94042117535368
step 6771  lr=0.00480616468476718  loss=2.62663274493923
step 6772  lr=0.00480345320843154  loss=1.77128071195197
step 6773  lr=0.00480074225538803  loss=1.77916314075041
step 6774  lr=0.00479803182590963  loss=1.89121297278019
step 6775  lr=0.00479532192026928  loss=2.04813287011505
step 6776  lr=0.00479261253873987  loss=1.805460066002
step 6777  lr=0.00478990368159424  loss=1.71110929469203
step 6778  lr=0.00478719534910516  loss=2.72175069644927
step 6779  lr=0.00478448754154537  loss=2.01807674856217
step 6780  lr=0.00478178025918754  loss=2.57402636771397
step 6781  lr=0.0047790735023043  loss=1.76240131004606
step 6782  lr=0.00477636727116821  loss=2.83249514227588
step 6783  lr=0.00477366156605179  loss=1.68084647776049
step 6784  lr=0.00477095638722752  loss=3.01280117574532
step 6785  lr=0.00476825173496779  loss=1.7176471553792
step 6786  lr=0.00476554760954496  loss=1.90848768789917
step 6787  lr=0.00476284401123136  loss=1.71220060042711
step 6788  lr=0.00476014094029921  loss=2.89208976627522
step 6789  lr=0.00475743839702073  loss=1.80757229255331
step 6790  lr=0.00475473638166806  loss=2.79510045186331
step 6791  lr=0.00475203489451329  loss=1.97647207556967
step 6792  lr=0.00474933393582846  loss=2.81791593454124
step 6793  lr=0.00474663350588557  loss=2.63495320615172
step 6794  lr=0.00474393360495653  loss=2.72279573929125
step 6795  lr=0.00474123423331324  loss=2.54909993316325
step 6796  lr=0.00473853539122752  loss=1.88169019861915
step 6797  lr=0.00473583707897113  loss=2.67241478937224
step 6798  lr=0.00473313929681581  loss=2.87737327452534
step 6799  lr=0.00473044204503322  loss=1.61773352782915
step 6800  lr=0.00472774532389498  loss=1.805140563204
step 6801  lr=0.00472504913367263  loss=1.87186173976181
step 6802  lr=0.00472235347463769  loss=1.72384538494975
step 6803  lr=0.00471965834706161  loss=1.93207498553138
step 6804  lr=0.00471696375121579  loss=2.4921712143303
step 6805  lr=0.00471426968737158  loss=1.71164852923471
step 6806  lr=0.00471157615580026  loss=2.08908482276022
step 6807  lr=0.00470888315677309  loss=1.77892890470905
step 6808  lr=0.00470619069056123  loss=2.98534138958214
step 6809  lr=0.00470349875743583  loss=2.55609003253669
step 6810  lr=0.00470080735766795  loss=2.59907738885231
step 6811  lr=0.00469811649152863  loss=1.70414937554551
step 6812  lr=0.00469542615928883  loss=2.89237673535321
step 6813  lr=0.00469273636121948  loss=2.88639543759219
step 6814  lr=0.00469004709759143  loss=2.61312199725804
step 6815  lr=0.00468735836867549  loss=2.94607266272201
step 6816  lr=0.00468467017474241  loss=1.78354845523702
step 6817  lr=0.00468198251606291  loss=2.1629288510434
step 6818  lr=0.00467929539290762  loss=1.90042193024631
step 6819  lr=0.00467660880554714  loss=2.72039593312687
step 6820  lr=0.004673922754252  loss=1.25031727174268
step 6821  lr=0.0046712372392927  loss=1.64853294191386
step 6822  lr=0.00466855226093966  loss=2.60375376666454
step 6823  lr=0.00466586781946327  loss=1.81415770471889
step 6824  lr=0.00466318391513383  loss=1.8343606431514
step 6825  lr=0.00466050054822164  loss=1.95883008918376
step 6826  lr=0.00465781771899689  loss=1.73730415685993
step 6827  lr=0.00465513542772975  loss=2.61265460294144
step 6828  lr=0.00465245367469033  loss=2.65350822675655
step 6829  lr=0.00464977246014867  loss=1.7531474388491
step 6830  lr=0.00464709178437479  loss=2.70615059454077
step 6831  lr=0.00464441164763861  loss=2.02463439171067
step 6832  lr=0.00464173205021003  loss=2.69949520823633
step 6833  lr=0.00463905299235889  loss=1.73371802530221
step 6834  lr=0.00463637447435497  loss=2.87281329818036
step 6835  lr=0.00463369649646799  loss=1.78904922886641
step 6836  lr=0.00463101905896763  loss=2.53615592146971
step 6837  lr=0.0046283421621235  loss=1.96654001647563
step 6838  lr=0.00462566580620516  loss=2.45744844281584
step 6839  lr=0.00462298999148214  loss=2.02696109424258
step 6840  lr=0.00462031471822388  loss=2.06867592924058
step 6841  lr=0.00461763998669977  loss=2.12849003097648
step 6842  lr=0.00461496579717917  loss=2.65499103518235
step 6843  lr=0.00461229214993137  loss=1.60114542086192
step 6844  lr=0.0046096190452256  loss=2.03044930928457
step 6845  lr=0.00460694648333105  loss=2.70613184733296
step 6846  lr=0.00460427446451684  loss=2.53339674476865
step 6847  lr=0.00460160298905204  loss=1.73886144294454
step 6848  lr=0.00459893205720567  loss=1.65176895791219
step 6849  lr=0.0045962616692467  loss=2.6825964202284
step 6850  lr=0.00459359182544403  loss=1.79858637016105
step 6851  lr=0.00459092252606651  loss=2.47851872858233
step 6852  lr=0.00458825377138295  loss=1.79644205772297
step 6853  lr=0.00458558556166208  loss=1.70270504014911
step 6854  lr=0.0045829178971726  loss=1.84530303366323
step 6855  lr=0.00458025077818314  loss=2.36300846630708
step 6856  lr=0.00457758420496228  loss=1.85525317495149
step 6857  lr=0.00457491817777854  loss=2.27119273711915
step 6858  lr=0.0045722526969004  loss=2.401846314824
step 6859  lr=0.00456958776259625  loss=1.89396600911775
step 6860  lr=0.00456692337513447  loss=2.87824294800057
step 6861  lr=0.00456425953478336  loss=2.61562266791691
step 6862  lr=0.00456159624181116  loss=1.25873230242991
step 6863  lr=0.00455893349648607  loss=1.65051062074433
step 6864  lr=0.00455627129907624  loss=2.85059025821273
step 6865  lr=0.00455360964984973  loss=2.76215453306052
step 6866  lr=0.00455094854907458  loss=1.75714381440101
step 6867  lr=0.00454828799701876  loss=2.02894356457293
step 6868  lr=0.0045456279939502  loss=1.73658190958692
step 6869  lr=0.00454296854013675  loss=1.85681231741114
step 6870  lr=0.00454030963584621  loss=1.63232197784279
step 6871  lr=0.00453765128134634  loss=1.85407122049804
step 6872  lr=0.00453499347690485  loss=2.71140334908409
step 6873  lr=0.00453233622278935  loss=2.3862499735249
step 6874  lr=0.00452967951926746  loss=2.67772134555379
step 6875  lr=0.00452702336660668  loss=1.88352187495865
step 6876  lr=0.0045243677650745  loss=2.43792754386545
step 6877  lr=0.00452171271493833  loss=2.76715528321274
step 6878  lr=0.00451905821646555  loss=2.73264757033549
step 6879  lr=0.00451640426992346  loss=2.32626860481369
step 6880  lr=0.0045137508755793  loss=3.05623184811112
step 6881  lr=0.00451109803370028  loss=2.74672425002226
step 6882  lr=0.00450844574455354  loss=1.75946393232308
step 6883  lr=0.00450579400840616  loss=1.25318844465039
step 6884  lr=0.00450314282552518  loss=1.78588463571591
step 6885  lr=0.00450049219617756  loss=1.89918068924899
step 6886  lr=0.00449784212063023  loss=2.16326963744615
step 6887  lr=0.00449519259915004  loss=1.88641134838715
step 6888  lr=0.00449254363200382  loss=2.03485766370411
step 6889  lr=0.00448989521945829  loss=1.76407820197679
step 6890  lr=0.00448724736178017  loss=2.67746979091915
step 6891  lr=0.00448460005923608  loss=2.58201770458733
step 6892  lr=0.00448195331209262  loss=2.37065790062701
step 6893  lr=0.00447930712061631  loss=1.88364599463607
step 6894  lr=0.00447666148507362  loss=1.24301272348439
step 6895  lr=0.00447401640573097  loss=2.530939268906
step 6896  lr=0.00447137188285472  loss=1.74143523953333
step 6897  lr=0.00446872791671116  loss=1.97395972417652
step 6898  lr=0.00446608450756656  loss=2.38845477262087
step 6899  lr=0.00446344165568709  loss=1.71474717701251
step 6900  lr=0.0044607993613389  loss=1.86622453913252
step 6901  lr=0.00445815762478806  loss=1.76614567455977
step 6902  lr=0.00445551644630059  loss=2.66225798935663
step 6903  lr=0.00445287582614247  loss=1.78090344629287
step 6904  lr=0.0044502357645796  loss=1.6708466696219
step 6905  lr=0.00444759626187783  loss=2.57077991436156
step 6906  lr=0.00444495731830297  loss=1.82569710613481
step 6907  lr=0.00444231893412076  loss=2.66516640491062
step 6908  lr=0.00443968110959687  loss=1.73239828696028
step 6909  lr=0.00443704384499695  loss=1.65602293538613
step 6910  lr=0.00443440714058656  loss=2.63615268718235
step 6911  lr=0.00443177099663122  loss=2.63021353546968
step 6912  lr=0.00442913541339639  loss=2.36889419768739
step 6913  lr=0.00442650039114747  loss=1.80777990247862
step 6914  lr=0.0044238659301498  loss=2.42557571387284
step 6915  lr=0.00442123203066869  loss=2.15589457480689
step 6916  lr=0.00441859869296935  loss=2.77524850091594
step 6917  lr=0.00441596591731698  loss=2.61459408495111
step 6918  lr=0.00441333370397669  loss=2.64440477861343
step 6919  lr=0.00441070205321353  loss=1.69519219317137
step 6920  lr=0.00440807096529253  loss=2.11501904663636
step 6921  lr=0.00440544044047863  loss=1.85209706657521
step 6922  lr=0.00440281047903673  loss=1.79336447336673
step 6923  lr=0.00440018108123165  loss=2.64950546935192
step 6924  lr=0.00439755224732819  loss=2.86746677403697
step 6925  lr=0.00439492397759106  loss=2.07590689699597
step 6926  lr=0.00439229627228494  loss=2.47942187169871
step 6927  lr=0.00438966913167442  loss=2.02589390982559
step 6928  lr=0.00438704255602407  loss=1.85411448321248
step 6929  lr=0.00438441654559839  loss=2.0729092892792
step 6930  lr=0.0043817911006618  loss=2.86275024610519
step 6931  lr=0.0043791662214787  loss=1.79825916575175
step 6932  lr=0.0043765419083134  loss=2.62488474945573
step 6933  lr=0.00437391816143018  loss=1.77392478617464
step 6934  lr=0.00437129498109324  loss=2.547036511719
step 6935  lr=0.00436867236756675  loss=1.810358624999
step 6936  lr=0.0043660503211148  loss=1.95438824867239
step 6937  lr=0.00436342884200142  loss=2.01081517639349
step 6938  lr=0.00436080793049061  loss=2.44238336549911
step 6939  lr=0.00435818758684628  loss=1.40298321719459
step 6940  lr=0.00435556781133231  loss=1.78258778147043
step 6941  lr=0.00435294860421251  loss=1.93939996983046
step 6942  lr=0.00435032996575062  loss=2.45362367120712
step 6943  lr=0.00434771189621036  loss=2.68250171155028
step 6944  lr=0.00434509439585535  loss=1.75195162873019
step 6945  lr=0.00434247746494918  loss=1.71749574428262
step 6946  lr=0.00433986110375537  loss=2.6709925214973
step 6947  lr=0.0043372453125374  loss=2.60753317702769
step 6948  lr=0.00433463009155867  loss=2.99612798234552
step 6949  lr=0.00433201544108254  loss=1.79157030465416
step 6950  lr=0.00432940136137229  loss=2.61895898200526
step 6951  lr=0.00432678785269117  loss=2.51505584414353
step 6952  lr=0.00432417491530237  loss=2.61364808165642
step 6953  lr=0.00432156254946899  loss=2.30914027607204
step 6954  lr=0.0043189507554541  loss=2.59077030097712
step 6955  lr=0.00431633953352073  loss=1.88753987520091
step 6956  lr=0.0043137288839318  loss=2.71528524892314
step 6957  lr=0.00431111880695022  loss=1.80659302226015
step 6958  lr=0.00430850930283882  loss=2.25519462203497
step 6959  lr=0.00430590037186038  loss=2.5080527613656
step 6960  lr=0.00430329201427761  loss=2.72041293676044
step 6961  lr=0.00430068423035319  loss=1.68381251325723
step 6962  lr=0.0042980770203497  loss=2.53818492651228
step 6963  lr=0.0042954703845297  loss=2.60659244647181
step 6964  lr=0.00429286432315568  loss=2.42093514862662
step 6965  lr=0.00429025883649007  loss=1.87520705767007
step 6966  lr=0.00428765392479523  loss=2.12989394458954
step 6967  lr=0.00428504958833349  loss=2.52825409853337
step 6968  lr=0.0042824458273671  loss=2.13501525814755
step 6969  lr=0.00427984264215826  loss=1.84108038467057
step 6970  lr=0.00427724003296911  loss=2.64797220600981
step 6971  lr=0.00427463800006172  loss=2.75362722044326
step 6972  lr=0.00427203654369814  loss=1.60679449213601
step 6973  lr=0.00426943566414032  loss=1.76599221704667
step 6974  lr=0.00426683536165017  loss=2.11765113251078
step 6975  lr=0.00426423563648954  loss=2.4663756957128
step 6976  lr=0.00426163648892023  loss=1.64810273176224
step 6977  lr=0.00425903791920396  loss=2.61173193822319
step 6978  lr=0.00425643992760242  loss=2.61427920088158
step 6979  lr=0.00425384251437723  loss=2.10894790628056
step 6980  lr=0.00425124567978993  loss=2.10572950053575
step 6981  lr=0.00424864942410203  loss=2.60791226615036
step 6982  lr=0.00424605374757499  loss=2.6272234298265
step 6983  lr=0.00424345865047017  loss=2.80781545728867
step 6984  lr=0.00424086413304891  loss=1.86648890589326
step 6985  lr=0.00423827019557247  loss=2.42635170467216
step 6986  lr=0.00423567683830207  loss=2.30401851989892
step 6987  lr=0.00423308406149885  loss=1.65120735002852
step 6988  lr=0.00423049186542391  loss=1.71611198614139
step 6989  lr=0.00422790025033828  loss=2.67492877106591
step 6990  lr=0.00422530921650293  loss=1.80113997630953
step 6991  lr=0.0042227187641788  loss=1.81666340053244
step 6992  lr=0.00422012889362671  loss=1.78785209339115
step 6993  lr=0.0042175396051075  loss=1.7630086062393
step 6994  lr=0.00421495089888189  loss=2.62644794028499
step 6995  lr=0.00421236277521057  loss=1.24019551749779
step 6996  lr=0.00420977523435415  loss=2.87551623751248
step 6997  lr=0.00420718827657321  loss=2.05532166164402
step 6998  lr=0.00420460190212825  loss=2.63914560527836
step 6999  lr=0.00420201611127973  loss=2.41351047873162
step 7000  lr=0.00419943090428802  loss=2.61436586766824
step 7001  lr=0.00419684628141346  loss=1.5773933080796
step 7002  lr=0.00419426224291632  loss=2.64489680461273
step 7003  lr=0.00419167878905681  loss=1.83153514306173
step 7004  lr=0.0041890959200951  loss=2.75577177062955
step 7005  lr=0.00418651363629126  loss=1.72427871958227
step 7006  lr=0.00418393193790534  loss=1.70678802275844
step 7007  lr=0.00418135082519732  loss=1.73809157098046
step 7008  lr=0.00417877029842711  loss=2.67779973208976
step 7009  lr=0.00417619035785457  loss=2.08610537398974
step 7010  lr=0.0041736110037395  loss=2.49466670716563
step 7011  lr=0.00417103223634164  loss=2.71272613337603
step 7012  lr=0.00416845405592068  loss=2.90131853585653
step 7013  lr=0.00416587646273624  loss=2.59272540776281
step 7014  lr=0.00416329945704787  loss=2.92567587792447
step 7015  lr=0.0041607230391151  loss=1.97501422492121
step 7016  lr=0.00415814720919735  loss=2.06375426719588
step 7017  lr=0.00415557196755401  loss=1.7273231090144
step 7018  lr=0.00415299731444443  loss=2.77444081493343
step 7019  lr=0.00415042325012784  loss=2.55506952189408
step 7020  lr=0.00414784977486349  loss=2.08821996101808
step 7021  lr=0.00414527688891049  loss=2.68177507254169
step 7022  lr=0.00414270459252796  loss=1.73317395435464
step 7023  lr=0.00414013288597491  loss=1.92023524841602
step 7024  lr=0.00413756176951032  loss=1.85015606107031
step 7025  lr=0.0041349912433931  loss=2.48925726874545
step 7026  lr=0.0041324213078821  loss=1.65069710536054
step 7027  lr=0.00412985196323611  loss=2.5004247169094
step 7028  lr=0.00412728320971387  loss=2.59170532879596
step 7029  lr=0.00412471504757406  loss=1.62608273002799
step 7030  lr=0.00412214747707527  loss=1.56735185357011
step 7031  lr=0.00411958049847607  loss=1.7125507554514
step 7032  lr=0.00411701411203496  loss=2.84684565557554
step 7033  lr=0.00411444831801036  loss=3.07324225396765
step 7034  lr=0.00411188311666066  loss=1.77639246108009
step 7035  lr=0.00410931850824417  loss=2.63955956916893
step 7036  lr=0.00410675449301914  loss=2.6699282279571
step 7037  lr=0.00410419107124377  loss=2.58070930394726
step 7038  lr=0.0041016282431762  loss=2.65592943640006
step 7039  lr=0.0040990660090745  loss=1.81562976317737
step 7040  lr=0.0040965043691967  loss=2.90422093917863
step 7041  lr=0.00409394332380074  loss=2.70977238096981
step 7042  lr=0.00409138287314454  loss=2.03990830798271
step 7043  lr=0.00408882301748591  loss=1.76076184616079
step 7044  lr=0.00408626375708265  loss=1.87375409994664
step 7045  lr=0.00408370509219246  loss=2.64352010519756
step 7046  lr=0.004081147023073  loss=2.49095217219243
step 7047  lr=0.00407858954998188  loss=2.78143144224249
step 7048  lr=0.00407603267317664  loss=2.56531729272109
step 7049  lr=0.00407347639291473  loss=1.58893838012068
step 7050  lr=0.0040709207094536  loss=1.92485875825739
step 7051  lr=0.00406836562305058  loss=2.67532175650043
step 7052  lr=0.00406581113396299  loss=1.75610450414586
step 7053  lr=0.00406325724244805  loss=2.61217572641556
step 7054  lr=0.00406070394876294  loss=2.51188053317939
step 7055  lr=0.00405815125316479  loss=2.68049381488559
step 7056  lr=0.00405559915591064  loss=2.60605525857001
step 7057  lr=0.00405304765725749  loss=1.25584040636646
step 7058  lr=0.00405049675746228  loss=1.79056834595384
step 7059  lr=0.00404794645678189  loss=2.26412409055695
step 7060  lr=0.00404539675547312  loss=2.61349322393653
step 7061  lr=0.00404284765379274  loss=2.48509250413977
step 7062  lr=0.00404029915199744  loss=1.78007741546882
step 7063  lr=0.00403775125034384  loss=2.6029217944711
step 7064  lr=0.00403520394908854  loss=1.67633487367298
step 7065  lr=0.00403265724848803  loss=2.99009516879002
step 7066  lr=0.00403011114879877  loss=1.86937702285564
step 7067  lr=0.00402756565027716  loss=1.76039147029366
step 7068  lr=0.00402502075317953  loss=1.82586768007367
step 7069  lr=0.00402247645776214  loss=2.60647251105319
step 7070  lr=0.00401993276428121  loss=2.10704386899583
step 7071  lr=0.00401738967299288  loss=1.76554368812864
step 7072  lr=0.00401484718415326  loss=1.92990534181465
step 7073  lr=0.00401230529801835  loss=1.74618087344884
step 7074  lr=0.00400976401484414  loss=2.01142745549872
step 7075  lr=0.00400722333488653  loss=2.47272331513381
step 7076  lr=0.00400468325840137  loss=2.55785468062148
step 7077  lr=0.00400214378564443  loss=2.65367098523143
step 7078  lr=0.00399960491687146  loss=1.840157066818
step 7079  lr=0.0039970666523381  loss=1.75396054131947
step 7080  lr=0.00399452899229997  loss=2.14406605568689
step 7081  lr=0.0039919919370126  loss=1.8513793787181
step 7082  lr=0.00398945548673149  loss=2.63748349194293
step 7083  lr=0.00398691964171204  loss=3.03673121494341
step 7084  lr=0.00398438440220961  loss=2.9100055793337
step 7085  lr=0.00398184976847952  loss=1.7560245608088
step 7086  lr=0.00397931574077699  loss=2.66055485242938
step 7087  lr=0.00397678231935719  loss=2.55136675377975
step 7088  lr=0.00397424950447526  loss=2.0141422847012
step 7089  lr=0.00397171729638623  loss=1.75458278407735
step 7090  lr=0.0039691856953451  loss=2.60414710470175
step 7091  lr=0.00396665470160682  loss=1.71564830788742
step 7092  lr=0.00396412431542624  loss=2.83072542830429
step 7093  lr=0.00396159453705817  loss=2.61708727105816
step 7094  lr=0.00395906536675737  loss=1.80457018493082
step 7095  lr=0.00395653680477852  loss=2.60117249504968
step 7096  lr=0.00395400885137625  loss=2.69240796646289
step 7097  lr=0.00395148150680512  loss=1.959914572772
step 7098  lr=0.00394895477131964  loss=2.63556726525074
step 7099  lr=0.00394642864517426  loss=1.78052046502704
step 7100  lr=0.00394390312862334  loss=2.57358577141026
step 7101  lr=0.0039413782219212  loss=2.00835488500407
step 7102  lr=0.00393885392532212  loss=2.44638069529351
step 7103  lr=0.00393633023908028  loss=2.48078489529994
step 7104  lr=0.00393380716344982  loss=1.94170244233149
step 7105  lr=0.00393128469868481  loss=2.59021479035697
step 7106  lr=0.00392876284503926  loss=1.84593552772799
step 7107  lr=0.00392624160276714  loss=1.84038531614759
step 7108  lr=0.00392372097212231  loss=1.83392589896117
step 7109  lr=0.00392120095335862  loss=1.96244685248236
step 7110  lr=0.00391868154672982  loss=1.89230494976577
step 7111  lr=0.00391616275248963  loss=2.97547169356878
step 7112  lr=0.00391364457089168  loss=1.8258416192298
step 7113  lr=0.00391112700218956  loss=1.90615644639632
step 7114  lr=0.00390861004663678  loss=1.78515463839138
step 7115  lr=0.0039060937044868  loss=1.81796047438023
step 7116  lr=0.00390357797599302  loss=2.45548578364311
step 7117  lr=0.00390106286140877  loss=2.58630663288984
step 7118  lr=0.00389854836098732  loss=1.85919385917371
step 7119  lr=0.00389603447498189  loss=3.0724926555877
step 7120  lr=0.00389352120364562  loss=2.48441184964651
step 7121  lr=0.0038910085472316  loss=2.15346427093704
step 7122  lr=0.00388849650599284  loss=2.65542932739449
step 7123  lr=0.00388598508018233  loss=1.65815102385232
step 7124  lr=0.00388347427005294  loss=2.12556235182663
step 7125  lr=0.00388096407585753  loss=2.13183401411435
step 7126  lr=0.00387845449784888  loss=1.90071450040926
step 7127  lr=0.00387594553627968  loss=1.71792677914552
step 7128  lr=0.0038734371914026  loss=2.52787247101412
step 7129  lr=0.00387092946347024  loss=1.79852201430944
step 7130  lr=0.0038684223527351  loss=2.80639628615195
step 7131  lr=0.00386591585944967  loss=1.6409641028155
step 7132  lr=0.00386340998386634  loss=2.87942927065878
step 7133  lr=0.00386090472623746  loss=2.90341037184982
step 7134  lr=0.0038584000868153  loss=2.8670529948031
step 7135  lr=0.00385589606585209  loss=2.70503131769719
step 7136  lr=0.00385339266359998  loss=1.76843948153525
step 7137  lr=0.00385088988031105  loss=1.70524201685492
step 7138  lr=0.00384838771623735  loss=2.02991107169661
step 7139  lr=0.00384588617163084  loss=2.61021262421648
step 7140  lr=0.00384338524674342  loss=2.51936440523906
step 7141  lr=0.00384088494182693  loss=1.22785201853049
step 7142  lr=0.00383838525713317  loss=2.6096579300963
step 7143  lr=0.00383588619291384  loss=2.60160979675018
step 7144  lr=0.0038333877494206  loss=2.74133531212221
step 7145  lr=0.00383088992690505  loss=2.45047965377469
step 7146  lr=0.00382839272561872  loss=2.56579607315845
step 7147  lr=0.00382589614581306  loss=1.56102212364151
step 7148  lr=0.0038234001877395  loss=1.86317247828015
step 7149  lr=0.00382090485164937  loss=2.84636674424453
step 7150  lr=0.00381841013779395  loss=2.55677850426191
step 7151  lr=0.00381591604642446  loss=1.8591916881419
step 7152  lr=0.00381342257779206  loss=2.5877049768096
step 7153  lr=0.00381092973214783  loss=1.88263681607026
step 7154  lr=0.00380843750974281  loss=2.45826545260835
step 7155  lr=0.00380594591082796  loss=2.78007326964289
step 7156  lr=0.00380345493565419  loss=2.75912198434651
step 7157  lr=0.00380096458447234  loss=1.88165239996472
step 7158  lr=0.00379847485753318  loss=2.6067145988241
step 7159  lr=0.00379598575508744  loss=1.85532425517977
step 7160  lr=0.00379349727738576  loss=2.70905765354208
step 7161  lr=0.00379100942467874  loss=1.76262419115936
step 7162  lr=0.0037885221972169  loss=1.6884958928118
step 7163  lr=0.0037860355952507  loss=1.80595819417896
step 7164  lr=0.00378354961903055  loss=2.95096505807402
step 7165  lr=0.00378106426880678  loss=1.63540908545944
step 7166  lr=0.00377857954482966  loss=2.7084873798586
step 7167  lr=0.00377609544734943  loss=1.99708587116388
step 7168  lr=0.0037736119766162  loss=1.84914736425328
step 7169  lr=0.00377112913288008  loss=1.72527866598344
step 7170  lr=0.00376864691639109  loss=2.61350632005318
step 7171  lr=0.00376616532739918  loss=2.71285451566859
step 7172  lr=0.00376368436615425  loss=1.77969556355324
step 7173  lr=0.00376120403290614  loss=2.6178066386725
step 7174  lr=0.00375872432790461  loss=2.43494075941994
step 7175  lr=0.00375624525139937  loss=1.24474944659373
step 7176  lr=0.00375376680364006  loss=1.24455522340839
step 7177  lr=0.00375128898487626  loss=2.9130319132949
step 7178  lr=0.00374881179535749  loss=2.43438323897688
step 7179  lr=0.0037463352353332  loss=2.66938266839999
step 7180  lr=0.00374385930505278  loss=2.49481421986843
step 7181  lr=0.00374138400476557  loss=2.61337169261388
step 7182  lr=0.0037389093347208  loss=2.66001404137903
step 7183  lr=0.0037364352951677  loss=1.69166420349806
step 7184  lr=0.0037339618863554  loss=1.87331240018631
step 7185  lr=0.00373148910853295  loss=2.09755517207072
step 7186  lr=0.00372901696194939  loss=2.6412400730773
step 7187  lr=0.00372654544685364  loss=2.75056459050124
step 7188  lr=0.0037240745634946  loss=2.11227831349896
step 7189  lr=0.00372160431212108  loss=1.87220344104709
step 7190  lr=0.00371913469298183  loss=1.7332380644885
step 7191  lr=0.00371666570632554  loss=2.38760685988229
step 7192  lr=0.00371419735240085  loss=2.64042230815239
step 7193  lr=0.00371172963145631  loss=2.31909630302537
step 7194  lr=0.00370926254374042  loss=2.51165993145514
step 7195  lr=0.00370679608950163  loss=2.66542116779315
step 7196  lr=0.00370433026898829  loss=1.79245569612226
step 7197  lr=0.00370186508244873  loss=2.81589187534953
step 7198  lr=0.00369940053013118  loss=2.75700147035998
step 7199  lr=0.00369693661228382  loss=2.73026815693139
step 7200  lr=0.00369447332915478  loss=1.90188771448973
step 7201  lr=0.00369201068099209  loss=2.62702761149438
step 7202  lr=0.00368954866804376  loss=2.15244237288561
step 7203  lr=0.00368708729055771  loss=1.98538986466571
step 7204  lr=0.00368462654878179  loss=2.71281788115092
step 7205  lr=0.00368216644296381  loss=2.69370523302802
step 7206  lr=0.00367970697335149  loss=3.02220708896722
step 7207  lr=0.00367724814019251  loss=2.66145399691228
step 7208  lr=0.00367478994373447  loss=2.6115359043032
step 7209  lr=0.0036723323842249  loss=1.8784473388583
step 7210  lr=0.0036698754619113  loss=2.68263882247643
step 7211  lr=0.00366741917704106  loss=2.67037463586448
step 7212  lr=0.00366496352986153  loss=1.65683067374872
step 7213  lr=0.00366250852062001  loss=2.85357311969259
step 7214  lr=0.0036600541495637  loss=2.70852540794538
step 7215  lr=0.00365760041693977  loss=2.17743709803567
step 7216  lr=0.0036551473229953  loss=2.71495060348258
step 7217  lr=0.00365269486797733  loss=1.82282339644872
step 7218  lr=0.0036502430521328  loss=2.12566327571807
step 7219  lr=0.00364779187570863  loss=2.38203702187026
step 7220  lr=0.00364534133895164  loss=1.95243112942878
step 7221  lr=0.0036428914421086  loss=1.67589027093798
step 7222  lr=0.00364044218542623  loss=1.81170956393052
step 7223  lr=0.00363799356915114  loss=1.37155603023604
step 7224  lr=0.00363554559352994  loss=1.78569699212315
step 7225  lr=0.00363309825880912  loss=2.54749538934271
step 7226  lr=0.00363065156523513  loss=1.82622489520166
step 7227  lr=0.00362820551305435  loss=2.68363310653659
step 7228  lr=0.0036257601025131  loss=1.9633526088851
step 7229  lr=0.00362331533385764  loss=2.32754108209476
step 7230  lr=0.00362087120733415  loss=1.27362998244571
step 7231  lr=0.00361842772318875  loss=1.89019395524131
step 7232  lr=0.00361598488166751  loss=1.89281445450974
step 7233  lr=0.00361354268301641  loss=2.74311977509997
step 7234  lr=0.00361110112748139  loss=2.65798071560206
step 7235  lr=0.00360866021530831  loss=3.00327574763403
step 7236  lr=0.00360621994674298  loss=1.86795666723846
step 7237  lr=0.00360378032203112  loss=2.69357728147427
step 7238  lr=0.00360134134141841  loss=2.98493491711208
step 7239  lr=0.00359890300515044  loss=2.69799186937718
step 7240  lr=0.00359646531347278  loss=2.74863575479179
step 7241  lr=0.00359402826663088  loss=1.75069973525792
step 7242  lr=0.00359159186487015  loss=1.92215985828053
step 7243  lr=0.00358915610843595  loss=1.66408300587921
step 7244  lr=0.00358672099757356  loss=1.78340112770799
step 7245  lr=0.00358428653252818  loss=3.03371356127706
step 7246  lr=0.00358185271354498  loss=2.64846367953897
step 7247  lr=0.00357941954086904  loss=2.85331794860682
step 7248  lr=0.00357698701474536  loss=1.8460260073068
step 7249  lr=0.00357455513541892  loss=2.64198672717116
step 7250  lr=0.00357212390313461  loss=2.01566515094504
step 7251  lr=0.00356969331813724  loss=2.77963902911017
step 7252  lr=0.00356726338067158  loss=2.77166289448508
step 7253  lr=0.00356483409098231  loss=2.69826493013022
step 7254  lr=0.00356240544931408  loss=1.91222464570872
step 7255  lr=0.00355997745591145  loss=2.01845449908273
step 7256  lr=0.0035575501110189  loss=2.97611335652016
step 7257  lr=0.00355512341488089  loss=2.43046966885319
step 7258  lr=0.00355269736774177  loss=1.80452749445995
step 7259  lr=0.00355027196984585  loss=1.66297363929364
step 7260  lr=0.00354784722143737  loss=1.59747238646776
step 7261  lr=0.00354542312276049  loss=2.63997847712892
step 7262  lr=0.00354299967405934  loss=1.87113502863405
step 7263  lr=0.00354057687557793  loss=2.69665658251868
step 7264  lr=0.00353815472756026  loss=2.60427138281985
step 7265  lr=0.00353573323025023  loss=1.64367076670695
step 7266  lr=0.00353331238389168  loss=2.59402180533646
step 7267  lr=0.00353089218872841  loss=2.69309046669434
step 7268  lr=0.00352847264500411  loss=2.86158185473672
step 7269  lr=0.00352605375296244  loss=1.64377300717068
step 7270  lr=0.00352363551284698  loss=2.92288460942735
step 7271  lr=0.00352121792490125  loss=2.66035704866892
step 7272  lr=0.00351880098936869  loss=2.14302861141712
step 7273  lr=0.0035163847064927  loss=2.33709496711616
step 7274  lr=0.00351396907651659  loss=1.81732236091133
step 7275  lr=0.00351155409968362  loss=1.78870114318992
step 7276  lr=0.00350913977623697  loss=2.90951546239296
step 7277  lr=0.00350672610641977  loss=2.1046893125637
step 7278  lr=0.00350431309047507  loss=2.17784823303792
step 7279  lr=0.00350190072864586  loss=2.521645298859
step 7280  lr=0.00349948902117508  loss=2.77411514277735
step 7281  lr=0.00349707796830557  loss=2.6928088317639
step 7282  lr=0.00349466757028013  loss=2.57174041502586
step 7283  lr=0.00349225782734149  loss=2.85408257811098
step 7284  lr=0.00348984873973231  loss=2.43350234769701
step 7285  lr=0.00348744030769518  loss=2.68765246480842
step 7286  lr=0.00348503253147264  loss=1.2525774892643
step 7287  lr=0.00348262541130714  loss=1.81489839392527
step 7288  lr=0.00348021894744108  loss=1.80060001304169
step 7289  lr=0.0034778131401168  loss=2.40114321163786
step 7290  lr=0.00347540798957656  loss=2.83648323904079
step 7291  lr=0.00347300349606255  loss=1.9777442312392
step 7292  lr=0.00347059965981691  loss=1.90104519286811
step 7293  lr=0.00346819648108171  loss=2.82830810996038
step 7294  lr=0.00346579396009895  loss=2.72328997894537
step 7295  lr=0.00346339209711055  loss=2.62249171246439
step 7296  lr=0.00346099089235839  loss=2.58273749394082
step 7297  lr=0.00345859034608427  loss=1.77657942183475
step 7298  lr=0.00345619045852992  loss=1.66600299958206
step 7299  lr=0.00345379122993701  loss=2.50779927936353
step 7300  lr=0.00345139266054715  loss=2.56528405968395
step 7301  lr=0.00344899475060187  loss=2.51124712410845
step 7302  lr=0.00344659750034263  loss=1.98854083962606
step 7303  lr=0.00344420091001085  loss=1.84352781596585
step 7304  lr=0.00344180497984786  loss=1.61884769460442
step 7305  lr=0.00343940971009493  loss=1.83895447837038
step 7306  lr=0.00343701510099326  loss=1.77195898966223
step 7307  lr=0.00343462115278399  loss=1.75827041784218
step 7308  lr=0.00343222786570819  loss=2.870745055788
step 7309  lr=0.00342983524000686  loss=2.62359457645339
step 7310  lr=0.00342744327592095  loss=1.70209359096528
step 7311  lr=0.00342505197369132  loss=2.51989324075126
step 7312  lr=0.00342266133355877  loss=2.7851332399297
step 7313  lr=0.00342027135576405  loss=2.01404463261866
step 7314  lr=0.00341788204054782  loss=2.6404266613274
step 7315  lr=0.00341549338815069  loss=1.62523178148922
step 7316  lr=0.00341310539881319  loss=2.52127082461375
step 7317  lr=0.00341071807277581  loss=2.67918205635358
step 7318  lr=0.00340833141027893  loss=2.83743355456863
step 7319  lr=0.0034059454115629  loss=1.84977122591416
step 7320  lr=0.00340356007686799  loss=2.54684469976365
step 7321  lr=0.00340117540643439  loss=1.75229050239005
step 7322  lr=0.00339879140050225  loss=1.9794522177928
step 7323  lr=0.00339640805931164  loss=2.79177776047904
step 7324  lr=0.00339402538310255  loss=2.55897396996242
step 7325  lr=0.00339164337211493  loss=1.84651681269301
step 7326  lr=0.00338926202658864  loss=2.479257092172
step 7327  lr=0.00338688134676348  loss=2.83765960792042
step 7328  lr=0.00338450133287919  loss=1.77719488736051
step 7329  lr=0.00338212198517544  loss=2.51319785065212
step 7330  lr=0.00337974330389181  loss=2.60899343754752
step 7331  lr=0.00337736528926786  loss=1.86214468030598
step 7332  lr=0.00337498794154304  loss=2.65003340792051
step 7333  lr=0.00337261126095676  loss=1.88061389824519
step 7334  lr=0.00337023524774834  loss=1.75878619789191
step 7335  lr=0.00336785990215705  loss=1.8559114211487
step 7336  lr=0.00336548522442208  loss=2.41007078524936
step 7337  lr=0.00336311121478257  loss=2.74768902824406
step 7338  lr=0.00336073787347758  loss=1.72068328533114
step 7339  lr=0.00335836520074611  loss=1.52842593599179
step 7340  lr=0.00335599319682708  loss=2.4320731562004
step 7341  lr=0.00335362186195935  loss=2.74954329602912
step 7342  lr=0.00335125119638172  loss=2.38910221745025
step 7343  lr=0.0033488812003329  loss=2.20796972631138
step 7344  lr=0.00334651187405158  loss=1.90689907291812
step 7345  lr=0.00334414321777632  loss=2.18523158144157
step 7346  lr=0.00334177523174566  loss=2.55015021602522
step 7347  lr=0.00333940791619805  loss=2.95332714626513
step 7348  lr=0.00333704127137188  loss=1.57509192984297
step 7349  lr=0.00333467529750548  loss=1.87776865785127
step 7350  lr=0.00333230999483708  loss=1.79682443383127
step 7351  lr=0.00332994536360489  loss=2.83138354928018
step 7352  lr=0.00332758140404702  loss=2.03518589549176
step 7353  lr=0.00332521811640152  loss=2.38229801243384
step 7354  lr=0.00332285550090637  loss=1.82694032070557
step 7355  lr=0.0033204935577995  loss=2.75013815755107
step 7356  lr=0.00331813228731873  loss=2.40922955625269
step 7357  lr=0.00331577168970186  loss=1.61566235579397
step 7358  lr=0.0033134117651866  loss=1.80690673393233
step 7359  lr=0.0033110525140106  loss=1.80862337816641
step 7360  lr=0.00330869393641142  loss=1.86601096860277
step 7361  lr=0.00330633603262658  loss=2.42515886617426
step 7362  lr=0.00330397880289352  loss=1.72952878147083
step 7363  lr=0.0033016222474496  loss=1.86865819775413
step 7364  lr=0.00329926636653215  loss=2.09092424411012
step 7365  lr=0.00329691116037839  loss=3.04665147818281
step 7366  lr=0.00329455662922549  loss=2.91523678250054
step 7367  lr=0.00329220277331055  loss=1.75073206008603
step 7368  lr=0.00328984959287062  loss=2.58581675559338
step 7369  lr=0.00328749708814264  loss=2.80884926064611
step 7370  lr=0.00328514525936353  loss=2.6020678202948
step 7371  lr=0.0032827941067701  loss=2.11622678484756
step 7372  lr=0.00328044363059912  loss=2.6419689647269
step 7373  lr=0.00327809383108729  loss=2.77072218902307
step 7374  lr=0.00327574470847122  loss=1.8854050860143
step 7375  lr=0.00327339626298747  loss=1.93367313850769
step 7376  lr=0.00327104849487255  loss=1.87266850778628
step 7377  lr=0.00326870140436285  loss=2.52297970101224
step 7378  lr=0.00326635499169473  loss=1.78396793001791
step 7379  lr=0.00326400925710448  loss=1.86813203823726
step 7380  lr=0.00326166420082832  loss=1.66504256875562
step 7381  lr=0.00325931982310239  loss=1.92617338865221
step 7382  lr=0.00325697612416277  loss=1.66517692623084
step 7383  lr=0.00325463310424546  loss=2.80100609421736
step 7384  lr=0.00325229076358642  loss=2.54456141554331
step 7385  lr=0.00324994910242152  loss=1.76753183186777
step 7386  lr=0.00324760812098655  loss=2.56833760834304
step 7387  lr=0.00324526781951726  loss=2.80395486452988
step 7388  lr=0.00324292819824932  loss=2.45871071427248
step 7389  lr=0.00324058925741832  loss=1.85005632527837
step 7390  lr=0.00323825099725981  loss=2.54144217610824
step 7391  lr=0.00323591341800922  loss=1.70899268831563
step 7392  lr=0.00323357651990198  loss=2.5737074863415
step 7393  lr=0.00323124030317339  loss=1.99215976937928
step 7394  lr=0.00322890476805872  loss=1.64402687682479
step 7395  lr=0.00322656991479316  loss=2.57675926528024
step 7396  lr=0.00322423574361181  loss=2.79274907137354
step 7397  lr=0.00322190225474975  loss=1.23347721704125
step 7398  lr=0.00321956944844194  loss=2.3910436733448
step 7399  lr=0.0032172373249233  loss=2.17768645386102
step 7400  lr=0.00321490588442868  loss=1.7645655612182
step 7401  lr=0.00321257512719285  loss=1.90858160759843
step 7402  lr=0.00321024505345052  loss=1.8474193906973
step 7403  lr=0.00320791566343632  loss=1.31048182774954
step 7404  lr=0.00320558695738484  loss=1.82333397547071
step 7405  lr=0.00320325893553055  loss=1.77902844870772
step 7406  lr=0.00320093159810792  loss=1.79845131833143
step 7407  lr=0.00319860494535128  loss=2.92507286830818
step 7408  lr=0.00319627897749493  loss=1.76560749648055
step 7409  lr=0.00319395369477311  loss=1.90726371805808
step 7410  lr=0.00319162909741997  loss=2.83128680112177
step 7411  lr=0.00318930518566958  loss=2.99863430361655
step 7412  lr=0.00318698195975599  loss=1.71434048714835
step 7413  lr=0.00318465941991311  loss=2.40764986576251
step 7414  lr=0.00318233756637486  loss=1.72244503985165
step 7415  lr=0.00318001639937502  loss=1.90746889425799
step 7416  lr=0.00317769591914734  loss=2.66017664069545
step 7417  lr=0.00317537612592549  loss=1.99392611373873
step 7418  lr=0.00317305701994309  loss=1.81343605320514
step 7419  lr=0.00317073860143365  loss=2.0765061112329
step 7420  lr=0.00316842087063066  loss=2.80562238715712
step 7421  lr=0.00316610382776749  loss=1.58689857424768
step 7422  lr=0.00316378747307748  loss=2.93267683581587
step 7423  lr=0.00316147180679388  loss=2.56204495273551
step 7424  lr=0.00315915682914989  loss=1.74619439843652
step 7425  lr=0.00315684254037862  loss=1.79766928352327
step 7426  lr=0.00315452894071311  loss=2.57624916074533
step 7427  lr=0.00315221603038636  loss=1.81136316469626
step 7428  lr=0.00314990380963126  loss=1.63312927447342
step 7429  lr=0.00314759227868066  loss=2.57568986326903
step 7430  lr=0.00314528143776733  loss=1.71765136453008
step 7431  lr=0.00314297128712398  loss=2.70467733986782
step 7432  lr=0.00314066182698322  loss=2.63019727839233
step 7433  lr=0.00313835305757764  loss=2.58272815948833
step 7434  lr=0.00313604497913971  loss=2.76319465014583
step 7435  lr=0.00313373759190186  loss=1.75412942864559
step 7436  lr=0.00313143089609646  loss=2.22490186783223
step 7437  lr=0.00312912489195577  loss=2.60727548224936
step 7438  lr=0.00312681957971202  loss=2.41236729090678
step 7439  lr=0.00312451495959735  loss=2.46478637239919
step 7440  lr=0.00312221103184383  loss=2.79583034507502
step 7441  lr=0.00311990779668348  loss=1.79413775549435
step 7442  lr=0.00311760525434822  loss=2.24818056575759
step 7443  lr=0.00311530340506992  loss=2.3226887628811
step 7444  lr=0.00311300224908039  loss=2.49566489669882
step 7445  lr=0.00311070178661133  loss=1.65167926186206
step 7446  lr=0.00310840201789442  loss=2.45303879634225
step 7447  lr=0.00310610294316124  loss=2.32217059389731
step 7448  lr=0.0031038045626433  loss=2.31358637263717
step 7449  lr=0.00310150687657206  loss=2.96209254973919
step 7450  lr=0.00309920988517888  loss=2.37964218983194
step 7451  lr=0.00309691358869508  loss=1.76193167294581
step 7452  lr=0.00309461798735189  loss=1.85391488921501
step 7453  lr=0.00309232308138048  loss=1.9836278696618
step 7454  lr=0.00309002887101195  loss=2.58039962219365
step 7455  lr=0.00308773535647732  loss=2.40703279059016
step 7456  lr=0.00308544253800755  loss=1.88423236687923
step 7457  lr=0.00308315041583354  loss=1.85239613622509
step 7458  lr=0.00308085899018608  loss=2.61553602511678
step 7459  lr=0.00307856826129593  loss=1.94086683126689
step 7460  lr=0.00307627822939377  loss=1.83279821255441
step 7461  lr=0.00307398889471021  loss=1.8586043214698
step 7462  lr=0.00307170025747577  loss=2.38163543131199
step 7463  lr=0.00306941231792093  loss=2.22971739282595
step 7464  lr=0.00306712507627607  loss=1.87690243498699
step 7465  lr=0.00306483853277153  loss=1.81412249040107
step 7466  lr=0.00306255268763757  loss=2.39469857107123
step 7467  lr=0.00306026754110435  loss=2.33315458679866
step 7468  lr=0.00305798309340201  loss=1.71295334048543
step 7469  lr=0.00305569934476058  loss=2.46893037092232
step 7470  lr=0.00305341629541003  loss=1.81327091006316
step 7471  lr=0.00305113394558027  loss=1.4095190704783
step 7472  lr=0.00304885229550114  loss=2.93602394827186
step 7473  lr=0.00304657134540238  loss=1.86310204115279
step 7474  lr=0.0030442910955137  loss=1.82175032410969
step 7475  lr=0.00304201154606472  loss=2.67264043343434
step 7476  lr=0.00303973269728499  loss=2.78767721916047
step 7477  lr=0.00303745454940399  loss=1.62664121524336
step 7478  lr=0.00303517710265111  loss=1.43292266268649
step 7479  lr=0.00303290035725572  loss=1.77760179829147
step 7480  lr=0.00303062431344707  loss=1.79019993318249
step 7481  lr=0.00302834897145436  loss=1.25655409204881
step 7482  lr=0.00302607433150671  loss=2.54852477159759
step 7483  lr=0.00302380039383319  loss=2.17518008131445
step 7484  lr=0.00302152715866278  loss=1.86326846244603
step 7485  lr=0.0030192546262244  loss=2.53823073131678
step 7486  lr=0.00301698279674688  loss=1.26014093281851
step 7487  lr=0.003014711670459  loss=2.99112485354025
step 7488  lr=0.00301244124758947  loss=2.05021975263944
step 7489  lr=0.00301017152836692  loss=2.93280839811194
step 7490  lr=0.00300790251301989  loss=1.67878540016104
step 7491  lr=0.0030056342017769  loss=2.47498201894954
step 7492  lr=0.00300336659486634  loss=2.2433333310088
step 7493  lr=0.00300109969251659  loss=1.84030027452435
step 7494  lr=0.0029988334949559  loss=2.77082986760339
step 7495  lr=0.00299656800241249  loss=1.64904264640003
step 7496  lr=0.00299430321511448  loss=1.85993207470016
step 7497  lr=0.00299203913328995  loss=2.52279507302736
step 7498  lr=0.00298977575716689  loss=1.24933102426346
step 7499  lr=0.00298751308697322  loss=2.47627483438207
step 7500  lr=0.00298525112293679  loss=1.87799985556531
step 7501  lr=0.00298298986528538  loss=2.00876637903129
step 7502  lr=0.00298072931424669  loss=1.75685985077237
step 7503  lr=0.00297846947004838  loss=2.49980318843131
step 7504  lr=0.00297621033291799  loss=1.41938440661099
step 7505  lr=0.00297395190308303  loss=2.8229109702719
step 7506  lr=0.00297169418077093  loss=1.82906361486743
step 7507  lr=0.00296943716620903  loss=2.701321997945
step 7508  lr=0.00296718085962461  loss=2.04281842934973
step 7509  lr=0.00296492526124489  loss=2.46167958172153
step 7510  lr=0.002962670371297  loss=1.80226520488706
step 7511  lr=0.00296041619000801  loss=1.98432999789157
step 7512  lr=0.00295816271760492  loss=1.74480840928183
step 7513  lr=0.00295590995431465  loss=1.66616623453446
step 7514  lr=0.00295365790036405  loss=2.58967545803721
step 7515  lr=0.00295140655597992  loss=1.2361809016111
step 7516  lr=0.00294915592138894  loss=1.92940107359416
step 7517  lr=0.00294690599681778  loss=1.92099952877144
step 7518  lr=0.00294465678249299  loss=2.77506261831823
step 7519  lr=0.00294240827864107  loss=1.64004031033109
step 7520  lr=0.00294016048548844  loss=2.02291135382399
step 7521  lr=0.00293791340326145  loss=1.76780315328313
step 7522  lr=0.00293566703218639  loss=2.72644975660463
step 7523  lr=0.00293342137248948  loss=2.67438381917039
step 7524  lr=0.00293117642439683  loss=2.65835907949628
step 7525  lr=0.00292893218813453  loss=2.29000224059074
step 7526  lr=0.00292668866392856  loss=2.48458532539168
step 7527  lr=0.00292444585200484  loss=2.56369648870607
step 7528  lr=0.00292220375258924  loss=1.99977066049112
step 7529  lr=0.00291996236590753  loss=2.7838243833008
step 7530  lr=0.00291772169218541  loss=2.08700053587301
step 7531  lr=0.00291548173164852  loss=2.84410313970761
step 7532  lr=0.00291324248452243  loss=2.55665754964157
step 7533  lr=0.00291100395103263  loss=1.79926881102748
step 7534  lr=0.00290876613140454  loss=1.78622978791938
step 7535  lr=0.0029065290258635  loss=2.53971298361283
step 7536  lr=0.00290429263463479  loss=1.74028310732772
step 7537  lr=0.00290205695794363  loss=2.7195112675695
step 7538  lr=0.00289982199601513  loss=1.9588191896452
step 7539  lr=0.00289758774907436  loss=2.9012048622518
step 7540  lr=0.00289535421734631  loss=1.76806097302248
step 7541  lr=0.0028931214010559  loss=2.64579573991142
step 7542  lr=0.00289088930042797  loss=2.37792030908156
step 7543  lr=0.00288865791568729  loss=1.74961891861165
step 7544  lr=0.00288642724705857  loss=2.7017837502493
step 7545  lr=0.00288419729476643  loss=1.8204059157236
step 7546  lr=0.00288196805903542  loss=2.9141943147496
step 7547  lr=0.00287973954009004  loss=2.66124623453533
step 7548  lr=0.00287751173815469  loss=1.82263624720166
step 7549  lr=0.00287528465345371  loss=1.86842116699022
step 7550  lr=0.00287305828621137  loss=2.87539468791764
step 7551  lr=0.00287083263665187  loss=2.08728800667103
step 7552  lr=0.00286860770499933  loss=2.41288182482028
step 7553  lr=0.0028663834914778  loss=2.59951054516288
step 7554  lr=0.00286415999631125  loss=2.06593766736547
step 7555  lr=0.00286193721972359  loss=2.66284488566949
step 7556  lr=0.00285971516193867  loss=2.64020864354084
step 7557  lr=0.00285749382318023  loss=1.80311037612383
step 7558  lr=0.00285527320367197  loss=2.96628902317291
step 7559  lr=0.0028530533036375  loss=2.1017828807043
step 7560  lr=0.00285083412330037  loss=1.84027123555832
step 7561  lr=0.00284861566288404  loss=2.38029351344238
step 7562  lr=0.00284639792261192  loss=2.55067292733296
step 7563  lr=0.00284418090270734  loss=1.75939243114904
step 7564  lr=0.00284196460339354  loss=2.65469550485933
step 7565  lr=0.00283974902489371  loss=2.64296770148588
step 7566  lr=0.00283753416743096  loss=2.67077799676855
step 7567  lr=0.00283532003122833  loss=2.6130343760556
step 7568  lr=0.00283310661650877  loss=1.91531489945322
step 7569  lr=0.00283089392349517  loss=2.5506897167301
step 7570  lr=0.00282868195241037  loss=2.02394445364334
step 7571  lr=0.00282647070347709  loss=2.45282427139453
step 7572  lr=0.00282426017691802  loss=2.75373672615315
step 7573  lr=0.00282205037295575  loss=2.62563955469022
step 7574  lr=0.00281984129181281  loss=2.94235267177927
step 7575  lr=0.00281763293371166  loss=1.76933478521685
step 7576  lr=0.00281542529887468  loss=2.79091186481449
step 7577  lr=0.00281321838752417  loss=2.57770820790392
step 7578  lr=0.00281101219988237  loss=2.58758574712159
step 7579  lr=0.00280880673617145  loss=1.83137521467524
step 7580  lr=0.00280660199661349  loss=1.98330278815717
step 7581  lr=0.00280439798143051  loss=2.32033389186035
step 7582  lr=0.00280219469084447  loss=2.71105477377524
step 7583  lr=0.00279999212507721  loss=1.60144494437342
step 7584  lr=0.00279779028435056  loss=2.07753064284856
step 7585  lr=0.00279558916888622  loss=1.85449577879243
step 7586  lr=0.00279338877890586  loss=2.22170357975682
step 7587  lr=0.00279118911463105  loss=2.79434945524929
step 7588  lr=0.00278899017628331  loss=2.42416519311787
step 7589  lr=0.00278679196408405  loss=2.53747505078229
step 7590  lr=0.00278459447825465  loss=1.95415380357896
step 7591  lr=0.00278239771901638  loss=2.17422029981274
step 7592  lr=0.00278020168659046  loss=2.4198005985126
step 7593  lr=0.00277800638119804  loss=1.77565413083488
step 7594  lr=0.00277581180306018  loss=2.48648896216178
step 7595  lr=0.00277361795239787  loss=2.66764294529813
step 7596  lr=0.00277142482943204  loss=2.50667436762818
step 7597  lr=0.00276923243438353  loss=1.66056875541754
step 7598  lr=0.00276704076747311  loss=2.49059980785344
step 7599  lr=0.00276484982892149  loss=1.75963302518097
step 7600  lr=0.0027626596189493  loss=1.65879721442986
step 7601  lr=0.00276047013777708  loss=2.85816670933983
step 7602  lr=0.00275828138562533  loss=2.74972164884901
step 7603  lr=0.00275609336271443  loss=2.51736276006601
step 7604  lr=0.00275390606926474  loss=2.01018531298745
step 7605  lr=0.00275171950549651  loss=2.2089864214757
step 7606  lr=0.00274953367162993  loss=2.66766917755672
step 7607  lr=0.00274734856788511  loss=1.80624500098994
step 7608  lr=0.00274516419448209  loss=2.65617174036984
step 7609  lr=0.00274298055164083  loss=1.74158076796506
step 7610  lr=0.00274079763958124  loss=1.73685174008013
step 7611  lr=0.00273861545852313  loss=1.7586721274513
step 7612  lr=0.00273643400868623  loss=1.65130987619187
step 7613  lr=0.00273425329029024  loss=2.59892448894748
step 7614  lr=0.00273207330355474  loss=1.657310540731
step 7615  lr=0.00272989404869927  loss=1.86403253235248
step 7616  lr=0.00272771552594325  loss=2.97613134873237
step 7617  lr=0.00272553773550609  loss=2.64678554593254
step 7618  lr=0.00272336067760708  loss=2.46500761542535
step 7619  lr=0.00272118435246545  loss=2.08081248404264
step 7620  lr=0.00271900876030036  loss=2.58674225657558
step 7621  lr=0.00271683390133089  loss=2.53534521540292
step 7622  lr=0.00271465977577604  loss=1.6805917071735
step 7623  lr=0.00271248638385475  loss=2.05518889448055
step 7624  lr=0.00271031372578589  loss=1.80584424694354
step 7625  lr=0.00270814180178823  loss=2.43450317550002
step 7626  lr=0.00270597061208049  loss=2.95262146582614
step 7627  lr=0.00270380015688132  loss=2.99284214084715
step 7628  lr=0.00270163043640927  loss=2.88007395099616
step 7629  lr=0.00269946145088283  loss=2.21536058976287
step 7630  lr=0.00269729320052043  loss=2.61150253718977
step 7631  lr=0.0026951256855404  loss=1.82868056548984
step 7632  lr=0.00269295890616101  loss=2.55339996944142
step 7633  lr=0.00269079286260047  loss=1.84729124034055
step 7634  lr=0.00268862755507688  loss=2.5097001790168
step 7635  lr=0.0026864629838083  loss=1.81657381888395
step 7636  lr=0.00268429914901269  loss=2.59806799427768
step 7637  lr=0.00268213605090796  loss=2.65653112309885
step 7638  lr=0.00267997368971193  loss=1.76033509997504
step 7639  lr=0.00267781206564235  loss=2.33561423579635
step 7640  lr=0.00267565117891689  loss=2.61945402932243
step 7641  lr=0.00267349102975316  loss=2.50643600617464
step 7642  lr=0.00267133161836868  loss=1.86399282126572
step 7643  lr=0.00266917294498091  loss=1.7959368773985
step 7644  lr=0.00266701500980722  loss=2.79078758713754
step 7645  lr=0.00266485781306492  loss=1.7848745467009
step 7646  lr=0.00266270135497124  loss=2.09816377884539
step 7647  lr=0.00266054563574333  loss=2.69392480109423
step 7648  lr=0.00265839065559827  loss=3.00118411818644
step 7649  lr=0.00265623641475307  loss=2.62118172622042
step 7650  lr=0.00265408291342467  loss=2.55135252574511
step 7651  lr=0.00265193015182992  loss=1.73223143278535
step 7652  lr=0.00264977813018559  loss=1.61590087065606
step 7653  lr=0.00264762684870841  loss=1.66483619725824
step 7654  lr=0.002645476307615  loss=1.75500242907858
step 7655  lr=0.00264332650712193  loss=2.49472963279803
step 7656  lr=0.00264117744744568  loss=2.61910363150613
step 7657  lr=0.00263902912880266  loss=1.93746001329363
step 7658  lr=0.0026368815514092  loss=2.54886654347678
step 7659  lr=0.00263473471548157  loss=1.78593279857431
step 7660  lr=0.00263258862123595  loss=1.77714685849854
step 7661  lr=0.00263044326888846  loss=2.86084343939514
step 7662  lr=0.00262829865865513  loss=1.81663390942066
step 7663  lr=0.00262615479075192  loss=1.79623960063476
step 7664  lr=0.00262401166539472  loss=2.64356653499169
step 7665  lr=0.00262186928279934  loss=1.81540947640908
step 7666  lr=0.00261972764318153  loss=2.4883668982661
step 7667  lr=0.00261758674675694  loss=2.22391857518794
step 7668  lr=0.00261544659374116  loss=2.61972087464185
step 7669  lr=0.00261330718434971  loss=1.6442486066662
step 7670  lr=0.00261116851879803  loss=1.75910425189964
step 7671  lr=0.00260903059730147  loss=2.61124462817578
step 7672  lr=0.00260689342007532  loss=1.75555238660683
step 7673  lr=0.00260475698733481  loss=2.5652591381993
step 7674  lr=0.00260262129929507  loss=1.77439736533882
step 7675  lr=0.00260048635617116  loss=1.79429245080189
step 7676  lr=0.00259835215817807  loss=2.60991698841456
step 7677  lr=0.00259621870553072  loss=1.72758306464924
step 7678  lr=0.00259408599844394  loss=1.73031287382713
step 7679  lr=0.0025919540371325  loss=1.80287005995287
step 7680  lr=0.00258982282181108  loss=2.51882130258657
step 7681  lr=0.00258769235269431  loss=2.57297914163227
step 7682  lr=0.00258556262999671  loss=2.37221587390111
step 7683  lr=0.00258343365393275  loss=2.09716242158299
step 7684  lr=0.00258130542471682  loss=2.51789435427534
step 7685  lr=0.00257917794256323  loss=1.76388965479999
step 7686  lr=0.00257705120768621  loss=2.84723318648532
step 7687  lr=0.00257492522029994  loss=2.06954083866399
step 7688  lr=0.0025727999806185  loss=1.92473608293749
step 7689  lr=0.00257067548885589  loss=2.21806862853725
step 7690  lr=0.00256855174522606  loss=1.6396334580283
step 7691  lr=0.00256642874994286  loss=1.80619038795881
step 7692  lr=0.00256430650322009  loss=2.53067854692913
step 7693  lr=0.00256218500527145  loss=2.88078109225562
step 7694  lr=0.00256006425631057  loss=2.61522932294732
step 7695  lr=0.00255794425655102  loss=2.10074681418063
step 7696  lr=0.00255582500620628  loss=2.53585678190412
step 7697  lr=0.00255370650548976  loss=1.58540006798857
step 7698  lr=0.00255158875461479  loss=1.68757536681981
step 7699  lr=0.00254947175379463  loss=2.82541850127294
step 7700  lr=0.00254735550324245  loss=2.72702234226483
step 7701  lr=0.00254524000317138  loss=1.73678287483461
step 7702  lr=0.00254312525379443  loss=2.46171631016373
step 7703  lr=0.00254101125532457  loss=2.70868069759423
step 7704  lr=0.00253889800797467  loss=1.7827480698924
step 7705  lr=0.00253678551195753  loss=2.00771713191794
step 7706  lr=0.00253467376748589  loss=2.8712354626489
step 7707  lr=0.0025325627747724  loss=2.58661020753365
step 7708  lr=0.00253045253402963  loss=1.64439479508702
step 7709  lr=0.00252834304547008  loss=2.41609433680745
step 7710  lr=0.00252623430930619  loss=1.66099835442909
step 7711  lr=0.0025241263257503  loss=2.61190897576095
step 7712  lr=0.00252201909501468  loss=2.51753223422554
step 7713  lr=0.00251991261731154  loss=1.5916303759587
step 7714  lr=0.00251780689285299  loss=2.56885167308589
step 7715  lr=0.00251570192185108  loss=2.86762658916773
step 7716  lr=0.00251359770451778  loss=1.84827956411245
step 7717  lr=0.00251149424106499  loss=2.65978533166237
step 7718  lr=0.00250939153170452  loss=2.68264740011034
step 7719  lr=0.00250728957664813  loss=1.66412369226995
step 7720  lr=0.00250518837610746  loss=1.8385003811274
step 7721  lr=0.00250308793029412  loss=1.92126113205667
step 7722  lr=0.00250098823941962  loss=1.75287844727611
step 7723  lr=0.0024988893036954  loss=2.3619304114479
step 7724  lr=0.00249679112333283  loss=2.44741760290355
step 7725  lr=0.00249469369854318  loss=2.61012814931453
step 7726  lr=0.00249259702953767  loss=2.39933233872806
step 7727  lr=0.00249050111652744  loss=2.52349966086649
step 7728  lr=0.00248840595972353  loss=2.52477988184
step 7729  lr=0.00248631155933694  loss=1.78620135705852
step 7730  lr=0.00248421791557857  loss=2.6573788100109
step 7731  lr=0.00248212502865925  loss=2.66497284609904
step 7732  lr=0.00248003289878974  loss=2.49226630691488
step 7733  lr=0.00247794152618071  loss=2.60221121013763
step 7734  lr=0.00247585091104276  loss=2.12859046106154
step 7735  lr=0.00247376105358641  loss=2.90833521258902
step 7736  lr=0.00247167195402213  loss=1.82132727463096
step 7737  lr=0.00246958361256027  loss=1.82919166335227
step 7738  lr=0.00246749602941113  loss=2.88678865185681
step 7739  lr=0.00246540920478494  loss=2.66823687034001
step 7740  lr=0.00246332313889184  loss=2.6542844749087
step 7741  lr=0.00246123783194188  loss=2.23912418200612
step 7742  lr=0.00245915328414508  loss=2.34444278554477
step 7743  lr=0.00245706949571133  loss=1.64395928815462
step 7744  lr=0.00245498646685048  loss=1.74941073965412
step 7745  lr=0.00245290419777228  loss=1.78885741005181
step 7746  lr=0.00245082268868643  loss=2.84253430817124
step 7747  lr=0.00244874193980252  loss=1.65528690733546
step 7748  lr=0.00244666195133009  loss=1.77264095876987
step 7749  lr=0.0024445827234786  loss=2.50068266017962
step 7750  lr=0.00244250425645742  loss=2.88933956025689
step 7751  lr=0.00244042655047585  loss=1.82259913056568
step 7752  lr=0.00243834960574313  loss=2.08141943355703
step 7753  lr=0.00243627342246839  loss=2.5852926641138
step 7754  lr=0.00243419800086071  loss=2.00476311057665
step 7755  lr=0.00243212334112909  loss=2.03534276801351
step 7756  lr=0.00243004944348244  loss=2.64944648557221
step 7757  lr=0.0024279763081296  loss=2.37976400812522
step 7758  lr=0.00242590393527934  loss=1.76734192142609
step 7759  lr=0.00242383232514035  loss=1.91877191615236
step 7760  lr=0.00242176147792123  loss=2.41726791819717
step 7761  lr=0.00241969139383053  loss=1.8021525104916
step 7762  lr=0.0024176220730767  loss=1.74401167609936
step 7763  lr=0.00241555351586811  loss=2.28705362672942
step 7764  lr=0.00241348572241308  loss=2.28787517390486
step 7765  lr=0.00241141869291983  loss=1.79521668807199
step 7766  lr=0.00240935242759651  loss=1.80121688701212
step 7767  lr=0.00240728692665119  loss=2.11737054240028
step 7768  lr=0.00240522219029187  loss=2.64645757658301
step 7769  lr=0.00240315821872647  loss=2.89785494427045
step 7770  lr=0.00240109501216283  loss=1.95329208392438
step 7771  lr=0.00239903257080871  loss=1.96888621129888
step 7772  lr=0.00239697089487181  loss=1.75102142480041
step 7773  lr=0.00239490998455973  loss=1.89845635360043
step 7774  lr=0.00239284984008  loss=2.86815838947582
step 7775  lr=0.00239079046164009  loss=2.76905642012999
step 7776  lr=0.00238873184944737  loss=1.63925134027997
step 7777  lr=0.00238667400370914  loss=1.73013331210375
step 7778  lr=0.00238461692463263  loss=1.71862409562495
step 7779  lr=0.00238256061242499  loss=1.71700599045367
step 7780  lr=0.00238050506729329  loss=1.7311630071172
step 7781  lr=0.00237845028944452  loss=1.75784391959593
step 7782  lr=0.0023763962790856  loss=2.79023271403078
step 7783  lr=0.00237434303642336  loss=1.86584239898093
step 7784  lr=0.00237229056166457  loss=1.70875806385816
step 7785  lr=0.00237023885501592  loss=2.5114522853785
step 7786  lr=0.002368187916684  loss=2.66321749140383
step 7787  lr=0.00236613774687535  loss=2.83733068476942
step 7788  lr=0.00236408834579641  loss=1.8791472908323
step 7789  lr=0.00236203971365358  loss=2.78892334821675
step 7790  lr=0.00235999185065313  loss=2.83674480342427
step 7791  lr=0.0023579447570013  loss=2.48874223998462
step 7792  lr=0.00235589843290422  loss=2.73476117216006
step 7793  lr=0.00235385287856796  loss=2.53952786585338
step 7794  lr=0.00235180809419851  loss=1.80188685050421
step 7795  lr=0.00234976408000177  loss=1.7183280176741
step 7796  lr=0.00234772083618358  loss=2.68177644280857
step 7797  lr=0.00234567836294969  loss=1.78179773260233
step 7798  lr=0.00234363666050578  loss=1.87365969566894
step 7799  lr=0.00234159572905745  loss=2.62642072038959
step 7800  lr=0.00233955556881022  loss=1.69556462183531
step 7801  lr=0.00233751617996954  loss=1.98386897813981
step 7802  lr=0.00233547756274076  loss=1.67921495200956
step 7803  lr=0.00233343971732919  loss=2.46857763273846
step 7804  lr=0.00233140264394002  loss=2.9639195808672
step 7805  lr=0.0023293663427784  loss=1.4090887084424
step 7806  lr=0.00232733081404938  loss=2.01083398142161
step 7807  lr=0.00232529605795794  loss=2.89967763203577
step 7808  lr=0.00232326207470897  loss=2.63803551590059
step 7809  lr=0.00232122886450731  loss=1.82187986718894
step 7810  lr=0.00231919642755768  loss=1.94152609048858
step 7811  lr=0.00231716476406477  loss=1.47022115294089
step 7812  lr=0.00231513387423315  loss=2.6617220044336
step 7813  lr=0.00231310375826734  loss=2.60319486878597
step 7814  lr=0.00231107441637178  loss=2.80642848778856
step 7815  lr=0.00230904584875081  loss=1.61921950893604
step 7816  lr=0.00230701805560871  loss=1.78939024063928
step 7817  lr=0.00230499103714968  loss=2.21038169904575
step 7818  lr=0.00230296479357784  loss=1.61016338820643
step 7819  lr=0.00230093932509725  loss=1.7984907029926
step 7820  lr=0.00229891463191184  loss=1.75642215229619
step 7821  lr=0.00229689071422553  loss=1.63957248309397
step 7822  lr=0.00229486757224211  loss=1.71789813695551
step 7823  lr=0.00229284520616531  loss=1.80925641524988
step 7824  lr=0.00229082361619879  loss=2.64327470108957
step 7825  lr=0.00228880280254612  loss=1.37933791185282
step 7826  lr=0.0022867827654108  loss=2.47070709005872
step 7827  lr=0.00228476350499625  loss=2.50598903648985
step 7828  lr=0.00228274502150579  loss=1.72789073310083
step 7829  lr=0.00228072731514271  loss=2.39601433377687
step 7830  lr=0.00227871038611017  loss=2.23390755718233
step 7831  lr=0.00227669423461128  loss=2.62105902153832
step 7832  lr=0.00227467886084907  loss=1.74577997511172
step 7833  lr=0.00227266426502649  loss=1.5936888635087
step 7834  lr=0.00227065044734641  loss=2.91450712325831
step 7835  lr=0.00226863740801161  loss=1.58704191979518
step 7836  lr=0.00226662514722482  loss=1.63824668591215
step 7837  lr=0.00226461366518866  loss=1.92415364232031
step 7838  lr=0.0022626029621057  loss=2.52702615948299
step 7839  lr=0.0022605930381784  loss=2.51501989502653
step 7840  lr=0.00225858389360918  loss=2.57528849309802
step 7841  lr=0.00225657552860034  loss=2.22111121491032
step 7842  lr=0.00225456794335414  loss=2.87098397251511
step 7843  lr=0.00225256113807273  loss=2.58853692943693
step 7844  lr=0.0022505551129582  loss=2.49095757975926
step 7845  lr=0.00224854986821257  loss=2.44020483091112
step 7846  lr=0.00224654540403775  loss=2.3027552282383
step 7847  lr=0.00224454172063559  loss=1.71034217565701
step 7848  lr=0.00224253881820787  loss=1.74940683907332
step 7849  lr=0.00224053669695628  loss=2.59473268808631
step 7850  lr=0.00223853535708243  loss=1.76836954490292
step 7851  lr=0.00223653479878786  loss=2.1341088109967
step 7852  lr=0.00223453502227402  loss=2.07732733117626
step 7853  lr=0.0022325360277423  loss=2.49229778320624
step 7854  lr=0.00223053781539398  loss=2.71507214195761
step 7855  lr=0.00222854038543029  loss=2.83454932648489
step 7856  lr=0.00222654373805237  loss=2.89299649196669
step 7857  lr=0.00222454787346129  loss=2.63958286827332
step 7858  lr=0.00222255279185802  loss=2.65458848662937
step 7859  lr=0.00222055849344348  loss=2.09929650541593
step 7860  lr=0.00221856497841847  loss=2.15902551688482
step 7861  lr=0.00221657224698377  loss=2.55156171965304
step 7862  lr=0.00221458029934002  loss=2.6093199848519
step 7863  lr=0.00221258913568783  loss=1.6346106681079
step 7864  lr=0.0022105987562277  loss=2.52587639579077
step 7865  lr=0.00220860916116006  loss=2.12636271048594
step 7866  lr=0.00220662035068526  loss=1.79161114914042
step 7867  lr=0.00220463232500358  loss=2.04383899512245
step 7868  lr=0.00220264508431521  loss=1.96559667979389
step 7869  lr=0.00220065862882027  loss=2.44777197605428
step 7870  lr=0.0021986729587188  loss=1.83204247049722
step 7871  lr=0.00219668807421074  loss=1.83105857595744
step 7872  lr=0.00219470397549598  loss=1.78998274786629
step 7873  lr=0.00219272066277431  loss=2.14890375583378
step 7874  lr=0.00219073813624546  loss=2.00446822200739
step 7875  lr=0.00218875639610907  loss=1.95737285649601
step 7876  lr=0.00218677544256469  loss=1.87506603175867
step 7877  lr=0.00218479527581181  loss=1.61388909807819
step 7878  lr=0.00218281589604984  loss=1.79672075347963
step 7879  lr=0.00218083730347809  loss=1.81888168116516
step 7880  lr=0.00217885949829581  loss=1.66293110558201
step 7881  lr=0.00217688248070216  loss=2.82044513259957
step 7882  lr=0.00217490625089624  loss=2.82239763481723
step 7883  lr=0.00217293080907704  loss=2.0663016884795
step 7884  lr=0.00217095615544349  loss=2.60677761603488
step 7885  lr=0.00216898229019445  loss=1.98524750447596
step 7886  lr=0.00216700921352867  loss=2.29324087502284
step 7887  lr=0.00216503692564485  loss=1.94285999868258
step 7888  lr=0.0021630654267416  loss=1.63415568986138
step 7889  lr=0.00216109471701745  loss=1.91006438933499
step 7890  lr=0.00215912479667084  loss=1.80377995241067
step 7891  lr=0.00215715566590015  loss=2.82953118515838
step 7892  lr=0.00215518732490368  loss=1.63603051475983
step 7893  lr=0.00215321977387962  loss=2.5559303748833
step 7894  lr=0.00215125301302612  loss=2.62119610317068
step 7895  lr=0.00214928704254122  loss=2.76074376906617
step 7896  lr=0.00214732186262291  loss=2.40595184824394
step 7897  lr=0.00214535747346907  loss=1.62515023239908
step 7898  lr=0.00214339387527751  loss=2.64633075145686
step 7899  lr=0.00214143106824598  loss=2.6568922869893
step 7900  lr=0.00213946905257213  loss=2.84484412237571
step 7901  lr=0.00213750782845352  loss=2.1124703603706
step 7902  lr=0.00213554739608766  loss=2.44413457923898
step 7903  lr=0.00213358775567197  loss=1.81831644579304
step 7904  lr=0.00213162890740377  loss=2.44858847364568
step 7905  lr=0.00212967085148032  loss=1.5976801959083
step 7906  lr=0.00212771358809881  loss=1.65952201470157
step 7907  lr=0.00212575711745632  loss=1.75034810500797
step 7908  lr=0.00212380143974988  loss=2.71982760190629
step 7909  lr=0.00212184655517641  loss=2.46064567483082
step 7910  lr=0.00211989246393278  loss=1.79680125438346
step 7911  lr=0.00211793916621576  loss=2.61864271974416
step 7912  lr=0.00211598666222206  loss=2.38355267772909
step 7913  lr=0.00211403495214828  loss=1.6360532581936
step 7914  lr=0.00211208403619097  loss=3.03981840469261
step 7915  lr=0.00211013391454657  loss=2.22627498222597
step 7916  lr=0.00210818458741148  loss=2.4795937881856
step 7917  lr=0.00210623605498198  loss=1.75739428656279
step 7918  lr=0.0021042883174543  loss=1.63553045524233
step 7919  lr=0.00210234137502456  loss=2.80100377076399
step 7920  lr=0.00210039522788884  loss=2.2078387158764
step 7921  lr=0.0020984498762431  loss=1.81286745766049
step 7922  lr=0.00209650532028324  loss=2.1119497633755
step 7923  lr=0.00209456156020507  loss=2.95458815706023
step 7924  lr=0.00209261859620435  loss=1.72468190785535
step 7925  lr=0.00209067642847671  loss=2.63143217172087
step 7926  lr=0.00208873505721774  loss=2.06446241080869
step 7927  lr=0.00208679448262293  loss=1.621232133083
step 7928  lr=0.0020848547048877  loss=2.64030929818772
step 7929  lr=0.00208291572420739  loss=2.57952147880214
step 7930  lr=0.00208097754077725  loss=1.75264688871768
step 7931  lr=0.00207904015479245  loss=1.63945965931203
step 7932  lr=0.00207710356644809  loss=2.91764516195502
step 7933  lr=0.00207516777593919  loss=2.13322789914383
step 7934  lr=0.00207323278346067  loss=2.53310578645704
step 7935  lr=0.0020712985892074  loss=2.78931599432593
step 7936  lr=0.00206936519337414  loss=1.92025970278336
step 7937  lr=0.00206743259615559  loss=1.59967155941469
step 7938  lr=0.00206550079774636  loss=2.04186786741749
step 7939  lr=0.00206356979834098  loss=2.50867575635186
step 7940  lr=0.00206163959813391  loss=1.88948340971281
step 7941  lr=0.00205971019731951  loss=1.97480846121839
step 7942  lr=0.00205778159609208  loss=2.51957961162811
step 7943  lr=0.00205585379464582  loss=2.65579735718744
step 7944  lr=0.00205392679317487  loss=1.72512506616988
step 7945  lr=0.00205200059187327  loss=2.77318216885936
step 7946  lr=0.002050075190935  loss=1.98809787836193
step 7947  lr=0.00204815059055394  loss=2.1048568059821
step 7948  lr=0.00204622679092389  loss=1.72724264036823
step 7949  lr=0.00204430379223859  loss=2.41872164361095
step 7950  lr=0.00204238159469168  loss=2.10451757022437
step 7951  lr=0.00204046019847672  loss=2.40920618670993
step 7952  lr=0.00203853960378721  loss=1.87451113959646
step 7953  lr=0.00203661981081654  loss=2.37917765857323
step 7954  lr=0.00203470081975804  loss=1.72289653613702
step 7955  lr=0.00203278263080494  loss=1.76419704574212
step 7956  lr=0.00203086524415042  loss=2.84214544792643
step 7957  lr=0.00202894865998755  loss=1.86563295027366
step 7958  lr=0.00202703287850933  loss=2.8942763090153
step 7959  lr=0.00202511789990869  loss=2.56936253952937
step 7960  lr=0.00202320372437845  loss=2.43086292114555
step 7961  lr=0.00202129035211138  loss=2.60421317509084
step 7962  lr=0.00201937778330015  loss=1.84267299886364
step 7963  lr=0.00201746601813736  loss=2.20296406668949
step 7964  lr=0.00201555505681552  loss=2.68239090686862
step 7965  lr=0.00201364489952707  loss=2.22141492251707
step 7966  lr=0.00201173554646436  loss=2.44430683996024
step 7967  lr=0.00200982699781967  loss=1.8444285143259
step 7968  lr=0.00200791925378517  loss=1.82516858806407
step 7969  lr=0.00200601231455299  loss=1.89737976956364
step 7970  lr=0.00200410618031515  loss=1.69934617818706
step 7971  lr=0.0020022008512636  loss=1.87555956562676
step 7972  lr=0.0020002963275902  loss=2.8927265537444
step 7973  lr=0.00199839260948675  loss=2.58050438356326
step 7974  lr=0.00199648969714494  loss=1.7248716185322
step 7975  lr=0.0019945875907564  loss=1.72266366091425
step 7976  lr=0.00199268629051267  loss=2.52742666713717
step 7977  lr=0.00199078579660521  loss=1.7589608639837
step 7978  lr=0.0019888861092254  loss=1.77110444460475
step 7979  lr=0.00198698722856454  loss=3.01894097400629
step 7980  lr=0.00198508915481385  loss=2.92119930270996
step 7981  lr=0.00198319188816446  loss=2.07431102234369
step 7982  lr=0.00198129542880743  loss=1.73054634848088
step 7983  lr=0.00197939977693373  loss=2.73301103510183
step 7984  lr=0.00197750493273425  loss=1.74443453707736
step 7985  lr=0.0019756108963998  loss=1.8840113702229
step 7986  lr=0.00197371766812112  loss=2.81982699393839
step 7987  lr=0.00197182524808886  loss=1.97595424139758
step 7988  lr=0.00196993363649356  loss=2.51060576859432
step 7989  lr=0.00196804283352574  loss=1.67207643097534
step 7990  lr=0.00196615283937577  loss=2.168465765044
step 7991  lr=0.001964263654234  loss=1.77157420419247
step 7992  lr=0.00196237527829066  loss=2.71932155789408
step 7993  lr=0.00196048771173591  loss=2.27241704883636
step 7994  lr=0.00195860095475982  loss=1.62754484972337
step 7995  lr=0.0019567150075524  loss=1.91425194757674
step 7996  lr=0.00195482987030355  loss=2.38798535899586
step 7997  lr=0.00195294554320313  loss=1.80400872231894
step 7998  lr=0.00195106202644086  loss=2.10293295843896
step 7999  lr=0.00194917932020643  loss=1.65951478572788
step 8000  lr=0.00194729742468941  loss=2.48258367938322
step 8001  lr=0.00194541634007933  loss=1.83706539954342
step 8002  lr=0.0019435360665656  loss=1.82866413527219
step 8003  lr=0.00194165660433757  loss=1.62344206095115
step 8004  lr=0.0019397779535845  loss=1.27350169121268
step 8005  lr=0.00193790011449557  loss=1.77635982651808
step 8006  lr=0.00193602308725988  loss=2.12938327880283
step 8007  lr=0.00193414687206644  loss=2.20481136031984
step 8008  lr=0.00193227146910419  loss=2.58998918371967
step 8009  lr=0.00193039687856198  loss=3.04936834008821
step 8010  lr=0.00192852310062859  loss=2.01272971562073
step 8011  lr=0.0019266501354927  loss=2.35289300953708
step 8012  lr=0.00192477798334292  loss=1.8501383419867
step 8013  lr=0.00192290664436777  loss=2.0431744021098
step 8014  lr=0.00192103611875571  loss=2.73706380666142
step 8015  lr=0.00191916640669508  loss=1.61942552598589
step 8016  lr=0.00191729750837418  loss=1.71876750133165
step 8017  lr=0.0019154294239812  loss=2.4099224998317
step 8018  lr=0.00191356215370425  loss=1.80704571618061
step 8019  lr=0.00191169569773138  loss=1.86917140139311
step 8020  lr=0.00190983005625053  loss=1.80905564742774
step 8021  lr=0.00190796522944956  loss=2.58888444267758
step 8022  lr=0.00190610121751628  loss=1.58177516194041
step 8023  lr=0.00190423802063839  loss=1.95989106916451
step 8024  lr=0.0019023756390035  loss=2.7031340297574
step 8025  lr=0.00190051407279917  loss=1.79200714664971
step 8026  lr=0.00189865332221284  loss=2.61298401744728
step 8027  lr=0.00189679338743191  loss=1.74571906806015
step 8028  lr=0.00189493426864366  loss=2.68172363439231
step 8029  lr=0.0018930759660353  loss=2.39314198057915
step 8030  lr=0.00189121847979398  loss=1.78443500510707
step 8031  lr=0.00188936181010674  loss=2.66942203079677
step 8032  lr=0.00188750595716053  loss=2.60829516290616
step 8033  lr=0.00188565092114226  loss=2.862488707058
step 8034  lr=0.00188379670223871  loss=2.66861975913542
step 8035  lr=0.00188194330063661  loss=1.39649710932412
step 8036  lr=0.00188009071652261  loss=1.65752367848742
step 8037  lr=0.00187823895008324  loss=1.92993142800652
step 8038  lr=0.001876388001505  loss=2.55512171926262
step 8039  lr=0.00187453787097425  loss=1.93540724701132
step 8040  lr=0.00187268855867732  loss=1.95302433101753
step 8041  lr=0.00187084006480043  loss=1.89531699440139
step 8042  lr=0.00186899238952972  loss=2.77757177304283
step 8043  lr=0.00186714553305126  loss=1.73823617705364
step 8044  lr=0.00186529949555102  loss=2.60999786480432
step 8045  lr=0.0018634542772149  loss=2.46783662302796
step 8046  lr=0.00186160987822871  loss=1.70101094272116
step 8047  lr=0.00185976629877818  loss=1.84159573941694
step 8048  lr=0.00185792353904896  loss=1.72522023502937
step 8049  lr=0.00185608159922662  loss=2.74544056534346
step 8050  lr=0.00185424047949664  loss=1.64640206653059
step 8051  lr=0.00185240018004442  loss=1.73757184218392
step 8052  lr=0.00185056070105529  loss=1.82205596174659
step 8053  lr=0.00184872204271446  loss=1.65133602243004
step 8054  lr=0.0018468842052071  loss=1.68131558505568
step 8055  lr=0.00184504718871828  loss=2.38877513222162
step 8056  lr=0.00184321099343298  loss=1.71687710155213
step 8057  lr=0.00184137561953612  loss=2.56389811603897
step 8058  lr=0.0018395410672125  loss=2.48376142445588
step 8059  lr=0.00183770733664688  loss=2.86845404234133
step 8060  lr=0.0018358744280239  loss=2.80155196624277
step 8061  lr=0.00183404234152815  loss=2.50067290042381
step 8062  lr=0.00183221107734411  loss=2.52836279161882
step 8063  lr=0.00183038063565619  loss=2.37618513370979
step 8064  lr=0.00182855101664872  loss=1.82640970679438
step 8065  lr=0.00182672222050593  loss=2.80271738421534
step 8066  lr=0.001824894247412  loss=1.7694810082286
step 8067  lr=0.00182306709755098  loss=2.68620527950097
step 8068  lr=0.0018212407711069  loss=2.58632801608457
step 8069  lr=0.00181941526826364  loss=2.56341986836365
step 8070  lr=0.00181759058920503  loss=1.58884225484876
step 8071  lr=0.00181576673411484  loss=2.3598151953357
step 8072  lr=0.0018139437031767  loss=1.76594037951331
step 8073  lr=0.00181212149657422  loss=1.94404249690433
step 8074  lr=0.00181030011449087  loss=2.18458648999844
step 8075  lr=0.00180847955711008  loss=1.70384960679118
step 8076  lr=0.00180665982461518  loss=1.80250053644533
step 8077  lr=0.0018048409171894  loss=1.77668793726829
step 8078  lr=0.00180302283501592  loss=1.75482675741803
step 8079  lr=0.00180120557827782  loss=2.98813539216229
step 8080  lr=0.00179938914715809  loss=1.77826908064065
step 8081  lr=0.00179757354183965  loss=2.58343680033888
step 8082  lr=0.00179575876250533  loss=2.84229434518102
step 8083  lr=0.00179394480933787  loss=2.4698416885229
step 8084  lr=0.00179213168251996  loss=2.19286213211771
step 8085  lr=0.00179031938223415  loss=2.22212602222282
step 8086  lr=0.00178850790866296  loss=1.8645176712394
step 8087  lr=0.0017866972619888  loss=2.84608224062076
step 8088  lr=0.001784887442394  loss=1.89044027317998
step 8089  lr=0.0017830784500608  loss=2.80031233148958
step 8090  lr=0.00178127028517139  loss=2.04586492479314
step 8091  lr=0.00177946294790783  loss=2.52940506464889
step 8092  lr=0.00177765643845213  loss=1.64112514466841
step 8093  lr=0.0017758507569862  loss=2.01339865866392
step 8094  lr=0.00177404590369187  loss=1.77074004576134
step 8095  lr=0.0017722418787509  loss=1.83340251548835
step 8096  lr=0.00177043868234494  loss=1.73964849865
step 8097  lr=0.00176863631465558  loss=2.67911667376731
step 8098  lr=0.00176683477586432  loss=1.66552409337161
step 8099  lr=0.00176503406615258  loss=2.51090120038123
step 8100  lr=0.00176323418570167  loss=1.56683753564833
step 8101  lr=0.00176143513469286  loss=2.32223335921402
step 8102  lr=0.00175963691330731  loss=2.97080826430387
step 8103  lr=0.00175783952172609  loss=1.78298975969097
step 8104  lr=0.00175604296013021  loss=1.81005693791337
step 8105  lr=0.00175424722870057  loss=2.59181106986974
step 8106  lr=0.00175245232761802  loss=2.48652272520607
step 8107  lr=0.00175065825706329  loss=1.95942309788382
step 8108  lr=0.00174886501721705  loss=2.70074375276327
step 8109  lr=0.00174707260825987  loss=1.73698754615778
step 8110  lr=0.00174528103037226  loss=1.76888785901186
step 8111  lr=0.00174349028373462  loss=1.78932640199261
step 8112  lr=0.00174170036852729  loss=2.55434320737192
step 8113  lr=0.0017399112849305  loss=2.65674803026789
step 8114  lr=0.00173812303312442  loss=1.63934143174748
step 8115  lr=0.00173633561328912  loss=2.25009582730261
step 8116  lr=0.0017345490256046  loss=2.52367658845932
step 8117  lr=0.00173276327025077  loss=1.86389199379223
step 8118  lr=0.00173097834740745  loss=2.12624132070771
step 8119  lr=0.00172919425725438  loss=2.38819994232526
step 8120  lr=0.00172741099997123  loss=1.83043317565234
step 8121  lr=0.00172562857573756  loss=2.9312093498276
step 8122  lr=0.00172384698473287  loss=1.70839446119167
step 8123  lr=0.00172206622713656  loss=2.80006401891259
step 8124  lr=0.00172028630312795  loss=2.45946108169873
step 8125  lr=0.00171850721288629  loss=2.95040344987036
step 8126  lr=0.00171672895659073  loss=2.71625849127037
step 8127  lr=0.00171495153442033  loss=1.86396256235219
step 8128  lr=0.00171317494655409  loss=2.09178084969404
step 8129  lr=0.0017113991931709  loss=2.86798123578722
step 8130  lr=0.00170962427444958  loss=2.64610986149608
step 8131  lr=0.00170785019056888  loss=2.89957560989599
step 8132  lr=0.00170607694170743  loss=1.62849415264293
step 8133  lr=0.00170430452804381  loss=2.08443816532743
step 8134  lr=0.0017025329497565  loss=2.38301797837226
step 8135  lr=0.00170076220702389  loss=2.62823504547469
step 8136  lr=0.0016989923000243  loss=2.29773559910789
step 8137  lr=0.00169722322893596  loss=1.79826025529117
step 8138  lr=0.00169545499393701  loss=1.62654478393171
step 8139  lr=0.00169368759520552  loss=2.09649194289097
step 8140  lr=0.00169192103291945  loss=2.04627046034578
step 8141  lr=0.00169015530725672  loss=2.52618513715625
step 8142  lr=0.00168839041839511  loss=2.70566628566782
step 8143  lr=0.00168662636651237  loss=1.69669264059118
step 8144  lr=0.00168486315178612  loss=1.76954014668212
step 8145  lr=0.00168310077439392  loss=1.81585472139522
step 8146  lr=0.00168133923451325  loss=2.06335436717781
step 8147  lr=0.00167957853232149  loss=1.78857664944952
step 8148  lr=0.00167781866799594  loss=1.75045252005541
step 8149  lr=0.00167605964171383  loss=1.85091271466736
step 8150  lr=0.00167430145365229  loss=1.80228077452305
step 8151  lr=0.00167254410398836  loss=1.93003405579727
step 8152  lr=0.00167078759289901  loss=1.74616293454476
step 8153  lr=0.00166903192056112  loss=1.86254214670167
step 8154  lr=0.00166727708715149  loss=2.61452179715322
step 8155  lr=0.00166552309284683  loss=1.85086791483976
step 8156  lr=0.00166376993782376  loss=1.72022166295965
step 8157  lr=0.00166201762225883  loss=2.90696679903796
step 8158  lr=0.00166026614632851  loss=2.36349406658337
step 8159  lr=0.00165851551020915  loss=2.83715765699617
step 8160  lr=0.00165676571407705  loss=1.74426312138205
step 8161  lr=0.00165501675810842  loss=1.68524703769832
step 8162  lr=0.00165326864247936  loss=2.56517210919809
step 8163  lr=0.00165152136736594  loss=1.80016218498362
step 8164  lr=0.00164977493294407  loss=2.99529968150864
step 8165  lr=0.00164802933938965  loss=2.83503503724026
step 8166  lr=0.00164628458687844  loss=1.71670045453105
step 8167  lr=0.00164454067558615  loss=1.78940327592054
step 8168  lr=0.00164279760568838  loss=2.89590707217122
step 8169  lr=0.00164105537736067  loss=1.79772150379393
step 8170  lr=0.00163931399077844  loss=1.62559771507917
step 8171  lr=0.00163757344611707  loss=1.72912711424749
step 8172  lr=0.00163583374355183  loss=2.27740684709958
step 8173  lr=0.0016340948832579  loss=1.88670965851938
step 8174  lr=0.00163235686541038  loss=2.0563350984786
step 8175  lr=0.0016306196901843  loss=2.73456231913879
step 8176  lr=0.00162888335775459  loss=1.25525996351088
step 8177  lr=0.0016271478682961  loss=2.76780366337969
step 8178  lr=0.00162541322198358  loss=1.67503007096824
step 8179  lr=0.00162367941899173  loss=1.97613989401506
step 8180  lr=0.00162194645949513  loss=1.82601183264166
step 8181  lr=0.00162021434366829  loss=1.65514093651747
step 8182  lr=0.00161848307168563  loss=1.78348001056819
step 8183  lr=0.00161675264372151  loss=1.81255093935046
step 8184  lr=0.00161502305995016  loss=1.25287589759063
step 8185  lr=0.00161329432054576  loss=2.87025106275478
step 8186  lr=0.00161156642568239  loss=1.65820632398144
step 8187  lr=0.00160983937553406  loss=2.52044241545969
step 8188  lr=0.00160811317027467  loss=2.51299745635464
step 8189  lr=0.00160638781007805  loss=2.73428964652136
step 8190  lr=0.00160466329511795  loss=2.55507121506159
step 8191  lr=0.00160293962556803  loss=1.60907828277098
step 8192  lr=0.00160121680160186  loss=2.55609583184692
step 8193  lr=0.00159949482339292  loss=1.65201912372423
step 8194  lr=0.00159777369111463  loss=1.81709434828913
step 8195  lr=0.0015960534049403  loss=2.59067322202606
step 8196  lr=0.00159433396504316  loss=2.41218587679513
step 8197  lr=0.00159261537159636  loss=2.90412423539259
step 8198  lr=0.00159089762477296  loss=1.68308945195919
step 8199  lr=0.00158918072474594  loss=2.60545129604459
step 8200  lr=0.00158746467168819  loss=1.81052952422421
step 8201  lr=0.00158574946577252  loss=2.47800088898463
step 8202  lr=0.00158403510717164  loss=1.83395981823901
step 8203  lr=0.0015823215960582  loss=2.11564609358481
step 8204  lr=0.00158060893260475  loss=2.61637238881529
step 8205  lr=0.00157889711698375  loss=1.74886964621066
step 8206  lr=0.00157718614936757  loss=2.05326466395731
step 8207  lr=0.00157547602992853  loss=2.52193832805165
step 8208  lr=0.00157376675883881  loss=1.64887667006241
step 8209  lr=0.00157205833627055  loss=1.64708719563767
step 8210  lr=0.00157035076239578  loss=1.24557841526389
step 8211  lr=0.00156864403738647  loss=2.95381753107922
step 8212  lr=0.00156693816141447  loss=2.65094523186816
step 8213  lr=0.00156523313465156  loss=1.82016142509866
step 8214  lr=0.00156352895726945  loss=2.92564552829872
step 8215  lr=0.00156182562943974  loss=1.84700698239151
step 8216  lr=0.00156012315133396  loss=2.62763598744131
step 8217  lr=0.00155842152312354  loss=2.58177365927195
step 8218  lr=0.00155672074497985  loss=2.03872769548658
step 8219  lr=0.00155502081707415  loss=2.10912188126246
step 8220  lr=0.00155332173957762  loss=2.09976388774519
step 8221  lr=0.00155162351266136  loss=1.60295790859449
step 8222  lr=0.00154992613649638  loss=1.79563909793067
step 8223  lr=0.00154822961125361  loss=1.96120313119946
step 8224  lr=0.00154653393710388  loss=1.71698382899921
step 8225  lr=0.00154483911421796  loss=2.46037272643983
step 8226  lr=0.00154314514276651  loss=2.36352496999031
step 8227  lr=0.0015414520229201  loss=2.63097289788618
step 8228  lr=0.00153975975484925  loss=2.88458976741766
step 8229  lr=0.00153806833872436  loss=2.54665452733682
step 8230  lr=0.00153637777471576  loss=2.67123019285735
step 8231  lr=0.00153468806299368  loss=2.0966279002817
step 8232  lr=0.00153299920372828  loss=2.53369426500471
step 8233  lr=0.00153131119708963  loss=2.55880592873269
step 8234  lr=0.00152962404324772  loss=1.80245349111358
step 8235  lr=0.00152793774237243  loss=2.48278547474053
step 8236  lr=0.00152625229463358  loss=1.75955663160674
step 8237  lr=0.00152456770020088  loss=1.9244845759898
step 8238  lr=0.00152288395924399  loss=1.79923517664417
step 8239  lr=0.00152120107193246  loss=1.91036961875538
step 8240  lr=0.00151951903843574  loss=2.66753832025389
step 8241  lr=0.00151783785892322  loss=2.40286672513538
step 8242  lr=0.00151615753356421  loss=1.25083689907367
step 8243  lr=0.00151447806252789  loss=2.88328961431603
step 8244  lr=0.0015127994459834  loss=2.6469021214191
step 8245  lr=0.00151112168409977  loss=1.83321188249524
step 8246  lr=0.00150944477704596  loss=2.64459083324641
step 8247  lr=0.00150776872499083  loss=1.7456792367359
step 8248  lr=0.00150609352810316  loss=2.8229670897366
step 8249  lr=0.00150441918655163  loss=2.63811035443342
step 8250  lr=0.00150274570050486  loss=1.75172414600846
step 8251  lr=0.00150107307013136  loss=1.73469877019087
step 8252  lr=0.00149940129559958  loss=2.4603719973292
step 8253  lr=0.00149773037707785  loss=2.76264362214404
step 8254  lr=0.00149606031473443  loss=2.44143915913331
step 8255  lr=0.00149439110873752  loss=2.75081170977293
step 8256  lr=0.00149272275925518  loss=1.64028678608454
step 8257  lr=0.00149105526645543  loss=2.84177691225729
step 8258  lr=0.00148938863050619  loss=2.05918263712045
step 8259  lr=0.00148772285157527  loss=2.63215387454024
step 8260  lr=0.00148605792983043  loss=2.64361421555116
step 8261  lr=0.00148439386543933  loss=2.83650657618896
step 8262  lr=0.00148273065856952  loss=2.44825940865776
step 8263  lr=0.00148106830938851  loss=2.97834507825531
step 8264  lr=0.00147940681806369  loss=1.81989735986261
step 8265  lr=0.00147774618476236  loss=2.61561577116526
step 8266  lr=0.00147608640965177  loss=1.81701156852499
step 8267  lr=0.00147442749289904  loss=2.63001324874418
step 8268  lr=0.00147276943467122  loss=1.75259786152427
step 8269  lr=0.00147111223513529  loss=1.78508268001797
step 8270  lr=0.00146945589445813  loss=1.81694630399612
step 8271  lr=0.00146780041280652  loss=1.87129748663586
step 8272  lr=0.00146614579034718  loss=2.53605477834595
step 8273  lr=0.00146449202724672  loss=2.4972827042437
step 8274  lr=0.00146283912367169  loss=2.64487783965499
step 8275  lr=0.00146118707978852  loss=1.65675474081613
step 8276  lr=0.00145953589576358  loss=2.78028281546976
step 8277  lr=0.00145788557176314  loss=1.74760664218256
step 8278  lr=0.00145623610795339  loss=2.91319671568288
step 8279  lr=0.00145458750450042  loss=1.97512673348347
step 8280  lr=0.00145293976157027  loss=1.75828211248567
step 8281  lr=0.00145129287932884  loss=2.09509143609503
step 8282  lr=0.00144964685794199  loss=1.81234677003708
step 8283  lr=0.00144800169757546  loss=2.07719442075684
step 8284  lr=0.00144635739839493  loss=2.7334740817246
step 8285  lr=0.00144471396056598  loss=2.03107839912346
step 8286  lr=0.0014430713842541  loss=2.03053859228074
step 8287  lr=0.00144142966962469  loss=2.66604991820535
step 8288  lr=0.00143978881684308  loss=2.65775837819279
step 8289  lr=0.00143814882607451  loss=2.53385807273428
step 8290  lr=0.00143650969748411  loss=1.74542794961605
step 8291  lr=0.00143487143123695  loss=2.90687644009435
step 8292  lr=0.00143323402749801  loss=2.26503464414232
step 8293  lr=0.00143159748643216  loss=1.70849931608585
step 8294  lr=0.00142996180820421  loss=2.03278233435118
step 8295  lr=0.00142832699297888  loss=2.78685079949376
step 8296  lr=0.00142669304092078  loss=2.71012816220953
step 8297  lr=0.00142505995219446  loss=2.01923398120226
step 8298  lr=0.00142342772696436  loss=1.84761141164954
step 8299  lr=0.00142179636539486  loss=2.6661890689324
step 8300  lr=0.00142016586765023  loss=2.54223877502743
step 8301  lr=0.00141853623389466  loss=2.62293943128953
step 8302  lr=0.00141690746429226  loss=1.82282878769377
step 8303  lr=0.00141527955900704  loss=2.48062497545924
step 8304  lr=0.00141365251820294  loss=1.75224433798617
step 8305  lr=0.00141202634204379  loss=2.38313163545445
step 8306  lr=0.00141040103069336  loss=1.71362851194637
step 8307  lr=0.0014087765843153  loss=2.57225698254971
step 8308  lr=0.00140715300307321  loss=1.63347984522552
step 8309  lr=0.00140553028713058  loss=1.80866404806256
step 8310  lr=0.00140390843665081  loss=2.51234447880743
step 8311  lr=0.00140228745179722  loss=1.74084781857758
step 8312  lr=0.00140066733273306  loss=2.40451310226914
step 8313  lr=0.00139904807962146  loss=1.71825130062638
step 8314  lr=0.00139742969262548  loss=2.41568818917045
step 8315  lr=0.0013958121719081  loss=1.8091100954588
step 8316  lr=0.00139419551763219  loss=1.84621735533836
step 8317  lr=0.00139257972996056  loss=2.57648534630575
step 8318  lr=0.00139096480905592  loss=2.45863205435494
step 8319  lr=0.00138935075508089  loss=2.3332692386236
step 8320  lr=0.00138773756819799  loss=2.71509947734695
step 8321  lr=0.0013861252485697  loss=1.69551218966495
step 8322  lr=0.00138451379635835  loss=2.22194849817229
step 8323  lr=0.00138290321172622  loss=1.61487919172243
step 8324  lr=0.00138129349483551  loss=2.0266880522206
step 8325  lr=0.00137968464584831  loss=1.82225336386955
step 8326  lr=0.00137807666492662  loss=1.75715232341812
step 8327  lr=0.00137646955223238  loss=2.61078597841451
step 8328  lr=0.00137486330792743  loss=1.70275536367379
step 8329  lr=0.0013732579321735  loss=2.02546795544801
step 8330  lr=0.00137165342513225  loss=1.75956003965322
step 8331  lr=0.00137004978696528  loss=1.65166073056001
step 8332  lr=0.00136844701783405  loss=1.24502112187544
step 8333  lr=0.00136684511789998  loss=2.42802599693437
step 8334  lr=0.00136524408732436  loss=2.67415323144995
step 8335  lr=0.00136364392626843  loss=2.70707699395132
step 8336  lr=0.00136204463489332  loss=2.22323539685681
step 8337  lr=0.00136044621336008  loss=1.65203286232571
step 8338  lr=0.00135884866182966  loss=1.87328740572059
step 8339  lr=0.00135725198046295  loss=2.62299973008852
step 8340  lr=0.00135565616942073  loss=2.70261912041909
step 8341  lr=0.0013540612288637  loss=1.75109837950865
step 8342  lr=0.00135246715895246  loss=2.63458498710257
step 8343  lr=0.00135087395984755  loss=2.42028194946644
step 8344  lr=0.00134928163170939  loss=2.05827392569344
step 8345  lr=0.00134769017469833  loss=2.30362975994515
step 8346  lr=0.00134609958897464  loss=1.86182910317638
step 8347  lr=0.00134450987469848  loss=1.77363484957389
step 8348  lr=0.00134292103202994  loss=1.93105304202897
step 8349  lr=0.00134133306112902  loss=2.62463613662957
step 8350  lr=0.00133974596215561  loss=2.39480808601981
step 8351  lr=0.00133815973526956  loss=2.10212197758916
step 8352  lr=0.00133657438063058  loss=1.78125751891438
step 8353  lr=0.00133498989839832  loss=2.66523020997204
step 8354  lr=0.00133340628873235  loss=2.03436694438727
step 8355  lr=0.00133182355179212  loss=2.42310271101835
step 8356  lr=0.00133024168773702  loss=2.90896983925525
step 8357  lr=0.00132866069672635  loss=1.94530533419571
step 8358  lr=0.00132708057891931  loss=1.96157900370742
step 8359  lr=0.00132550133447502  loss=2.35355197162355
step 8360  lr=0.00132392296355251  loss=1.61678628761141
step 8361  lr=0.00132234546631072  loss=2.5106419561046
step 8362  lr=0.0013207688429085  loss=1.58701430231885
step 8363  lr=0.00131919309350462  loss=2.34861354008702
step 8364  lr=0.00131761821825776  loss=2.61028071007093
step 8365  lr=0.0013160442173265  loss=2.77921875317987
step 8366  lr=0.00131447109086936  loss=1.74000333472859
step 8367  lr=0.00131289883904474  loss=1.80262474827328
step 8368  lr=0.00131132746201097  loss=1.73517049629848
step 8369  lr=0.00130975695992629  loss=2.61494135332636
step 8370  lr=0.00130818733294884  loss=1.8009872922391
step 8371  lr=0.00130661858123669  loss=1.95277246508782
step 8372  lr=0.00130505070494781  loss=2.09742795024758
step 8373  lr=0.00130348370424009  loss=2.53849254264591
step 8374  lr=0.00130191757927132  loss=2.43397073801825
step 8375  lr=0.00130035233019921  loss=2.12171527825103
step 8376  lr=0.00129878795718139  loss=1.61719128442479
step 8377  lr=0.00129722446037537  loss=1.80944159600099
step 8378  lr=0.00129566183993862  loss=2.01079700110631
step 8379  lr=0.00129410009602848  loss=1.6131325228912
step 8380  lr=0.00129253922880223  loss=2.87757767887512
step 8381  lr=0.00129097923841703  loss=2.88480667562837
step 8382  lr=0.00128942012502999  loss=2.88583602855788
step 8383  lr=0.00128786188879811  loss=1.79810121229946
step 8384  lr=0.00128630452987829  loss=1.74881313725148
step 8385  lr=0.00128474804842737  loss=3.03598934493522
step 8386  lr=0.00128319244460208  loss=2.76873163661722
step 8387  lr=0.00128163771855907  loss=2.77229318242946
step 8388  lr=0.00128008387045491  loss=2.60146938542745
step 8389  lr=0.00127853090044606  loss=1.64055962207377
step 8390  lr=0.00127697880868891  loss=2.36675788060589
step 8391  lr=0.00127542759533976  loss=2.84978675183702
step 8392  lr=0.00127387726055481  loss=1.74081111330358
step 8393  lr=0.00127232780449018  loss=1.70582875063609
step 8394  lr=0.0012707792273019  loss=2.48625010561582
step 8395  lr=0.00126923152914592  loss=2.97277035068363
step 8396  lr=0.00126768471017808  loss=1.8016179080188
step 8397  lr=0.00126613877055415  loss=1.92406874232482
step 8398  lr=0.00126459371042981  loss=2.62666051001901
step 8399  lr=0.00126304952996064  loss=2.77693255084379
step 8400  lr=0.00126150622930215  loss=2.35775323010731
step 8401  lr=0.00125996380860974  loss=2.10916339705001
step 8402  lr=0.00125842226803874  loss=2.90432322404909
step 8403  lr=0.00125688160774437  loss=1.77712937652341
step 8404  lr=0.00125534182788179  loss=1.72025442517655
step 8405  lr=0.00125380292860604  loss=2.14687609460893
step 8406  lr=0.0012522649100721  loss=2.42084197307722
step 8407  lr=0.00125072777243485  loss=2.61915096982227
step 8408  lr=0.00124919151584907  loss=1.64410320099631
step 8409  lr=0.00124765614046946  loss=1.76633558672422
step 8410  lr=0.00124612164645065  loss=1.73486131662632
step 8411  lr=0.00124458803394714  loss=1.61440529421755
step 8412  lr=0.00124305530311337  loss=2.62334388985836
step 8413  lr=0.0012415234541037  loss=2.56051784571928
step 8414  lr=0.00123999248707238  loss=1.76701246914149
step 8415  lr=0.00123846240217357  loss=2.70824302819747
step 8416  lr=0.00123693319956137  loss=1.71023704591223
step 8417  lr=0.00123540487938974  loss=2.86243942034556
step 8418  lr=0.00123387744181261  loss=1.71794491714393
step 8419  lr=0.00123235088698378  loss=1.67619081677403
step 8420  lr=0.00123082521505697  loss=1.63948991212968
step 8421  lr=0.00122930042618583  loss=2.7950831649988
step 8422  lr=0.00122777652052389  loss=2.27044618323212
step 8423  lr=0.00122625349822461  loss=1.69872970445648
step 8424  lr=0.00122473135944137  loss=2.78227656151103
step 8425  lr=0.00122321010432744  loss=2.66258040230687
step 8426  lr=0.00122168973303602  loss=1.83064624545146
step 8427  lr=0.00122017024572019  loss=1.85512844854212
step 8428  lr=0.00121865164253299  loss=1.89193169732722
step 8429  lr=0.00121713392362732  loss=1.80832215457059
step 8430  lr=0.00121561708915603  loss=2.36595199455105
step 8431  lr=0.00121410113927185  loss=1.71344078947205
step 8432  lr=0.00121258607412745  loss=2.79674534357657
step 8433  lr=0.00121107189387539  loss=1.62504336984485
step 8434  lr=0.00120955859866815  loss=2.57835374051874
step 8435  lr=0.00120804618865812  loss=1.7129118466218
step 8436  lr=0.0012065346639976  loss=2.33018890467318
step 8437  lr=0.0012050240248388  loss=1.76991574278908
step 8438  lr=0.00120351427133384  loss=2.70349347130882
step 8439  lr=0.00120200540363474  loss=2.63987557037993
step 8440  lr=0.00120049742189347  loss=1.78677055075
step 8441  lr=0.00119899032626186  loss=2.68334022696985
step 8442  lr=0.00119748411689169  loss=2.8091163245397
step 8443  lr=0.00119597879393462  loss=1.81422243665002
step 8444  lr=0.00119447435754225  loss=2.28727659171925
step 8445  lr=0.00119297080786607  loss=1.6411666841717
step 8446  lr=0.00119146814505749  loss=2.74665586127665
step 8447  lr=0.00118996636926783  loss=1.7262530726353
step 8448  lr=0.00118846548064831  loss=1.78475681757725
step 8449  lr=0.00118696547935008  loss=2.8134623838895
step 8450  lr=0.00118546636552418  loss=2.55044839588636
step 8451  lr=0.00118396813932158  loss=2.94312761030407
step 8452  lr=0.00118247080089314  loss=2.06063982872853
step 8453  lr=0.00118097435038966  loss=2.40216501119641
step 8454  lr=0.00117947878796181  loss=2.03216959754938
step 8455  lr=0.00117798411376021  loss=1.62629384635493
step 8456  lr=0.00117649032793537  loss=1.65489236850313
step 8457  lr=0.00117499743063771  loss=2.82305445834657
step 8458  lr=0.00117350542201757  loss=1.70890332224416
step 8459  lr=0.00117201430222519  loss=1.92843400596857
step 8460  lr=0.00117052407141073  loss=1.76931136614336
step 8461  lr=0.00116903472972425  loss=1.73349394035601
step 8462  lr=0.00116754627731574  loss=2.54333963678606
step 8463  lr=0.00116605871433507  loss=1.76407586106224
step 8464  lr=0.00116457204093205  loss=2.7354645037781
step 8465  lr=0.00116308625725639  loss=2.02845539354129
step 8466  lr=0.00116160136345769  loss=2.5869833536924
step 8467  lr=0.00116011735968549  loss=2.73737820204095
step 8468  lr=0.00115863424608924  loss=2.53814749112555
step 8469  lr=0.00115715202281827  loss=2.6728966050813
step 8470  lr=0.00115567069002186  loss=1.66537699512448
step 8471  lr=0.00115419024784916  loss=2.04812677144525
step 8472  lr=0.00115271069644926  loss=2.97846379414164
step 8473  lr=0.00115123203597116  loss=1.61328602975757
step 8474  lr=0.00114975426656375  loss=2.53221411775461
step 8475  lr=0.00114827738837584  loss=1.60852034677358
step 8476  lr=0.00114680140155615  loss=1.74543732678357
step 8477  lr=0.00114532630625332  loss=2.83855632790697
step 8478  lr=0.00114385210261589  loss=2.05112180960818
step 8479  lr=0.00114237879079231  loss=2.74113281059391
step 8480  lr=0.00114090637093094  loss=1.62170272461645
step 8481  lr=0.00113943484318007  loss=1.83986985613457
step 8482  lr=0.00113796420768785  loss=1.69782652121774
step 8483  lr=0.0011364944646024  loss=2.73851857389656
step 8484  lr=0.00113502561407172  loss=1.78491646249927
step 8485  lr=0.00113355765624371  loss=1.64743495439945
step 8486  lr=0.00113209059126621  loss=1.90137375957131
step 8487  lr=0.00113062441928694  loss=1.80339678847871
step 8488  lr=0.00112915914045355  loss=2.63056092786047
step 8489  lr=0.00112769475491359  loss=2.84098717544792
step 8490  lr=0.00112623126281452  loss=2.0359316331152
step 8491  lr=0.00112476866430373  loss=2.41666618235716
step 8492  lr=0.00112330695952848  loss=2.57021483427037
step 8493  lr=0.00112184614863599  loss=2.0140787600357
step 8494  lr=0.00112038623177334  loss=1.99275037495836
step 8495  lr=0.00111892720908756  loss=1.86984031422162
step 8496  lr=0.00111746908072556  loss=1.87926753454776
step 8497  lr=0.00111601184683419  loss=1.80763673523098
step 8498  lr=0.00111455550756017  loss=1.70509195712192
step 8499  lr=0.00111310006305018  loss=2.66133028786086
step 8500  lr=0.00111164551345077  loss=2.6272695536817
step 8501  lr=0.00111019185890841  loss=2.37134796328605
step 8502  lr=0.00110873909956948  loss=2.69259065358646
step 8503  lr=0.00110728723558029  loss=1.64078705974222
step 8504  lr=0.00110583626708702  loss=1.82041741458398
step 8505  lr=0.00110438619423581  loss=2.89306399700733
step 8506  lr=0.00110293701717266  loss=1.86512151748227
step 8507  lr=0.0011014887360435  loss=2.76394737331795
step 8508  lr=0.00110004135099419  loss=1.77994211844464
step 8509  lr=0.00109859486217047  loss=1.80957862886285
step 8510  lr=0.00109714926971801  loss=2.67202566108526
step 8511  lr=0.00109570457378237  loss=2.60674319625088
step 8512  lr=0.00109426077450903  loss=1.83546148910078
step 8513  lr=0.0010928178720434  loss=2.37041406855113
step 8514  lr=0.00109137586653076  loss=1.78754781282744
step 8515  lr=0.00108993475811632  loss=2.92791516367808
step 8516  lr=0.00108849454694521  loss=2.88051965485349
step 8517  lr=0.00108705523316246  loss=2.14717158202278
step 8518  lr=0.001085616816913  loss=2.42657344163387
step 8519  lr=0.00108417929834168  loss=1.73178272664198
step 8520  lr=0.00108274267759327  loss=2.72448748610694
step 8521  lr=0.00108130695481242  loss=1.64396097896267
step 8522  lr=0.00107987213014372  loss=2.25041834193586
step 8523  lr=0.00107843820373165  loss=2.84151730267291
step 8524  lr=0.00107700517572061  loss=2.31972304970115
step 8525  lr=0.0010755730462549  loss=2.36698687271214
step 8526  lr=0.00107414181547875  loss=2.79829443207956
step 8527  lr=0.00107271148353627  loss=1.90228110806822
step 8528  lr=0.00107128205057149  loss=2.30198195028906
step 8529  lr=0.00106985351672837  loss=2.62567138574389
step 8530  lr=0.00106842588215076  loss=2.47750927220196
step 8531  lr=0.00106699914698242  loss=1.84244970006807
step 8532  lr=0.00106557331136702  loss=1.74084607477365
step 8533  lr=0.00106414837544814  loss=2.89449297207985
step 8534  lr=0.00106272433936927  loss=2.67840570940242
step 8535  lr=0.00106130120327383  loss=2.58498284521988
step 8536  lr=0.0010598789673051  loss=1.98707704452871
step 8537  lr=0.00105845763160632  loss=1.69259264867385
step 8538  lr=0.00105703719632061  loss=2.50700986142278
step 8539  lr=0.00105561766159101  loss=2.57071018196923
step 8540  lr=0.00105419902756046  loss=1.77130901781545
step 8541  lr=0.00105278129437183  loss=2.45904882080917
step 8542  lr=0.00105136446216788  loss=2.01291206825827
step 8543  lr=0.00104994853109128  loss=2.70159076704069
step 8544  lr=0.00104853350128462  loss=2.60155525048259
step 8545  lr=0.00104711937289039  loss=1.74176246098434
step 8546  lr=0.001045706146051  loss=2.5357380726631
step 8547  lr=0.00104429382090875  loss=2.50478171732826
step 8548  lr=0.00104288239760587  loss=2.06598921101526
step 8549  lr=0.00104147187628449  loss=2.64497403940831
step 8550  lr=0.00104006225708664  loss=1.71906022551027
step 8551  lr=0.00103865354015428  loss=1.73624051023836
step 8552  lr=0.00103724572562926  loss=2.3265716404182
step 8553  lr=0.00103583881365335  loss=1.83368531789633
step 8554  lr=0.00103443280436823  loss=2.58882283271297
step 8555  lr=0.00103302769791548  loss=1.88447515116784
step 8556  lr=0.0010316234944366  loss=1.80006227374494
step 8557  lr=0.00103022019407298  loss=2.40251470938386
step 8558  lr=0.00102881779696595  loss=2.09527126146602
step 8559  lr=0.00102741630325672  loss=2.61780253679621
step 8560  lr=0.00102601571308642  loss=1.796091682415
step 8561  lr=0.00102461602659609  loss=2.02238781709228
step 8562  lr=0.00102321724392668  loss=2.89431819653857
step 8563  lr=0.00102181936521905  loss=1.59974181310922
step 8564  lr=0.00102042239061397  loss=2.59492604198124
step 8565  lr=0.0010190263202521  loss=1.73800429991358
step 8566  lr=0.00101763115427404  loss=1.25031833055006
step 8567  lr=0.00101623689282028  loss=1.65624914405344
step 8568  lr=0.00101484353603121  loss=2.07751848526994
step 8569  lr=0.00101345108404716  loss=2.29177789196873
step 8570  lr=0.00101205953700833  loss=2.52368033013054
step 8571  lr=0.00101066889505486  loss=2.77271803215255
step 8572  lr=0.00100927915832679  loss=1.83994771127433
step 8573  lr=0.00100789032696407  loss=1.81904530710899
step 8574  lr=0.00100650240110654  loss=2.64998409796464
step 8575  lr=0.00100511538089397  loss=2.14397193344967
step 8576  lr=0.00100372926646604  loss=2.75839455190318
step 8577  lr=0.00100234405796232  loss=2.42410257880806
step 8578  lr=0.00100095975552231  loss=1.59531638836956
step 8579  lr=0.00099957635928541  loss=1.84878571233189
step 8580  lr=0.000998193869390922  loss=2.71335867148991
step 8581  lr=0.000996812285978065  loss=1.96538330893527
step 8582  lr=0.000995431609185965  loss=1.82054615702883
step 8583  lr=0.000994051839153655  loss=1.71746331146244
step 8584  lr=0.00099267297602008  loss=1.60348463470251
step 8585  lr=0.000991295019924087  loss=1.88622682998699
step 8586  lr=0.000989917971004441  loss=2.63046568734054
step 8587  lr=0.000988541829399808  loss=1.80835296915021
step 8588  lr=0.000987166595248766  loss=1.79009348448726
step 8589  lr=0.000985792268689802  loss=2.39545681315838
step 8590  lr=0.000984418849861312  loss=1.76257771304319
step 8591  lr=0.000983046338901592  loss=2.66506893111653
step 8592  lr=0.000981674735948863  loss=2.589420729897
step 8593  lr=0.00098030404114124  loss=2.60013757479113
step 8594  lr=0.000978934254616753  loss=2.77668963184987
step 8595  lr=0.00097756537651334  loss=2.79218653089685
step 8596  lr=0.000976197406968846  loss=1.64691910907667
step 8597  lr=0.000974830346121027  loss=2.59805295396383
step 8598  lr=0.000973464194107547  loss=2.58306349335956
step 8599  lr=0.000972098951065972  loss=2.37978122984913
step 8600  lr=0.000970734617133789  loss=2.47962723325341
step 8601  lr=0.000969371192448381  loss=2.80755370691223
step 8602  lr=0.000968008677147048  loss=2.55419335473377
step 8603  lr=0.000966647071366992  loss=2.05037293847591
step 8604  lr=0.00096528637524533  loss=1.86043406058878
step 8605  lr=0.000963926588919083  loss=1.90807463239806
step 8606  lr=0.000962567712525183  loss=1.83059703921253
step 8607  lr=0.000961209746200462  loss=1.73798369904089
step 8608  lr=0.000959852690081677  loss=1.91958547249485
step 8609  lr=0.000958496544305477  loss=2.99190939194806
step 8610  lr=0.000957141309008428  loss=1.78739981947438
step 8611  lr=0.000955786984327002  loss=1.80185091396407
step 8612  lr=0.000954433570397578  loss=2.82652915646708
step 8613  lr=0.000953081067356446  loss=1.64368033847787
step 8614  lr=0.000951729475339806  loss=1.55964282165334
step 8615  lr=0.000950378794483756  loss=1.72130958829805
step 8616  lr=0.000949029024924317  loss=1.75022911257283
step 8617  lr=0.000947680166797407  loss=2.574420652416
step 8618  lr=0.000946332220238855  loss=1.7959683578589
step 8619  lr=0.000944985185384401  loss=1.7316504035404
step 8620  lr=0.000943639062369691  loss=2.59477213205464
step 8621  lr=0.00094229385133028  loss=2.48278106872846
step 8622  lr=0.000940949552401632  loss=1.7425721767296
step 8623  lr=0.000939606165719114  loss=2.60072164692101
step 8624  lr=0.000938263691418009  loss=2.54497472128622
step 8625  lr=0.000936922129633501  loss=1.23757578500975
step 8626  lr=0.000935581480500686  loss=2.52397215805407
step 8627  lr=0.000934241744154569  loss=2.76774453717966
step 8628  lr=0.000932902920730061  loss=2.45419140692844
step 8629  lr=0.000931565010361978  loss=2.60192301580105
step 8630  lr=0.000930228013185054  loss=2.60218132621169
step 8631  lr=0.000928891929333918  loss=2.56899715207376
step 8632  lr=0.000927556758943118  loss=2.48888273925016
step 8633  lr=0.000926222502147104  loss=2.58548016789302
step 8634  lr=0.000924889159080234  loss=1.71237547762337
step 8635  lr=0.000923556729876781  loss=1.64150289461541
step 8636  lr=0.000922225214670914  loss=2.40172878483057
step 8637  lr=0.000920894613596721  loss=2.97072407509497
step 8638  lr=0.000919564926788191  loss=1.24998359604937
step 8639  lr=0.000918236154379224  loss=2.48533571107759
step 8640  lr=0.000916908296503628  loss=1.71916407383989
step 8641  lr=0.000915581353295121  loss=2.90324930246538
step 8642  lr=0.000914255324887318  loss=2.57120744919268
step 8643  lr=0.000912930211413759  loss=1.82484250206212
step 8644  lr=0.000911606013007878  loss=1.7351850975513
step 8645  lr=0.000910282729803022  loss=2.50043482341153
step 8646  lr=0.000908960361932447  loss=2.10778820818921
step 8647  lr=0.000907638909529315  loss=2.48788148798411
step 8648  lr=0.000906318372726695  loss=1.83641705312054
step 8649  lr=0.000904998751657569  loss=1.79067565951606
step 8650  lr=0.000903680046454816  loss=2.75955473035283
step 8651  lr=0.000902362257251237  loss=2.00706121569422
step 8652  lr=0.000901045384179527  loss=2.66678173618978
step 8653  lr=0.000899729427372299  loss=2.43773603789896
step 8654  lr=0.000898414386962069  loss=1.86285351463027
step 8655  lr=0.000897100263081262  loss=1.77844044971067
step 8656  lr=0.000895787055862206  loss=2.03963947304085
step 8657  lr=0.000894474765437148  loss=1.60385830005029
step 8658  lr=0.00089316339193823  loss=2.61028509001385
step 8659  lr=0.000891852935497509  loss=1.83965228222399
step 8660  lr=0.000890543396246949  loss=2.48483211439162
step 8661  lr=0.000889234774318419  loss=1.7944833862031
step 8662  lr=0.000887927069843699  loss=1.70037398917313
step 8663  lr=0.000886620282954474  loss=2.54668271184861
step 8664  lr=0.000885314413782335  loss=1.93289248042749
step 8665  lr=0.000884009462458789  loss=2.92994877554294
step 8666  lr=0.000882705429115238  loss=2.56315248923192
step 8667  lr=0.000881402313883001  loss=1.69029420340981
step 8668  lr=0.000880100116893301  loss=2.20107122319524
step 8669  lr=0.00087879883827727  loss=1.64201934441663
step 8670  lr=0.000877498478165947  loss=2.87029912808345
step 8671  lr=0.000876199036690278  loss=2.33177242382536
step 8672  lr=0.000874900513981114  loss=2.63510126425959
step 8673  lr=0.000873602910169222  loss=2.44563233332124
step 8674  lr=0.000872306225385265  loss=2.8025367337415
step 8675  lr=0.000871010459759822  loss=2.56498400584373
step 8676  lr=0.000869715613423376  loss=1.75218450600038
step 8677  lr=0.000868421686506318  loss=1.74740062807535
step 8678  lr=0.000867128679138945  loss=1.79079440619333
step 8679  lr=0.000865836591451467  loss=2.54890990321338
step 8680  lr=0.00086454542357399  loss=1.83669240816527
step 8681  lr=0.000863255175636544  loss=2.02497289392206
step 8682  lr=0.000861965847769048  loss=1.70196205203398
step 8683  lr=0.000860677440101342  loss=1.7857299996577
step 8684  lr=0.000859389952763168  loss=2.91273259471032
step 8685  lr=0.000858103385884177  loss=1.68948982592414
step 8686  lr=0.000856817739593921  loss=2.46961629578261
step 8687  lr=0.000855533014021873  loss=1.87984154995399
step 8688  lr=0.000854249209297399  loss=2.40685834636336
step 8689  lr=0.000852966325549778  loss=1.96832601161987
step 8690  lr=0.000851684362908197  loss=2.56459316464673
step 8691  lr=0.000850403321501753  loss=1.66249675981977
step 8692  lr=0.000849123201459442  loss=1.81942580277852
step 8693  lr=0.000847844002910176  loss=2.3551347140903
step 8694  lr=0.000846565725982766  loss=2.86596599288188
step 8695  lr=0.00084528837080594  loss=1.64161670327492
step 8696  lr=0.000844011937508323  loss=2.81500228534284
step 8697  lr=0.000842736426218453  loss=1.96475178989236
step 8698  lr=0.000841461837064775  loss=2.57153259444504
step 8699  lr=0.000840188170175639  loss=1.84459223043229
step 8700  lr=0.000838915425679304  loss=2.01711995049729
step 8701  lr=0.000837643603703936  loss=1.91332771947965
step 8702  lr=0.000836372704377604  loss=2.68506085503431
step 8703  lr=0.000835102727828292  loss=1.97389485811416
step 8704  lr=0.000833833674183884  loss=2.7946240634079
step 8705  lr=0.000832565543572174  loss=1.57932908873062
step 8706  lr=0.000831298336120861  loss=1.30738485349433
step 8707  lr=0.000830032051957557  loss=2.55862295133386
step 8708  lr=0.000828766691209774  loss=3.01335895897186
step 8709  lr=0.000827502254004936  loss=1.2390492795015
step 8710  lr=0.000826238740470366  loss=2.94570302675992
step 8711  lr=0.000824976150733308  loss=2.89139237567296
step 8712  lr=0.000823714484920898  loss=2.41727223208671
step 8713  lr=0.000822453743160189  loss=2.68004370823203
step 8714  lr=0.000821193925578136  loss=2.63829368144949
step 8715  lr=0.000819935032301604  loss=1.6993751759735
step 8716  lr=0.000818677063457364  loss=2.66834181723053
step 8717  lr=0.000817420019172094  loss=2.71955154613608
step 8718  lr=0.000816163899572374  loss=1.77737596239815
step 8719  lr=0.000814908704784698  loss=1.69630574051544
step 8720  lr=0.000813654434935467  loss=2.42657658491457
step 8721  lr=0.000812401090150979  loss=2.6142539529069
step 8722  lr=0.000811148670557453  loss=2.63693878280575
step 8723  lr=0.000809897176281004  loss=1.75506220091826
step 8724  lr=0.000808646607447656  loss=1.79756077873681
step 8725  lr=0.000807396964183345  loss=2.68321167500098
step 8726  lr=0.000806148246613907  loss=2.62339109834151
step 8727  lr=0.00080490045486509  loss=2.57271173112291
step 8728  lr=0.000803653589062546  loss=2.56576107117517
step 8729  lr=0.000802407649331831  loss=2.10642851876018
step 8730  lr=0.000801162635798418  loss=1.64001900224297
step 8731  lr=0.000799918548587674  loss=2.80688723082946
step 8732  lr=0.00079867538782488  loss=2.66516575266613
step 8733  lr=0.000797433153635222  loss=2.63133709431865
step 8734  lr=0.000796191846143794  loss=2.50601603815837
step 8735  lr=0.000794951465475596  loss=2.02457975603932
step 8736  lr=0.000793712011755536  loss=1.72643964800463
step 8737  lr=0.00079247348510842  loss=2.62078886751129
step 8738  lr=0.000791235885658975  loss=1.81114611398606
step 8739  lr=0.000789999213531824  loss=2.62355097521369
step 8740  lr=0.000788763468851499  loss=1.73597315360769
step 8741  lr=0.000787528651742442  loss=2.60089794474147
step 8742  lr=0.000786294762328996  loss=2.51922030710563
step 8743  lr=0.000785061800735417  loss=2.60296326562201
step 8744  lr=0.000783829767085863  loss=2.00277678984739
step 8745  lr=0.000782598661504397  loss=1.82604382934999
step 8746  lr=0.000781368484114996  loss=2.77805884283976
step 8747  lr=0.000780139235041535  loss=2.48239095087478
step 8748  lr=0.0007789109144078  loss=2.39303772392062
step 8749  lr=0.000777683522337485  loss=1.64658268912075
step 8750  lr=0.000776457058954187  loss=2.92144952970742
step 8751  lr=0.000775231524381409  loss=2.62107106823307
step 8752  lr=0.000774006918742567  loss=1.79247033675301
step 8753  lr=0.000772783242160974  loss=1.85968144376482
step 8754  lr=0.000771560494759856  loss=1.23925942727317
step 8755  lr=0.000770338676662344  loss=2.49467151650147
step 8756  lr=0.000769117787991475  loss=1.73549932918377
step 8757  lr=0.000767897828870191  loss=1.81321718281239
step 8758  lr=0.000766678799421345  loss=1.83718477259502
step 8759  lr=0.000765460699767688  loss=2.50950770744625
step 8760  lr=0.000764243530031891  loss=1.79475873850463
step 8761  lr=0.000763027290336513  loss=2.59896902911874
step 8762  lr=0.000761811980804037  loss=2.64624012271826
step 8763  lr=0.000760597601556839  loss=2.65373105506975
step 8764  lr=0.000759384152717212  loss=1.77028805121936
step 8765  lr=0.000758171634407347  loss=2.47561394957427
step 8766  lr=0.000756960046749348  loss=2.55410085895151
step 8767  lr=0.000755749389865215  loss=1.80222111426004
step 8768  lr=0.00075453966387687  loss=2.36656179619401
step 8769  lr=0.000753330868906125  loss=1.75647248900553
step 8770  lr=0.000752123005074708  loss=2.4711036560439
step 8771  lr=0.000750916072504253  loss=2.52892060248988
step 8772  lr=0.000749710071316296  loss=1.71669005719717
step 8773  lr=0.000748505001632281  loss=1.73671417404059
step 8774  lr=0.000747300863573562  loss=2.52550956787905
step 8775  lr=0.000746097657261389  loss=2.43486206219786
step 8776  lr=0.000744895382816931  loss=2.93230498965102
step 8777  lr=0.000743694040361255  loss=2.64625104443314
step 8778  lr=0.000742493630015334  loss=1.8390693477541
step 8779  lr=0.000741294151900053  loss=2.82764497444044
step 8780  lr=0.000740095606136197  loss=2.5725729698936
step 8781  lr=0.000738897992844458  loss=2.5480903389823
step 8782  lr=0.000737701312145441  loss=2.77378193864578
step 8783  lr=0.000736505564159647  loss=1.6107805644626
step 8784  lr=0.000735310749007489  loss=2.45621390145534
step 8785  lr=0.000734116866809286  loss=2.61610327022655
step 8786  lr=0.00073292391768526  loss=2.04116454970569
step 8787  lr=0.000731731901755541  loss=1.82658009291017
step 8788  lr=0.00073054081914017  loss=2.6321090130172
step 8789  lr=0.000729350669959079  loss=2.40600339114121
step 8790  lr=0.000728161454332127  loss=1.84022505592069
step 8791  lr=0.000726973172379061  loss=2.39273193817481
step 8792  lr=0.000725785824219541  loss=1.7184700596329
step 8793  lr=0.000724599409973137  loss=2.81325228683477
step 8794  lr=0.000723413929759318  loss=1.6580248714527
step 8795  lr=0.000722229383697461  loss=2.01972966338636
step 8796  lr=0.000721045771906854  loss=2.1981482223898
step 8797  lr=0.000719863094506681  loss=2.63254863831122
step 8798  lr=0.000718681351616044  loss=2.93540775405947
step 8799  lr=0.000717500543353938  loss=2.25209618611961
step 8800  lr=0.000716320669839274  loss=2.55261063562136
step 8801  lr=0.000715141731190865  loss=1.91664828867094
step 8802  lr=0.000713963727527428  loss=1.82948704243934
step 8803  lr=0.000712786658967591  loss=2.8626296183759
step 8804  lr=0.000711610525629884  loss=2.62861810502585
step 8805  lr=0.000710435327632741  loss=2.79546112313141
step 8806  lr=0.000709261065094509  loss=2.63491060785178
step 8807  lr=0.000708087738133432  loss=2.41298791919987
step 8808  lr=0.000706915346867665  loss=2.74025555093404
step 8809  lr=0.00070574389141527  loss=2.80147094593598
step 8810  lr=0.000704573371894209  loss=1.64186831565903
step 8811  lr=0.000703403788422356  loss=2.64337301274892
step 8812  lr=0.000702235141117487  loss=1.70759206727122
step 8813  lr=0.000701067430097284  loss=1.8000416536127
step 8814  lr=0.000699900655479337  loss=1.6576722144729
step 8815  lr=0.000698734817381141  loss=2.78526949425298
step 8816  lr=0.000697569915920091  loss=2.43981355800826
step 8817  lr=0.0006964059512135  loss=1.7962205566506
step 8818  lr=0.000695242923378573  loss=1.8171153815064
step 8819  lr=0.000694080832532429  loss=2.22014339759568
step 8820  lr=0.00069291967879209  loss=1.94154864795554
step 8821  lr=0.000691759462274485  loss=2.63145878563016
step 8822  lr=0.000690600183096447  loss=2.58815323315797
step 8823  lr=0.000689441841374718  loss=1.89878077049726
step 8824  lr=0.000688284437225938  loss=1.74136068003302
step 8825  lr=0.000687127970766663  loss=2.62026222768783
step 8826  lr=0.000685972442113345  loss=1.65824439632634
step 8827  lr=0.000684817851382348  loss=1.81060980635246
step 8828  lr=0.000683664198689938  loss=2.75020392986179
step 8829  lr=0.000682511484152288  loss=2.70993780760863
step 8830  lr=0.000681359707885477  loss=1.81238669768883
step 8831  lr=0.00068020887000549  loss=1.8485419762379
step 8832  lr=0.000679058970628211  loss=2.47304051189331
step 8833  lr=0.000677910009869442  loss=2.60470524056152
step 8834  lr=0.000676761987844878  loss=1.81801790228212
step 8835  lr=0.000675614904670128  loss=2.40968711147295
step 8836  lr=0.000674468760460701  loss=2.65675616165382
step 8837  lr=0.000673323555332015  loss=1.64772488149333
step 8838  lr=0.000672179289399392  loss=2.05375143083827
step 8839  lr=0.00067103596277806  loss=2.58494414753022
step 8840  lr=0.000669893575583149  loss=2.6370129031764
step 8841  lr=0.000668752127929703  loss=1.92249109724945
step 8842  lr=0.00066761161993266  loss=2.3221968134401
step 8843  lr=0.000666472051706871  loss=2.42670814337918
step 8844  lr=0.000665333423367093  loss=1.8097085165652
step 8845  lr=0.000664195735027984  loss=2.57245515925235
step 8846  lr=0.000663058986804106  loss=2.56451622606443
step 8847  lr=0.000661923178809936  loss=1.80671440961924
step 8848  lr=0.000660788311159844  loss=2.84019673099661
step 8849  lr=0.000659654383968115  loss=2.6240661959921
step 8850  lr=0.000658521397348934  loss=1.71174568846343
step 8851  lr=0.000657389351416391  loss=1.99220729790043
step 8852  lr=0.000656258246284486  loss=2.52090320371128
step 8853  lr=0.00065512808206712  loss=2.62084770380378
step 8854  lr=0.000653998858878099  loss=1.76488571740342
step 8855  lr=0.000652870576831139  loss=2.76673459951649
step 8856  lr=0.000651743236039856  loss=2.55374832533259
step 8857  lr=0.000650616836617772  loss=1.79059445277752
step 8858  lr=0.000649491378678318  loss=2.61250643561569
step 8859  lr=0.000648366862334826  loss=1.89645883767475
step 8860  lr=0.000647243287700534  loss=2.6069973926448
step 8861  lr=0.00064612065488859  loss=1.61421170737187
step 8862  lr=0.000644998964012036  loss=1.66649825134098
step 8863  lr=0.000643878215183834  loss=1.75030135608775
step 8864  lr=0.000642758408516838  loss=2.54551720875294
step 8865  lr=0.000641639544123814  loss=2.61676700794121
step 8866  lr=0.000640521622117433  loss=2.5211564508479
step 8867  lr=0.000639404642610267  loss=2.43013354596466
step 8868  lr=0.000638288605714799  loss=2.04244498807328
step 8869  lr=0.000637173511543412  loss=1.76646736222421
step 8870  lr=0.000636059360208394  loss=2.23541351837602
step 8871  lr=0.000634946151821945  loss=1.93429601311568
step 8872  lr=0.000633833886496161  loss=1.75273531937384
step 8873  lr=0.000632722564343048  loss=1.58212017354314
step 8874  lr=0.000631612185474517  loss=1.74693057312264
step 8875  lr=0.000630502750002384  loss=1.98299100490391
step 8876  lr=0.000629394258038364  loss=2.66250613051648
step 8877  lr=0.00062828670969409  loss=2.58206948281343
step 8878  lr=0.000627180105081086  loss=2.8177875060238
step 8879  lr=0.000626074444310788  loss=1.75061410836263
step 8880  lr=0.000624969727494538  loss=1.65542184001599
step 8881  lr=0.00062386595474358  loss=1.75082793952985
step 8882  lr=0.000622763126169064  loss=2.20223010976063
step 8883  lr=0.000621661241882044  loss=1.93461062533554
step 8884  lr=0.000620560301993479  loss=2.03800569163074
step 8885  lr=0.000619460306614238  loss=1.7515535182751
step 8886  lr=0.000618361255855087  loss=1.85466401622761
step 8887  lr=0.000617263149826699  loss=1.78846271612435
step 8888  lr=0.000616165988639655  loss=2.55769477506998
step 8889  lr=0.000615069772404441  loss=2.621703176803
step 8890  lr=0.000613974501231442  loss=1.83873965984369
step 8891  lr=0.000612880175230956  loss=3.01054834722549
step 8892  lr=0.000611786794513179  loss=1.7186907118833
step 8893  lr=0.000610694359188215  loss=1.79287293415182
step 8894  lr=0.000609602869366072  loss=2.75510775049896
step 8895  lr=0.000608512325156662  loss=1.61293315618746
step 8896  lr=0.000607422726669806  loss=2.93955433754615
step 8897  lr=0.000606334074015221  loss=2.76428851522735
step 8898  lr=0.000605246367302541  loss=2.66765334602798
step 8899  lr=0.000604159606641294  loss=2.94234264470158
step 8900  lr=0.000603073792140917  loss=2.79855194519194
step 8901  lr=0.000601988923910751  loss=2.78679655875243
step 8902  lr=0.000600905002060046  loss=1.78764185050207
step 8903  lr=0.000599822026697947  loss=2.46056025779934
step 8904  lr=0.000598739997933515  loss=2.34469651418815
step 8905  lr=0.000597658915875707  loss=2.70079312329865
step 8906  lr=0.000596578780633389  loss=1.70279929375419
step 8907  lr=0.000595499592315331  loss=2.70566660498998
step 8908  lr=0.000594421351030205  loss=2.50600004540882
step 8909  lr=0.000593344056886593  loss=2.41486242565846
step 8910  lr=0.000592267709992979  loss=2.61518228396885
step 8911  lr=0.000591192310457745  loss=2.63422703558144
step 8912  lr=0.000590117858389191  loss=1.92370665599755
step 8913  lr=0.00058904435389551  loss=2.61601298635884
step 8914  lr=0.000587971797084805  loss=1.78550763038064
step 8915  lr=0.000586900188065083  loss=2.47333206645951
step 8916  lr=0.000585829526944254  loss=2.60893360703307
step 8917  lr=0.000584759813830135  loss=2.53042927504006
step 8918  lr=0.000583691048830445  loss=1.32054575830685
step 8919  lr=0.000582623232052807  loss=2.57933525399616
step 8920  lr=0.000581556363604754  loss=2.62606697021437
step 8921  lr=0.000580490443593716  loss=1.65506515277802
step 8922  lr=0.000579425472127033  loss=1.85403937187032
step 8923  lr=0.000578361449311947  loss=1.90896048741676
step 8924  lr=0.000577298375255606  loss=2.35617163427372
step 8925  lr=0.00057623625006506  loss=2.70970302561247
step 8926  lr=0.000575175073847267  loss=2.67327953279531
step 8927  lr=0.000574114846709084  loss=1.95883507621696
step 8928  lr=0.00057305556875728  loss=2.45415255908122
step 8929  lr=0.000571997240098522  loss=2.45555010125132
step 8930  lr=0.000570939860839383  loss=1.86250293822993
step 8931  lr=0.000569883431086343  loss=1.83642598371163
step 8932  lr=0.000568827950945783  loss=1.6396763352853
step 8933  lr=0.00056777342052399  loss=1.57994456658033
step 8934  lr=0.000566719839927157  loss=1.75982230511474
step 8935  lr=0.000565667209261376  loss=2.69299434020897
step 8936  lr=0.00056461552863265  loss=2.00396067931874
step 8937  lr=0.000563564798146882  loss=2.44735219027269
step 8938  lr=0.00056251501790988  loss=1.80869595081906
step 8939  lr=0.000561466188027358  loss=2.51298703113706
step 8940  lr=0.000560418308604934  loss=1.32555320085583
step 8941  lr=0.000559371379748125  loss=2.06130612380358
step 8942  lr=0.000558325401562362  loss=2.64833540321768
step 8943  lr=0.000557280374152972  loss=2.14048167139137
step 8944  lr=0.00055623629762519  loss=2.05634607560418
step 8945  lr=0.000555193172084154  loss=2.3874497688705
step 8946  lr=0.000554150997634908  loss=1.7223579409892
step 8947  lr=0.000553109774382397  loss=2.56799812765957
step 8948  lr=0.000552069502431475  loss=2.61804596811795
step 8949  lr=0.000551030181886893  loss=2.36383999992813
step 8950  lr=0.000549991812853315  loss=2.33670373054399
step 8951  lr=0.000548954395435303  loss=1.93325137763029
step 8952  lr=0.000547917929737324  loss=1.72663597702096
step 8953  lr=0.000546882415863751  loss=1.8244604450033
step 8954  lr=0.00054584785391886  loss=2.05306723481136
step 8955  lr=0.000544814244006832  loss=1.74143885620891
step 8956  lr=0.000543781586231752  loss=1.65757296413562
step 8957  lr=0.000542749880697604  loss=2.01678972155478
step 8958  lr=0.000541719127508288  loss=2.44637183220128
step 8959  lr=0.000540689326767595  loss=2.80233476859503
step 8960  lr=0.000539660478579228  loss=1.73675134981132
step 8961  lr=0.000538632583046792  loss=1.72847609851244
step 8962  lr=0.000537605640273796  loss=1.77687220328466
step 8963  lr=0.000536579650363653  loss=2.00886703098294
step 8964  lr=0.000535554613419682  loss=1.56070579063292
step 8965  lr=0.0005345305295451  loss=1.7919694776984
step 8966  lr=0.000533507398843037  loss=1.71352220175147
step 8967  lr=0.000532485221416519  loss=1.80491547734125
step 8968  lr=0.000531463997368479  loss=2.3838538319941
step 8969  lr=0.000530443726801756  loss=1.69751810015657
step 8970  lr=0.000529424409819093  loss=2.90289632055715
step 8971  lr=0.000528406046523129  loss=1.70612582348145
step 8972  lr=0.000527388637016419  loss=2.36044382746075
step 8973  lr=0.000526372181401414  loss=1.78527556177355
step 8974  lr=0.000525356679780471  loss=2.6015447593753
step 8975  lr=0.000524342132255851  loss=1.79183624278472
step 8976  lr=0.000523328538929718  loss=1.63046819679745
step 8977  lr=0.000522315899904144  loss=1.72349892079615
step 8978  lr=0.000521304215281099  loss=2.60127697920767
step 8979  lr=0.000520293485162459  loss=2.64030110019301
step 8980  lr=0.000519283709650006  loss=2.58932370408151
step 8981  lr=0.000518274888845424  loss=3.03117909136961
step 8982  lr=0.000517267022850301  loss=2.52238456445397
step 8983  lr=0.000516260111766131  loss=1.78309160225495
step 8984  lr=0.000515254155694306  loss=2.5148647009267
step 8985  lr=0.000514249154736129  loss=1.81734277949095
step 8986  lr=0.000513245108992802  loss=2.47070120916362
step 8987  lr=0.000512242018565434  loss=1.86085471706306
step 8988  lr=0.000511239883555035  loss=2.41966560767022
step 8989  lr=0.00051023870406252  loss=2.77473490289855
step 8990  lr=0.000509238480188707  loss=2.66369846341903
step 8991  lr=0.000508239212034322  loss=2.03090818115704
step 8992  lr=0.000507240899699984  loss=2.44578861519552
step 8993  lr=0.000506243543286232  loss=2.33915101928622
step 8994  lr=0.000505247142893493  loss=2.47121712103377
step 8995  lr=0.000504251698622108  loss=2.58654650623179
step 8996  lr=0.000503257210572317  loss=2.55620670222427
step 8997  lr=0.000502263678844266  loss=1.72344556495819
step 8998  lr=0.000501271103537999  loss=2.35240351151356
step 8999  lr=0.000500279484753476  loss=2.6156727796894
step 9000  lr=0.000499288822590547  loss=1.85367770592672
step 9001  lr=0.000498299117148974  loss=2.45655669589307
step 9002  lr=0.00049731036852842  loss=2.1057471456129
step 9003  lr=0.000496322576828451  loss=2.48223034305755
step 9004  lr=0.000495335742148539  loss=2.28687697302647
step 9005  lr=0.00049434986458806  loss=1.68588023798737
step 9006  lr=0.000493364944246285  loss=1.70893951516042
step 9007  lr=0.000492380981222404  loss=2.60259344952917
step 9008  lr=0.000491397975615496  loss=1.7099287536281
step 9009  lr=0.000490415927524552  loss=2.60296863136134
step 9010  lr=0.000489434837048465  loss=1.81920283210065
step 9011  lr=0.000488454704286029  loss=2.35478895105654
step 9012  lr=0.000487475529335943  loss=1.74504377081333
step 9013  lr=0.000486497312296813  loss=2.43636204730821
step 9014  lr=0.00048552005326714  loss=1.5940672935636
step 9015  lr=0.000484543752345341  loss=2.49567506837258
step 9016  lr=0.000483568409629724  loss=2.43321463289928
step 9017  lr=0.000482594025218508  loss=2.89496676606842
step 9018  lr=0.000481620599209813  loss=2.52470475202935
step 9019  lr=0.000480648131701663  loss=1.68622912451793
step 9020  lr=0.000479676622791986  loss=1.79472831178502
step 9021  lr=0.000478706072578614  loss=1.88031926900638
step 9022  lr=0.000477736481159277  loss=1.66250917808294
step 9023  lr=0.000476767848631618  loss=2.40894077847561
step 9024  lr=0.000475800175093176  loss=2.58012882857337
step 9025  lr=0.000474833460641395  loss=1.71048743377207
step 9026  lr=0.000473867705373624  loss=1.91436479150768
step 9027  lr=0.000472902909387114  loss=2.44361134310079
step 9028  lr=0.000471939072779022  loss=2.62269889543354
step 9029  lr=0.000470976195646404  loss=2.48747071610997
step 9030  lr=0.00047001427808622  loss=2.57832918918122
step 9031  lr=0.000469053320195341  loss=1.38105317035514
step 9032  lr=0.000468093322070531  loss=2.62190812663036
step 9033  lr=0.000467134283808461  loss=1.79651887175092
step 9034  lr=0.000466176205505708  loss=2.81519529241918
step 9035  lr=0.000465219087258753  loss=1.80309112964488
step 9036  lr=0.000464262929163971  loss=2.94847434864199
step 9037  lr=0.000463307731317655  loss=2.09847577161985
step 9038  lr=0.000462353493815987  loss=2.77824757427715
step 9039  lr=0.000461400216755061  loss=2.91140066251738
step 9040  lr=0.000460447900230874  loss=2.63324854976746
step 9041  lr=0.000459496544339321  loss=1.65639112104172
step 9042  lr=0.000458546149176204  loss=1.60208649059652
step 9043  lr=0.000457596714837232  loss=1.7732180628048
step 9044  lr=0.000456648241418006  loss=1.81467581178452
step 9045  lr=0.000455700729014045  loss=1.82329049712249
step 9046  lr=0.000454754177720756  loss=2.71509189092658
step 9047  lr=0.000453808587633462  loss=2.58409147857358
step 9048  lr=0.00045286395884738  loss=1.96142395473547
step 9049  lr=0.000451920291457638  loss=2.04600511172139
step 9050  lr=0.000450977585559261  loss=1.73987608732355
step 9051  lr=0.000450035841247181  loss=2.71838680090909
step 9052  lr=0.000449095058616228  loss=2.86603430062284
step 9053  lr=0.000448155237761143  loss=1.88706399352005
step 9054  lr=0.000447216378776564  loss=2.47526306542988
step 9055  lr=0.000446278481757033  loss=1.67980503668217
step 9056  lr=0.000445341546796999  loss=1.79183047523202
step 9057  lr=0.000444405573990808  loss=2.39272446896476
step 9058  lr=0.000443470563432716  loss=1.93312833007207
step 9059  lr=0.000442536515216877  loss=2.6302797049533
step 9060  lr=0.000441603429437347  loss=2.03113756551683
step 9061  lr=0.000440671306188094  loss=2.60420912338526
step 9062  lr=0.000439740145562977  loss=2.62056710395499
step 9063  lr=0.000438809947655764  loss=2.62051864068559
step 9064  lr=0.00043788071256013  loss=1.89632076449443
step 9065  lr=0.000436952440369646  loss=2.71181613129833
step 9066  lr=0.00043602513117779  loss=2.09833552957736
step 9067  lr=0.00043509878507794  loss=1.37089186381298
step 9068  lr=0.000434173402163381  loss=1.98474133786847
step 9069  lr=0.000433248982527299  loss=2.81790511635605
step 9070  lr=0.000432325526262785  loss=2.10420646484276
step 9071  lr=0.000431403033462825  loss=2.64486249033823
step 9072  lr=0.00043048150422032  loss=1.65941428800912
step 9073  lr=0.000429560938628065  loss=2.45068671939007
step 9074  lr=0.000428641336778761  loss=2.09505231542215
step 9075  lr=0.000427722698765013  loss=2.6733516571429
step 9076  lr=0.000426805024679328  loss=1.64130544200669
step 9077  lr=0.000425888314614113  loss=2.73188678296183
step 9078  lr=0.000424972568661687  loss=2.50640585336378
step 9079  lr=0.000424057786914257  loss=1.70755586715669
step 9080  lr=0.000423143969463948  loss=1.34912851534008
step 9081  lr=0.000422231116402778  loss=2.63446057496915
step 9082  lr=0.000421319227822674  loss=2.56157355145369
step 9083  lr=0.00042040830381546  loss=2.81568047210032
step 9084  lr=0.000419498344472868  loss=2.64757314375129
step 9085  lr=0.000418589349886532  loss=2.79948822517215
step 9086  lr=0.000417681320147987  loss=1.51275897486929
step 9087  lr=0.000416774255348668  loss=2.80045890599828
step 9088  lr=0.00041586815557992  loss=1.2378899665797
step 9089  lr=0.000414963020932988  loss=2.60612988447912
step 9090  lr=0.000414058851499016  loss=2.6150124634358
step 9091  lr=0.000413155647369056  loss=2.57259821191817
step 9092  lr=0.000412253408634061  loss=1.60165077394518
step 9093  lr=0.000411352135384883  loss=2.73656096717997
step 9094  lr=0.000410451827712285  loss=1.82413164133527
step 9095  lr=0.000409552485706924  loss=2.49277869828963
step 9096  lr=0.000408654109459367  loss=1.79461882399841
step 9097  lr=0.000407756699060077  loss=1.59590793517137
step 9098  lr=0.000406860254599425  loss=1.80408358524404
step 9099  lr=0.000405964776167683  loss=1.81592148637257
step 9100  lr=0.000405070263855027  loss=1.86163798156944
step 9101  lr=0.000404176717751531  loss=2.80988898831847
step 9102  lr=0.000403284137947179  loss=2.29008083799727
step 9103  lr=0.000402392524531849  loss=2.64486605642249
step 9104  lr=0.000401501877595332  loss=2.52516817853005
step 9105  lr=0.000400612197227311  loss=1.72142995514422
step 9106  lr=0.00039972348351738  loss=1.67811524735088
step 9107  lr=0.000398835736555031  loss=1.87418198614391
step 9108  lr=0.000397948956429662  loss=2.36322610239407
step 9109  lr=0.000397063143230569  loss=1.92918064728018
step 9110  lr=0.000396178297046956  loss=3.0192986833694
step 9111  lr=0.000395294417967925  loss=2.76335467223806
step 9112  lr=0.000394411506082483  loss=1.64716213256673
step 9113  lr=0.00039352956147954  loss=2.52645215562562
step 9114  lr=0.000392648584247907  loss=1.82100223778441
step 9115  lr=0.000391768574476299  loss=2.55040161640334
step 9116  lr=0.000390889532253333  loss=1.63967234215629
step 9117  lr=0.000390011457667526  loss=2.49116713386214
step 9118  lr=0.000389134350807305  loss=2.65362468178612
step 9119  lr=0.000388258211760991  loss=2.51839646928877
step 9120  lr=0.000387383040616811  loss=1.99761352528423
step 9121  lr=0.000386508837462897  loss=1.72802194055396
step 9122  lr=0.00038563560238728  loss=2.27852797713013
step 9123  lr=0.000384763335477893  loss=2.03592448414357
step 9124  lr=0.000383892036822578  loss=1.78561593111898
step 9125  lr=0.00038302170650907  loss=1.97328235130954
step 9126  lr=0.000382152344625014  loss=2.50048582688243
step 9127  lr=0.000381283951257952  loss=2.96407296723704
step 9128  lr=0.000380416526495334  loss=2.00968360916678
step 9129  lr=0.000379550070424509  loss=1.79314548632337
step 9130  lr=0.000378684583132729  loss=2.57385684220073
step 9131  lr=0.000377820064707146  loss=2.53590244010159
step 9132  lr=0.000376956515234822  loss=2.29638617660189
step 9133  lr=0.000376093934802711  loss=2.08492495882503
step 9134  lr=0.00037523232349768  loss=2.33741741468124
step 9135  lr=0.000374371681406489  loss=1.58694794134213
step 9136  lr=0.000373512008615806  loss=2.51306776556119
step 9137  lr=0.000372653305212201  loss=1.65756742253177
step 9138  lr=0.000371795571282145  loss=1.77833980819274
step 9139  lr=0.00037093880691201  loss=1.98423571361829
step 9140  lr=0.000370083012188077  loss=2.40178538486349
step 9141  lr=0.000369228187196519  loss=2.71253196293084
step 9142  lr=0.000368374332023419  loss=1.95609306604343
step 9143  lr=0.000367521446754759  loss=2.75942909077343
step 9144  lr=0.000366669531476428  loss=2.05005316109197
step 9145  lr=0.00036581858627421  loss=2.2760550342873
step 9146  lr=0.000364968611233799  loss=1.6798123163445
step 9147  lr=0.000364119606440784  loss=1.7673126168557
step 9148  lr=0.00036327157198066  loss=2.51380560232796
step 9149  lr=0.000362424507938826  loss=2.02484966127013
step 9150  lr=0.00036157841440058  loss=1.74071787481502
step 9151  lr=0.000360733291451124  loss=2.4724615921553
step 9152  lr=0.000359889139175561  loss=2.34338273700688
step 9153  lr=0.0003590459576589  loss=1.64143673243112
step 9154  lr=0.000358203746986046  loss=2.71186483073334
step 9155  lr=0.00035736250724181  loss=1.74122057123843
step 9156  lr=0.000356522238510907  loss=1.84284991331497
step 9157  lr=0.00035568294087795  loss=2.4265765825745
step 9158  lr=0.000354844614427456  loss=2.60615836296025
step 9159  lr=0.000354007259243848  loss=2.56704376988615
step 9160  lr=0.000353170875411444  loss=2.47828385052283
step 9161  lr=0.000352335463014468  loss=2.00492971885795
step 9162  lr=0.000351501022137047  loss=1.61075826184579
step 9163  lr=0.00035066755286321  loss=2.54787603915573
step 9164  lr=0.000349835055276886  loss=2.93125055732025
step 9165  lr=0.000349003529461909  loss=2.10563461876121
step 9166  lr=0.000348172975502009  loss=1.63427679496871
step 9167  lr=0.00034734339348083  loss=2.39503490831963
step 9168  lr=0.000346514783481906  loss=2.17308056869761
step 9169  lr=0.000345687145588679  loss=1.93795562637276
step 9170  lr=0.000344860479884491  loss=1.55459382006735
step 9171  lr=0.000344034786452591  loss=2.62681457705549
step 9172  lr=0.000343210065376122  loss=2.64560123278031
step 9173  lr=0.000342386316738136  loss=1.70687533086268
step 9174  lr=0.000341563540621582  loss=2.61987776692233
step 9175  lr=0.000340741737109318  loss=2.60374504422622
step 9176  lr=0.000339920906284095  loss=2.84451789926282
step 9177  lr=0.000339101048228573  loss=2.82023824837178
step 9178  lr=0.000338282163025311  loss=2.61589956528779
step 9179  lr=0.000337464250756769  loss=2.47208437571037
step 9180  lr=0.000336647311505315  loss=2.63159122684473
step 9181  lr=0.000335831345353212  loss=3.05776119432277
step 9182  lr=0.000335016352382627  loss=2.37569095724451
step 9183  lr=0.000334202332675633  loss=1.72589609131548
step 9184  lr=0.000333389286314197  loss=2.39558029623393
step 9185  lr=0.000332577213380196  loss=2.4650473804622
step 9186  lr=0.000331766113955406  loss=2.52345845291524
step 9187  lr=0.000330955988121504  loss=2.61454293798875
step 9188  lr=0.000330146835960068  loss=2.25545343899277
step 9189  lr=0.000329338657552583  loss=2.45764585558737
step 9190  lr=0.00032853145298043  loss=2.85637698813198
step 9191  lr=0.000327725222324894  loss=2.65687606253918
step 9192  lr=0.000326919965667163  loss=1.87306910176324
step 9193  lr=0.000326115683088328  loss=2.65367010066059
step 9194  lr=0.000325312374669379  loss=2.59113244004528
step 9195  lr=0.000324510040491209  loss=2.45625220878235
step 9196  lr=0.000323708680634612  loss=2.37213254535714
step 9197  lr=0.000322908295180289  loss=1.8212510531984
step 9198  lr=0.000322108884208834  loss=1.92583796689975
step 9199  lr=0.000321310447800749  loss=2.86179381468082
step 9200  lr=0.000320512986036438  loss=2.50965997846563
step 9201  lr=0.000319716498996203  loss=1.24744042583636
step 9202  lr=0.000318920986760253  loss=1.82280660176652
step 9203  lr=0.000318126449408695  loss=1.65863862118947
step 9204  lr=0.000317332887021538  loss=1.71982544672559
step 9205  lr=0.000316540299678695  loss=2.5979798781247
step 9206  lr=0.000315748687459979  loss=2.92106389644169
step 9207  lr=0.000314958050445104  loss=1.84529314187849
step 9208  lr=0.000314168388713689  loss=1.98124228827358
step 9209  lr=0.000313379702345252  loss=1.76264022933229
step 9210  lr=0.000312591991419214  loss=1.82985504556142
step 9211  lr=0.000311805256014899  loss=2.58279365412933
step 9212  lr=0.000311019496211526  loss=2.43256090407512
step 9213  lr=0.000310234712088228  loss=2.10130200297794
step 9214  lr=0.000309450903724028  loss=2.45254658262381
step 9215  lr=0.000308668071197857  loss=2.41366076953009
step 9216  lr=0.000307886214588545  loss=1.57706371181553
step 9217  lr=0.000307105333974829  loss=2.56343219905675
step 9218  lr=0.000306325429435337  loss=2.50764611750573
step 9219  lr=0.000305546501048611  loss=2.47282077067754
step 9220  lr=0.000304768548893087  loss=1.8199648694441
step 9221  lr=0.000303991573047105  loss=2.28023506173082
step 9222  lr=0.000303215573588905  loss=1.96194204679115
step 9223  lr=0.000302440550596633  loss=1.79139258847471
step 9224  lr=0.000301666504148331  loss=1.24416530557794
step 9225  lr=0.000300893434321948  loss=2.91929018352974
step 9226  lr=0.00030012134119533  loss=1.63462523275564
step 9227  lr=0.000299350224846228  loss=2.3505602104694
step 9228  lr=0.000298580085352292  loss=1.80909468650433
step 9229  lr=0.000297810922791076  loss=2.03964654298833
step 9230  lr=0.000297042737240035  loss=1.73558887451146
step 9231  lr=0.000296275528776525  loss=1.70981661093806
step 9232  lr=0.000295509297477805  loss=1.71341842155635
step 9233  lr=0.000294744043421031  loss=2.77120705508709
step 9234  lr=0.000293979766683268  loss=1.6855747512189
step 9235  lr=0.000293216467341475  loss=2.58678793503232
step 9236  lr=0.000292454145472519  loss=1.80485081180072
step 9237  lr=0.000291692801153165  loss=1.76527992757141
step 9238  lr=0.000290932434460082  loss=2.59828729923464
step 9239  lr=0.000290173045469834  loss=2.51325473462247
step 9240  lr=0.000289414634258898  loss=2.02319623773771
step 9241  lr=0.00028865720090364  loss=2.61202091616736
step 9242  lr=0.000287900745480337  loss=2.47649535641244
step 9243  lr=0.000287145268065163  loss=2.95548695430316
step 9244  lr=0.000286390768734195  loss=1.65201385238977
step 9245  lr=0.000285637247563411  loss=2.33140804519713
step 9246  lr=0.000284884704628691  loss=1.77129433030762
step 9247  lr=0.000284133140005813  loss=2.58027018975995
step 9248  lr=0.000283382553770464  loss=2.89942599374328
step 9249  lr=0.000282632945998226  loss=2.69814129809755
step 9250  lr=0.000281884316764583  loss=1.7618239729912
step 9251  lr=0.000281136666144924  loss=1.75677333775684
step 9252  lr=0.000280389994214538  loss=1.74909091963338
step 9253  lr=0.000279644301048613  loss=1.65773538939161
step 9254  lr=0.000278899586722241  loss=1.79469848221597
step 9255  lr=0.000278155851310414  loss=1.83920426007078
step 9256  lr=0.000277413094888027  loss=2.48506094202802
step 9257  lr=0.000276671317529875  loss=2.98470994258495
step 9258  lr=0.000275930519310655  loss=1.64378260072855
step 9259  lr=0.000275190700304967  loss=1.59601353774774
step 9260  lr=0.000274451860587309  loss=1.86713547983409
step 9261  lr=0.000273714000232081  loss=2.48007678133472
step 9262  lr=0.00027297711931359  loss=2.91763805800239
step 9263  lr=0.000272241217906035  loss=2.49051986079871
step 9264  lr=0.000271506296083524  loss=2.62990936176561
step 9265  lr=0.000270772353920061  loss=2.16427734509909
step 9266  lr=0.000270039391489557  loss=2.62755495834071
step 9267  lr=0.00026930740886582  loss=2.51592026999394
step 9268  lr=0.000268576406122561  loss=1.681663682427
step 9269  lr=0.000267846383333391  loss=2.42714988047467
step 9270  lr=0.000267117340571824  loss=1.57978826635529
step 9271  lr=0.000266389277911275  loss=1.76356934981114
step 9272  lr=0.000265662195425059  loss=2.59050073749191
step 9273  lr=0.000264936093186394  loss=2.10142702843552
step 9274  lr=0.000264210971268397  loss=2.40904670271514
step 9275  lr=0.00026348682974409  loss=2.52998061972316
step 9276  lr=0.000262763668686393  loss=2.37857138934388
step 9277  lr=0.000262041488168127  loss=1.82835524519714
step 9278  lr=0.000261320288262017  loss=1.80752345491236
step 9279  lr=0.000260600069040688  loss=1.7924563693165
step 9280  lr=0.000259880830576665  loss=2.51523514309461
step 9281  lr=0.000259162572942376  loss=1.59605105679543
step 9282  lr=0.00025844529621015  loss=1.72637335881143
step 9283  lr=0.000257729000452215  loss=2.75450618727146
step 9284  lr=0.000257013685740705  loss=2.36932164933508
step 9285  lr=0.000256299352147649  loss=2.37156268571787
step 9286  lr=0.000255585999744981  loss=1.97219939629092
step 9287  lr=0.000254873628604536  loss=1.79409695589053
step 9288  lr=0.000254162238798051  loss=2.68167199917467
step 9289  lr=0.000253451830397161  loss=2.90610260279204
step 9290  lr=0.000252742403473407  loss=2.64317655614617
step 9291  lr=0.000252033958098223  loss=2.00497829755058
step 9292  lr=0.000251326494342956  loss=1.81972100559826
step 9293  lr=0.000250620012278843  loss=2.62479000218245
step 9294  lr=0.000249914511977027  loss=1.70118879578999
step 9295  lr=0.000249209993508555  loss=1.78453547076379
step 9296  lr=0.000248506456944367  loss=2.66399586173904
step 9297  lr=0.000247803902355314  loss=1.705719345435
step 9298  lr=0.000247102329812142  loss=1.88197226076533
step 9299  lr=0.000246401739385496  loss=2.3354208172202
step 9300  lr=0.00024570213114593  loss=2.87852097758586
step 9301  lr=0.000245003505163891  loss=2.3481861638755
step 9302  lr=0.000244305861509734  loss=1.57616137433281
step 9303  lr=0.000243609200253708  loss=2.6288638404809
step 9304  lr=0.000242913521465969  loss=1.81260510690511
step 9305  lr=0.000242218825216571  loss=2.61891151524893
step 9306  lr=0.000241525111575472  loss=2.51162457450519
step 9307  lr=0.000240832380612526  loss=2.3816522301534
step 9308  lr=0.000240140632397493  loss=2.61031402832833
step 9309  lr=0.00023944986700003  loss=1.78890520146724
step 9310  lr=0.0002387600844897  loss=2.4645380354953
step 9311  lr=0.000238071284935961  loss=2.62483714000836
step 9312  lr=0.000237383468408178  loss=2.64896461548054
step 9313  lr=0.000236696634975611  loss=2.1829430849418
step 9314  lr=0.000236010784707427  loss=2.89971530538596
step 9315  lr=0.000235325917672689  loss=2.56400758560156
step 9316  lr=0.000234642033940363  loss=1.95242921332173
step 9317  lr=0.000233959133579318  loss=2.56223588079481
step 9318  lr=0.000233277216658321  loss=2.45115129463888
step 9319  lr=0.000232596283246042  loss=2.4961232173199
step 9320  lr=0.000231916333411049  loss=2.50441932013486
step 9321  lr=0.000231237367221814  loss=2.42007002440764
step 9322  lr=0.000230559384746709  loss=2.78437886789334
step 9323  lr=0.000229882386054006  loss=2.97265526809253
step 9324  lr=0.00022920637121188  loss=2.83337339747122
step 9325  lr=0.000228531340288406  loss=2.62603538429699
step 9326  lr=0.000227857293351557  loss=2.61383640048574
step 9327  lr=0.000227184230469212  loss=2.71206149492955
step 9328  lr=0.000226512151709147  loss=1.8314858625958
step 9329  lr=0.000225841057139041  loss=2.99541096677586
step 9330  lr=0.000225170946826474  loss=2.59587285601037
step 9331  lr=0.000224501820838925  loss=1.85505137286177
step 9332  lr=0.000223833679243775  loss=1.72474963397693
step 9333  lr=0.000223166522108306  loss=2.81003568549604
step 9334  lr=0.000222500349499699  loss=2.03030869477568
step 9335  lr=0.000221835161485042  loss=1.79384124674637
step 9336  lr=0.000221170958131315  loss=1.76052601005564
step 9337  lr=0.000220507739505406  loss=2.6400271323188
step 9338  lr=0.000219845505674099  loss=2.88035193730293
step 9339  lr=0.000219184256704082  loss=1.80473115162057
step 9340  lr=0.000218523992661943  loss=1.501827803989
step 9341  lr=0.000217864713614172  loss=2.4608455193326
step 9342  lr=0.000217206419627154  loss=1.90018389733664
step 9343  lr=0.000216549110767184  loss=2.82601897201254
step 9344  lr=0.00021589278710045  loss=2.34210286157632
step 9345  lr=0.000215237448693044  loss=1.79108081411083
step 9346  lr=0.00021458309561096  loss=1.83679442839758
step 9347  lr=0.00021392972792009  loss=2.64993780341403
step 9348  lr=0.000213277345686229  loss=1.86365827533949
step 9349  lr=0.000212625948975071  loss=1.83045043482357
step 9350  lr=0.000211975537852214  loss=1.61269665178168
step 9351  lr=0.00021132611238315  loss=1.85977497060055
step 9352  lr=0.000210677672633279  loss=2.60753263742825
step 9353  lr=0.0002100302186679  loss=2.24012800178811
step 9354  lr=0.000209383750552209  loss=2.60852374682171
step 9355  lr=0.000208738268351307  loss=1.69010445664742
step 9356  lr=0.000208093772130192  loss=2.55490021735483
step 9357  lr=0.000207450261953769  loss=2.0546602704921
step 9358  lr=0.000206807737886835  loss=1.74080569561826
step 9359  lr=0.000206166199994093  loss=2.51272286125879
step 9360  lr=0.000205525648340148  loss=2.34317350861379
step 9361  lr=0.000204886082989502  loss=2.34035254587089
step 9362  lr=0.000204247504006559  loss=2.77286167901084
step 9363  lr=0.000203609911455626  loss=1.667613020124
step 9364  lr=0.000202973305400904  loss=2.4616462047281
step 9365  lr=0.000202337685906504  loss=1.79816341965207
step 9366  lr=0.000201703053036431  loss=2.61300826531479
step 9367  lr=0.000201069406854592  loss=2.76448703126663
step 9368  lr=0.000200436747424795  loss=1.92486323579598
step 9369  lr=0.000199805074810751  loss=2.80343437379501
step 9370  lr=0.000199174389076066  loss=1.79163788216846
step 9371  lr=0.000198544690284254  loss=2.85714080432716
step 9372  lr=0.000197915978498721  loss=1.63547856881845
step 9373  lr=0.000197288253782782  loss=2.5003729257929
step 9374  lr=0.000196661516199648  loss=1.79873037481595
step 9375  lr=0.00019603576581243  loss=1.6521477151457
step 9376  lr=0.000195411002684143  loss=1.68352647584547
step 9377  lr=0.0001947872268777  loss=1.79634866190816
step 9378  lr=0.000194164438455914  loss=2.70785599726249
step 9379  lr=0.000193542637481501  loss=2.61315374197902
step 9380  lr=0.000192921824017076  loss=1.63969937871869
step 9381  lr=0.000192301998125155  loss=2.59829842929593
step 9382  lr=0.000191683159868156  loss=1.73402835726231
step 9383  lr=0.000191065309308393  loss=2.57411479981464
step 9384  lr=0.000190448446508085  loss=1.80373118130941
step 9385  lr=0.00018983257152935  loss=2.03547226702797
step 9386  lr=0.000189217684434205  loss=2.82891059421917
step 9387  lr=0.000188603785284575  loss=2.56030740908731
step 9388  lr=0.000187990874142272  loss=2.70524492537286
step 9389  lr=0.00018737895106902  loss=2.86954390439266
step 9390  lr=0.00018676801612644  loss=1.97488788319842
step 9391  lr=0.000186158069376051  loss=2.41527903838271
step 9392  lr=0.000185549110879276  loss=2.3566359231771
step 9393  lr=0.000184941140697439  loss=1.89222259963027
step 9394  lr=0.000184334158891758  loss=2.63499813175701
step 9395  lr=0.000183728165523361  loss=2.01765876058394
step 9396  lr=0.000183123160653268  loss=1.72562429495594
step 9397  lr=0.000182519144342403  loss=2.61148835049432
step 9398  lr=0.000181916116651594  loss=1.96747712393911
step 9399  lr=0.000181314077641561  loss=1.88934284879503
step 9400  lr=0.000180713027372933  loss=2.49575605081694
step 9401  lr=0.000180112965906235  loss=1.59286521126913
step 9402  lr=0.00017951389330189  loss=1.87991783469408
step 9403  lr=0.00017891580962023  loss=1.73526643475043
step 9404  lr=0.000178318714921479  loss=1.86046103013178
step 9405  lr=0.000177722609265764  loss=2.71124596225317
step 9406  lr=0.000177127492713114  loss=1.96998700195415
step 9407  lr=0.000176533365323456  loss=2.32385399941374
step 9408  lr=0.000175940227156619  loss=1.80066907919788
step 9409  lr=0.000175348078272334  loss=2.23990589736508
step 9410  lr=0.000174756918730227  loss=1.81343862375455
step 9411  lr=0.00017416674858983  loss=1.63516282123643
step 9412  lr=0.000173577567910573  loss=2.64557601515738
step 9413  lr=0.000172989376751784  loss=2.5676262689755
step 9414  lr=0.000172402175172699  loss=2.41126987116855
step 9415  lr=0.000171815963232445  loss=2.78425840769966
step 9416  lr=0.000171230740990054  loss=2.32241773982393
step 9417  lr=0.000170646508504458  loss=1.76529875753895
step 9418  lr=0.00017006326583449  loss=1.83644250567738
step 9419  lr=0.000169481013038882  loss=1.24067487418543
step 9420  lr=0.000168899750176269  loss=2.07066356199387
step 9421  lr=0.000168319477305179  loss=1.82826710822169
step 9422  lr=0.000167740194484051  loss=1.92649041748035
step 9423  lr=0.000167161901771216  loss=1.63613543094042
step 9424  lr=0.000166584599224907  loss=2.86392563657933
step 9425  lr=0.000166008286903261  loss=2.40115716529344
step 9426  lr=0.000165432964864312  loss=2.41247338323577
step 9427  lr=0.000164858633165993  loss=1.79073837106254
step 9428  lr=0.000164285291866142  loss=1.66562858509548
step 9429  lr=0.000163712941022491  loss=1.57228874724472
step 9430  lr=0.000163141580692679  loss=1.83739981312713
step 9431  lr=0.00016257121093424  loss=1.77710346068764
step 9432  lr=0.000162001831804612  loss=2.64773283530628
step 9433  lr=0.00016143344336113  loss=1.66642809222257
step 9434  lr=0.00016086604566103  loss=2.73622165109859
step 9435  lr=0.000160299638761451  loss=2.60571371852178
step 9436  lr=0.00015973422271943  loss=1.64702124001071
step 9437  lr=0.000159169797591903  loss=2.61497017523258
step 9438  lr=0.000158606363435707  loss=2.4253166697869
step 9439  lr=0.000158043920307581  loss=1.74922815174582
step 9440  lr=0.000157482468264163  loss=1.86820402000076
step 9441  lr=0.000156922007361991  loss=2.42251066394126
step 9442  lr=0.000156362537657505  loss=1.5801075022419
step 9443  lr=0.000155804059207041  loss=2.4383825032315
step 9444  lr=0.000155246572066839  loss=1.73677002135881
step 9445  lr=0.000154690076293038  loss=2.36445852036343
step 9446  lr=0.000154134571941678  loss=2.55997814507572
step 9447  lr=0.000153580059068695  loss=2.43467125729848
step 9448  lr=0.000153026537729931  loss=1.78237143349102
step 9449  lr=0.000152474007981126  loss=2.58956337693749
step 9450  lr=0.00015192246987792  loss=1.74819465891477
step 9451  lr=0.00015137192347585  loss=2.22087807190636
step 9452  lr=0.000150822368830359  loss=2.85868495365657
step 9453  lr=0.000150273805996786  loss=1.64044622515398
step 9454  lr=0.00014972623503037  loss=1.6816954069881
step 9455  lr=0.000149179655986254  loss=2.54059689717145
step 9456  lr=0.000148634068919475  loss=2.83394694827843
step 9457  lr=0.000148089473884978  loss=2.60652353960787
step 9458  lr=0.000147545870937601  loss=1.23992510312173
step 9459  lr=0.000147003260132084  loss=1.74656997624091
step 9460  lr=0.00014646164152307  loss=2.625955342356
step 9461  lr=0.000145921015165099  loss=2.20190767868989
step 9462  lr=0.000145381381112613  loss=1.67801966005245
step 9463  lr=0.00014484273941995  loss=2.52578626782574
step 9464  lr=0.000144305090141356  loss=1.76810202458703
step 9465  lr=0.000143768433330967  loss=2.61596897952337
step 9466  lr=0.00014323276904283  loss=2.00033675802738
step 9467  lr=0.000142698097330881  loss=1.42781150258548
step 9468  lr=0.000142164418248966  loss=2.02374280832652
step 9469  lr=0.000141631731850823  loss=2.8480353139895
step 9470  lr=0.000141100038190095  loss=2.57851203872455
step 9471  lr=0.000140569337320324  loss=2.63269313791853
step 9472  lr=0.000140039629294951  loss=2.57958321204812
step 9473  lr=0.000139510914167317  loss=1.71817973558365
step 9474  lr=0.000138983191990665  loss=2.47392426783236
step 9475  lr=0.000138456462818135  loss=2.18910894986526
step 9476  lr=0.000137930726702769  loss=1.76870431857942
step 9477  lr=0.000137405983697509  loss=2.85779650785245
step 9478  lr=0.000136882233855197  loss=1.67275898557535
step 9479  lr=0.000136359477228574  loss=2.51935237454397
step 9480  lr=0.000135837713870283  loss=1.56298396244615
step 9481  lr=0.000135316943832862  loss=2.02721543954878
step 9482  lr=0.000134797167168756  loss=1.80136946344833
step 9483  lr=0.000134278383930306  loss=1.8321776366487
step 9484  lr=0.000133760594169752  loss=2.45260403043928
step 9485  lr=0.000133243797939236  loss=2.72602200920925
step 9486  lr=0.0001327279952908  loss=2.32258494272859
step 9487  lr=0.000132213186276385  loss=1.63916878257862
step 9488  lr=0.000131699370947833  loss=2.33826053763831
step 9489  lr=0.000131186549356883  loss=1.73332270521949
step 9490  lr=0.000130674721555177  loss=2.90846694129077
step 9491  lr=0.000130163887594258  loss=2.7159357325091
step 9492  lr=0.000129654047525565  loss=2.50342160626744
step 9493  lr=0.000129145201400439  loss=2.46675905168853
step 9494  lr=0.000128637349270121  loss=2.469040153367
step 9495  lr=0.000128130491185753  loss=1.97091513782759
step 9496  lr=0.000127624627198373  loss=2.89750373014361
step 9497  lr=0.000127119757358923  loss=2.02655807049645
step 9498  lr=0.000126615881718244  loss=2.72629816754683
step 9499  lr=0.000126113000327075  loss=1.79149191956176
step 9500  lr=0.000125611113236057  loss=1.63565031134509
step 9501  lr=0.00012511022049573  loss=1.6499433494603
step 9502  lr=0.000124610322156533  loss=2.82630287583802
step 9503  lr=0.000124111418268806  loss=1.52361554042487
step 9504  lr=0.000123613508882791  loss=1.79864629162964
step 9505  lr=0.000123116594048623  loss=1.87306581790574
step 9506  lr=0.000122620673816345  loss=2.6336612155155
step 9507  lr=0.000122125748235895  loss=2.59736182893166
step 9508  lr=0.000121631817357111  loss=2.50490108378222
step 9509  lr=0.000121138881229733  loss=2.63813185662552
step 9510  lr=0.000120646939903399  loss=2.57934812174129
step 9511  lr=0.000120155993427649  loss=1.99791279830777
step 9512  lr=0.000119666041851919  loss=2.44216450121088
step 9513  lr=0.000119177085225549  loss=2.7258443265116
step 9514  lr=0.000118689123597776  loss=1.23935681580157
step 9515  lr=0.000118202157017738  loss=2.60581679787988
step 9516  lr=0.000117716185534472  loss=1.79047155594635
step 9517  lr=0.000117231209196916  loss=2.49576057848748
step 9518  lr=0.000116747228053907  loss=1.23909346217071
step 9519  lr=0.000116264242154182  loss=2.88966641697452
step 9520  lr=0.000115782251546376  loss=2.45653283029995
step 9521  lr=0.000115301256279028  loss=2.44775649361514
step 9522  lr=0.000114821256400572  loss=1.91299596978051
step 9523  lr=0.000114342251959346  loss=1.84252080024126
step 9524  lr=0.000113864243003584  loss=2.08719406500509
step 9525  lr=0.000113387229581423  loss=1.83238913852141
step 9526  lr=0.000112911211740897  loss=2.68476572025503
step 9527  lr=0.000112436189529942  loss=2.59795513484294
step 9528  lr=0.000111962162996391  loss=2.55614378366344
step 9529  lr=0.000111489132187981  loss=1.97047342105427
step 9530  lr=0.000111017097152344  loss=2.79682761440639
step 9531  lr=0.000110546057937015  loss=1.66956143478617
step 9532  lr=0.000110076014589428  loss=1.70430164157972
step 9533  lr=0.000109606967156914  loss=1.80142553332938
step 9534  lr=0.000109138915686708  loss=2.48416092079305
step 9535  lr=0.000108671860225944  loss=2.44093063784892
step 9536  lr=0.000108205800821652  loss=1.72992765448987
step 9537  lr=0.000107740737520766  loss=2.25438579957391
step 9538  lr=0.000107276670370117  loss=1.68825567184036
step 9539  lr=0.000106813599416437  loss=1.60084801557949
step 9540  lr=0.000106351524706355  loss=2.44313933515678
step 9541  lr=0.000105890446286405  loss=1.70943839624695
step 9542  lr=0.000105430364203016  loss=2.64837160803607
step 9543  lr=0.000104971278502519  loss=2.48332998162981
step 9544  lr=0.000104513189231143  loss=1.74335817166938
step 9545  lr=0.000104056096435019  loss=2.10525469942096
step 9546  lr=0.000103600000160174  loss=1.77761291877604
step 9547  lr=0.00010314490045254  loss=2.16828641298938
step 9548  lr=0.000102690797357942  loss=2.05082396451815
step 9549  lr=0.00010223769092211  loss=1.60996257905919
step 9550  lr=0.000101785581190673  loss=1.7873420371493
step 9551  lr=0.000101334468209155  loss=3.00647808105214
step 9552  lr=0.000100884352022987  loss=1.57449237839169
step 9553  lr=0.000100435232677495  loss=1.69481806958987
step 9554  lr=9.99871102179017e-05  loss=1.96765499000136
step 9555  lr=9.95399846893363e-05  loss=2.63454238668058
step 9556  lr=9.90938561368238e-05  loss=2.0999532206655
step 9557  lr=9.86487246052892e-05  loss=2.46126877624367
step 9558  lr=9.82045901395567e-05  loss=2.09158728314008
step 9559  lr=9.77614527843518e-05  loss=1.74825399539567
step 9560  lr=9.73193125842964e-05  loss=1.68509479809952
step 9561  lr=9.68781695839172e-05  loss=2.60610246111622
step 9562  lr=9.6438023827633e-05  loss=1.58880018049386
step 9563  lr=9.59988753597707e-05  loss=1.76178369664343
step 9564  lr=9.55607242245493e-05  loss=2.61052094586563
step 9565  lr=9.51235704660924e-05  loss=2.93172263340859
step 9566  lr=9.46874141284215e-05  loss=2.37932047124634
step 9567  lr=9.4252255255457e-05  loss=1.75795461463793
step 9568  lr=9.38180938910183e-05  loss=2.09957539014598
step 9569  lr=9.33849300788281e-05  loss=2.26650949474333
step 9570  lr=9.29527638625027e-05  loss=1.71784268797841
step 9571  lr=9.2521595285564e-05  loss=2.80091114913835
step 9572  lr=9.20914243914295e-05  loss=2.50403552293119
step 9573  lr=9.16622512234167e-05  loss=2.78486016454066
step 9574  lr=9.12340758247454e-05  loss=1.77999036790738
step 9575  lr=9.08068982385302e-05  loss=2.53875439897085
step 9576  lr=9.03807185077898e-05  loss=1.23960093821648
step 9577  lr=8.99555366754401e-05  loss=2.71723499453726
step 9578  lr=8.95313527842956e-05  loss=2.93855114275123
step 9579  lr=8.91081668770743e-05  loss=2.82987137800914
step 9580  lr=8.8685978996389e-05  loss=2.35482585963229
step 9581  lr=8.82647891847532e-05  loss=1.80142831605889
step 9582  lr=8.78445974845832e-05  loss=2.28094365844744
step 9583  lr=8.74254039381905e-05  loss=2.58436605652344
step 9584  lr=8.70072085877882e-05  loss=2.62088470287237
step 9585  lr=8.65900114754892e-05  loss=2.09930153625891
step 9586  lr=8.61738126433043e-05  loss=1.73864685757128
step 9587  lr=8.57586121331455e-05  loss=1.7161850363447
step 9588  lr=8.53444099868239e-05  loss=1.72990246707219
step 9589  lr=8.49312062460483e-05  loss=1.91837236616118
step 9590  lr=8.45190009524288e-05  loss=1.33007846643943
step 9591  lr=8.41077941474744e-05  loss=2.58929958970034
step 9592  lr=8.36975858725941e-05  loss=1.71379431869885
step 9593  lr=8.32883761690961e-05  loss=1.67330001686784
step 9594  lr=8.28801650781874e-05  loss=2.37446244649367
step 9595  lr=8.24729526409729e-05  loss=2.33779029151558
step 9596  lr=8.20667388984631e-05  loss=2.43434563220612
step 9597  lr=8.16615238915597e-05  loss=2.0371833412638
step 9598  lr=8.12573076610701e-05  loss=1.30545480381189
step 9599  lr=8.08540902476973e-05  loss=1.57690936685924
step 9600  lr=8.04518716920466e-05  loss=1.83552913756772
step 9601  lr=8.00506520346223e-05  loss=2.2698938700078
step 9602  lr=7.96504313158253e-05  loss=2.44962859336263
step 9603  lr=7.92512095759568e-05  loss=1.69280154661707
step 9604  lr=7.88529868552223e-05  loss=2.81565435826329
step 9605  lr=7.84557631937188e-05  loss=2.0475200987354
step 9606  lr=7.80595386314498e-05  loss=2.39632734960959
step 9607  lr=7.76643132083132e-05  loss=1.87557026350056
step 9608  lr=7.72700869641085e-05  loss=2.41489747017217
step 9609  lr=7.6876859938535e-05  loss=2.49755339281821
step 9610  lr=7.64846321711898e-05  loss=2.44397980650488
step 9611  lr=7.60934037015704e-05  loss=2.47746619227822
step 9612  lr=7.5703174569075e-05  loss=1.74717654026339
step 9613  lr=7.53139448129969e-05  loss=2.59101182462868
step 9614  lr=7.49257144725346e-05  loss=2.48418951520761
step 9615  lr=7.45384835867802e-05  loss=1.88534661215887
step 9616  lr=7.4152252194728e-05  loss=1.76885338612897
step 9617  lr=7.37670203352736e-05  loss=2.89463723282734
step 9618  lr=7.33827880472093e-05  loss=2.24417641918562
step 9619  lr=7.29995553692253e-05  loss=2.34252457589775
step 9620  lr=7.26173223399151e-05  loss=2.65763638373948
step 9621  lr=7.22360889977691e-05  loss=2.13741068548997
step 9622  lr=7.18558553811766e-05  loss=2.62049374551615
step 9623  lr=7.14766215284279e-05  loss=2.70870861720782
step 9624  lr=7.10983874777127e-05  loss=2.7973484985348
step 9625  lr=7.0721153267117e-05  loss=2.34161620299419
step 9626  lr=7.03449189346306e-05  loss=2.56428813292081
step 9627  lr=6.99696845181386e-05  loss=2.28450736729593
step 9628  lr=6.95954500554274e-05  loss=2.6022401064602
step 9629  lr=6.92222155841826e-05  loss=2.86289036498643
step 9630  lr=6.88499811419896e-05  loss=2.73921636257046
step 9631  lr=6.84787467663317e-05  loss=2.65089068850905
step 9632  lr=6.81085124945924e-05  loss=1.96398131035056
step 9633  lr=6.77392783640529e-05  loss=1.86355878173521
step 9634  lr=6.7371044411898e-05  loss=1.77682424076167
step 9635  lr=6.70038106752058e-05  loss=2.40447533719225
step 9636  lr=6.66375771909589e-05  loss=2.69664803744115
step 9637  lr=6.62723439960355e-05  loss=2.69365081545211
step 9638  lr=6.59081111272164e-05  loss=2.49966780655253
step 9639  lr=6.55448786211776e-05  loss=1.821777518729
step 9640  lr=6.51826465144978e-05  loss=1.61573514649134
step 9641  lr=6.48214148436543e-05  loss=2.48126683292972
step 9642  lr=6.44611836450215e-05  loss=2.35411312548119
step 9643  lr=6.4101952954877e-05  loss=2.58407327970658
step 9644  lr=6.37437228093929e-05  loss=2.63930164646496
step 9645  lr=6.33864932446437e-05  loss=2.03133825587201
step 9646  lr=6.30302642966041e-05  loss=2.36585648507573
step 9647  lr=6.26750360011441e-05  loss=1.96382842341825
step 9648  lr=6.23208083940363e-05  loss=2.35020783629701
step 9649  lr=6.19675815109511e-05  loss=2.31416390961318
step 9650  lr=6.16153553874588e-05  loss=2.60931487296973
step 9651  lr=6.12641300590278e-05  loss=2.35320706451847
step 9652  lr=6.09139055610275e-05  loss=2.6405816790344
step 9653  lr=6.05646819287242e-05  loss=2.54912303459807
step 9654  lr=6.02164591972865e-05  loss=2.63558847241702
step 9655  lr=5.98692374017784e-05  loss=2.02889238665666
step 9656  lr=5.95230165771665e-05  loss=2.91569309805016
step 9657  lr=5.9177796758314e-05  loss=2.50710820102588
step 9658  lr=5.88335779799876e-05  loss=1.87014624000164
step 9659  lr=5.84903602768461e-05  loss=1.70776601950696
step 9660  lr=5.81481436834541e-05  loss=1.79128627030427
step 9661  lr=5.78069282342719e-05  loss=1.61515100603639
step 9662  lr=5.74667139636598e-05  loss=1.44800226857132
step 9663  lr=5.71275009058769e-05  loss=2.05218933992339
step 9664  lr=5.67892890950827e-05  loss=1.79782626231642
step 9665  lr=5.64520785653355e-05  loss=2.06290625299519
step 9666  lr=5.61158693505925e-05  loss=2.35548222341008
step 9667  lr=5.5780661484709e-05  loss=1.79440216371846
step 9668  lr=5.544645500144e-05  loss=1.70995272241585
step 9669  lr=5.5113249934442e-05  loss=1.74778623329929
step 9670  lr=5.47810463172671e-05  loss=1.72279513898463
step 9671  lr=5.44498441833685e-05  loss=2.64168307486761
step 9672  lr=5.41196435660984e-05  loss=1.72053279703139
step 9673  lr=5.37904444987081e-05  loss=2.44108583203676
step 9674  lr=5.34622470143486e-05  loss=1.77701847139735
step 9675  lr=5.31350511460682e-05  loss=2.46404948601337
step 9676  lr=5.28088569268159e-05  loss=1.56572224010624
step 9677  lr=5.248366438944e-05  loss=2.5797785932899
step 9678  lr=5.21594735666864e-05  loss=2.43917050780249
step 9679  lr=5.18362844912013e-05  loss=2.58849211980606
step 9680  lr=5.15140971955308e-05  loss=1.78807454034999
step 9681  lr=5.11929117121179e-05  loss=1.72758715479602
step 9682  lr=5.08727280733068e-05  loss=2.59010131467244
step 9683  lr=5.05535463113405e-05  loss=2.59265044613945
step 9684  lr=5.02353664583588e-05  loss=2.41278078880097
step 9685  lr=4.9918188546404e-05  loss=1.69046962342443
step 9686  lr=4.96020126074159e-05  loss=2.8857408085553
step 9687  lr=4.92868386732315e-05  loss=2.72133924795655
step 9688  lr=4.89726667755919e-05  loss=2.48071865522854
step 9689  lr=4.86594969461318e-05  loss=2.63464675560913
step 9690  lr=4.83473292163872e-05  loss=1.61591217058712
step 9691  lr=4.80361636177951e-05  loss=1.7390968866303
step 9692  lr=4.77260001816882e-05  loss=1.64148179254907
step 9693  lr=4.74168389393015e-05  loss=1.68167953867043
step 9694  lr=4.71086799217668e-05  loss=1.69636731586525
step 9695  lr=4.68015231601149e-05  loss=2.79410542483396
step 9696  lr=4.64953686852787e-05  loss=1.72025080155923
step 9697  lr=4.61902165280859e-05  loss=1.71480442531463
step 9698  lr=4.58860667192651e-05  loss=1.62856385187339
step 9699  lr=4.55829192894464e-05  loss=2.60100235822931
step 9700  lr=4.52807742691541e-05  loss=2.95953174012214
step 9701  lr=4.49796316888162e-05  loss=2.11585296604391
step 9702  lr=4.46794915787563e-05  loss=1.74176731854766
step 9703  lr=4.43803539692e-05  loss=2.69271251800327
step 9704  lr=4.4082218890269e-05  loss=2.06687177033246
step 9705  lr=4.37850863719869e-05  loss=1.76010233448
step 9706  lr=4.34889564442731e-05  loss=2.60626959082228
step 9707  lr=4.31938291369505e-05  loss=1.63681810073498
step 9708  lr=4.28997044797363e-05  loss=1.74692972768661
step 9709  lr=4.26065825022481e-05  loss=2.58707814934207
step 9710  lr=4.23144632340056e-05  loss=2.10193222929085
step 9711  lr=4.20233467044251e-05  loss=1.67292927702306
step 9712  lr=4.17332329428199e-05  loss=2.85443899702714
step 9713  lr=4.14441219784056e-05  loss=1.92592546302826
step 9714  lr=4.11560138402967e-05  loss=2.97616262656155
step 9715  lr=4.08689085575042e-05  loss=2.61403615083247
step 9716  lr=4.05828061589397e-05  loss=2.51873301789203
step 9717  lr=4.02977066734145e-05  loss=1.77285777730083
step 9718  lr=4.00136101296378e-05  loss=1.73390742418065
step 9719  lr=3.97305165562178e-05  loss=2.68155259445087
step 9720  lr=3.94484259816619e-05  loss=2.61778119532937
step 9721  lr=3.91673384343783e-05  loss=2.81386984475438
step 9722  lr=3.88872539426699e-05  loss=2.57037220456183
step 9723  lr=3.86081725347431e-05  loss=2.55496870368503
step 9724  lr=3.83300942386999e-05  loss=2.53351807258182
step 9725  lr=3.80530190825445e-05  loss=2.4831242193139
step 9726  lr=3.77769470941769e-05  loss=1.81113170192938
step 9727  lr=3.75018783013992e-05  loss=2.3329155431676
step 9728  lr=3.72278127319092e-05  loss=2.45010734224891
step 9729  lr=3.69547504133061e-05  loss=2.47803028262823
step 9730  lr=3.66826913730867e-05  loss=2.24267169737149
step 9731  lr=3.64116356386468e-05  loss=1.56788854075413
step 9732  lr=3.61415832372836e-05  loss=1.78884546131915
step 9733  lr=3.58725341961907e-05  loss=2.8207638817439
step 9734  lr=3.560448854246e-05  loss=1.65123014423802
step 9735  lr=3.53374463030853e-05  loss=2.63112168239459
step 9736  lr=3.50714075049563e-05  loss=2.58832953691409
step 9737  lr=3.48063721748648e-05  loss=2.61714524076651
step 9738  lr=3.45423403394984e-05  loss=1.60323155634596
step 9739  lr=3.42793120254459e-05  loss=1.60264813770837
step 9740  lr=3.40172872591937e-05  loss=1.7332910588169
step 9741  lr=3.37562660671287e-05  loss=2.55890029084625
step 9742  lr=3.34962484755341e-05  loss=2.80070409972486
step 9743  lr=3.32372345105958e-05  loss=2.60931120802223
step 9744  lr=3.29792241983951e-05  loss=2.46801304225365
step 9745  lr=3.27222175649122e-05  loss=2.52474191541175
step 9746  lr=3.24662146360311e-05  loss=2.50161849882371
step 9747  lr=3.22112154375287e-05  loss=1.74117526292182
step 9748  lr=3.19572199950846e-05  loss=1.91142393194463
step 9749  lr=3.17042283342739e-05  loss=2.46505320931592
step 9750  lr=3.14522404805773e-05  loss=1.78418174363989
step 9751  lr=3.12012564593656e-05  loss=2.61141835810179
step 9752  lr=3.09512762959152e-05  loss=2.52821800168699
step 9753  lr=3.07023000153983e-05  loss=2.51399874295996
step 9754  lr=3.0454327642887e-05  loss=1.89611233746398
step 9755  lr=3.02073592033514e-05  loss=2.41043892127378
step 9756  lr=2.99613947216637e-05  loss=2.37661768955152
step 9757  lr=2.97164342225897e-05  loss=1.7147268060593
step 9758  lr=2.94724777307975e-05  loss=1.6178826064966
step 9759  lr=2.92295252708552e-05  loss=1.78953865177806
step 9760  lr=2.89875768672254e-05  loss=2.61757575746274
step 9761  lr=2.87466325442753e-05  loss=2.57092670389911
step 9762  lr=2.85066923262656e-05  loss=2.55613376817874
step 9763  lr=2.8267756237359e-05  loss=1.65672614946002
step 9764  lr=2.80298243016175e-05  loss=2.08827637622343
step 9765  lr=2.77928965429985e-05  loss=2.7958895781885
step 9766  lr=2.75569729853631e-05  loss=1.75380865253115
step 9767  lr=2.73220536524665e-05  loss=2.38455395286306
step 9768  lr=2.70881385679667e-05  loss=1.59583048028908
step 9769  lr=2.6855227755419e-05  loss=2.52652868263592
step 9770  lr=2.66233212382772e-05  loss=2.87193389733958
step 9771  lr=2.63924190398923e-05  loss=1.9863256500007
step 9772  lr=2.61625211835204e-05  loss=1.79058194581321
step 9773  lr=2.59336276923083e-05  loss=2.462621805543
step 9774  lr=2.57057385893067e-05  loss=1.57163787336249
step 9775  lr=2.54788538974648e-05  loss=2.27124994202059
step 9776  lr=2.5252973639629e-05  loss=1.89293644065575
step 9777  lr=2.50280978385464e-05  loss=1.78311534449883
step 9778  lr=2.48042265168613e-05  loss=2.51544103533816
step 9779  lr=2.45813596971167e-05  loss=2.500127585893
step 9780  lr=2.4359497401758e-05  loss=2.738514547522
step 9781  lr=2.4138639653124e-05  loss=1.59733683625263
step 9782  lr=2.39187864734558e-05  loss=1.80479762826741
step 9783  lr=2.36999378848923e-05  loss=2.45677261134515
step 9784  lr=2.34820939094738e-05  loss=2.18307801472794
step 9785  lr=2.32652545691336e-05  loss=2.52183231464887
step 9786  lr=2.30494198857112e-05  loss=1.83628489995607
step 9787  lr=2.28345898809379e-05  loss=2.65170822050978
step 9788  lr=2.26207645764487e-05  loss=1.32357765374162
step 9789  lr=2.24079439937752e-05  loss=1.65372232561152
step 9790  lr=2.21961281543492e-05  loss=2.59439285989781
step 9791  lr=2.19853170795004e-05  loss=2.16341071358036
step 9792  lr=2.1775510790456e-05  loss=1.97924770708705
step 9793  lr=2.1566709308346e-05  loss=2.58567957108986
step 9794  lr=2.13589126541947e-05  loss=1.71701687420218
step 9795  lr=2.11521208489274e-05  loss=2.33083044215219
step 9796  lr=2.09463339133686e-05  loss=2.60996329252852
step 9797  lr=2.07415518682419e-05  loss=1.71014807040621
step 9798  lr=2.05377747341673e-05  loss=1.67744792786693
step 9799  lr=2.03350025316651e-05  loss=2.6475529542508
step 9800  lr=2.01332352811567e-05  loss=2.51351503163867
step 9801  lr=1.99324730029571e-05  loss=1.92786823523283
step 9802  lr=1.97327157172844e-05  loss=1.71100620819075
step 9803  lr=1.95339634442548e-05  loss=1.87560397717902
step 9804  lr=1.93362162038813e-05  loss=1.8771974582141
step 9805  lr=1.91394740160777e-05  loss=1.56655494562021
step 9806  lr=1.89437369006562e-05  loss=2.36417645385771
step 9807  lr=1.87490048773276e-05  loss=2.61332793638596
step 9808  lr=1.85552779657017e-05  loss=1.71697326814597
step 9809  lr=1.83625561852851e-05  loss=1.63613829088601
step 9810  lr=1.81708395554869e-05  loss=2.29846389253946
step 9811  lr=1.79801280956104e-05  loss=1.62632902765145
step 9812  lr=1.77904218248637e-05  loss=3.00370436050935
step 9813  lr=1.76017207623469e-05  loss=1.8970466611404
step 9814  lr=1.74140249270649e-05  loss=2.78857030987762
step 9815  lr=1.7227334337917e-05  loss=1.74359439234751
step 9816  lr=1.70416490137038e-05  loss=2.64973842709038
step 9817  lr=1.68569689731224e-05  loss=1.65236061643295
step 9818  lr=1.66732942347714e-05  loss=2.52523956426738
step 9819  lr=1.6490624817147e-05  loss=2.03144145896325
step 9820  lr=1.63089607386435e-05  loss=2.40889464621716
step 9821  lr=1.6128302017554e-05  loss=2.81589407907277
step 9822  lr=1.59486486720717e-05  loss=2.462930464956
step 9823  lr=1.57700007202866e-05  loss=2.61598521650893
step 9824  lr=1.55923581801898e-05  loss=2.74478225496094
step 9825  lr=1.54157210696693e-05  loss=2.27779707807035
step 9826  lr=1.5240089406513e-05  loss=1.78502400628969
step 9827  lr=1.50654632084057e-05  loss=2.54371206413297
step 9828  lr=1.48918424929334e-05  loss=2.15084618152869
step 9829  lr=1.47192272775787e-05  loss=1.84447249530299
step 9830  lr=1.45476175797254e-05  loss=1.28008797990194
step 9831  lr=1.43770134166543e-05  loss=2.42667330960707
step 9832  lr=1.42074148055438e-05  loss=2.54535082866866
step 9833  lr=1.40388217634735e-05  loss=2.17994796533977
step 9834  lr=1.3871234307421e-05  loss=2.932463848571
step 9835  lr=1.37046524542617e-05  loss=2.43564341563752
step 9836  lr=1.35390762207699e-05  loss=2.59881439234002
step 9837  lr=1.33745056236212e-05  loss=1.72117651977653
step 9838  lr=1.32109406793857e-05  loss=2.0302305175484
step 9839  lr=1.30483814045357e-05  loss=2.94360413679028
step 9840  lr=1.28868278154404e-05  loss=1.72262695927109
step 9841  lr=1.27262799283678e-05  loss=2.63480303602597
step 9842  lr=1.25667377594851e-05  loss=1.6533197624817
step 9843  lr=1.24082013248594e-05  loss=2.56164280488738
step 9844  lr=1.22506706404546e-05  loss=1.62377845304972
step 9845  lr=1.20941457221346e-05  loss=2.63007292968206
step 9846  lr=1.19386265856603e-05  loss=2.47888359437147
step 9847  lr=1.17841132466923e-05  loss=2.54440603693233
step 9848  lr=1.16306057207916e-05  loss=1.8719602106911
step 9849  lr=1.14781040234146e-05  loss=2.59217490350048
step 9850  lr=1.13266081699204e-05  loss=2.57527785011106
step 9851  lr=1.11761181755632e-05  loss=2.03045633642492
step 9852  lr=1.10266340554976e-05  loss=2.84922428419217
step 9853  lr=1.08781558247761e-05  loss=1.8001594416449
step 9854  lr=1.07306834983512e-05  loss=2.5533404495279
step 9855  lr=1.0584217091073e-05  loss=2.81539752309453
step 9856  lr=1.04387566176911e-05  loss=2.55693133323972
step 9857  lr=1.02943020928536e-05  loss=2.59792229229668
step 9858  lr=1.01508535311057e-05  loss=2.57667109698604
step 9859  lr=1.00084109468934e-05  loss=2.25464559103643
step 9860  lr=9.86697435456096e-06  loss=1.24046776545122
step 9861  lr=9.72654376835136e-06  loss=2.59120342514097
step 9862  lr=9.58711920240551e-06  loss=3.00484806794054
step 9863  lr=9.4487006707622e-06  loss=2.51741551579274
step 9864  lr=9.31128818736249e-06  loss=1.85086133645873
step 9865  lr=9.17488176604309e-06  loss=2.63158120688129
step 9866  lr=9.03948142053857e-06  loss=1.86319554042666
step 9867  lr=8.90508716448579e-06  loss=2.59666788346512
step 9868  lr=8.77169901141617e-06  loss=1.8057803892642
step 9869  lr=8.6393169747645e-06  loss=2.37436386475909
step 9870  lr=8.50794106785902e-06  loss=1.96315068702112
step 9871  lr=8.37757130393135e-06  loss=2.12665620386488
step 9872  lr=8.24820769610879e-06  loss=1.74459520729487
step 9873  lr=8.11985025741757e-06  loss=1.99429388657749
step 9874  lr=7.99249900078514e-06  loss=1.55697070013518
step 9875  lr=7.86615393903345e-06  loss=2.55612642377679
step 9876  lr=7.74081508488789e-06  loss=2.92835187579155
step 9877  lr=7.61648245096835e-06  loss=1.63466587690428
step 9878  lr=7.49315604979484e-06  loss=2.408460606981
step 9879  lr=7.37083589378851e-06  loss=1.86084556043293
step 9880  lr=7.24952199526396e-06  loss=2.69076339472174
step 9881  lr=7.12921436644032e-06  loss=2.52665643656855
step 9882  lr=7.00991301943121e-06  loss=2.11526930332551
step 9883  lr=6.89161796625037e-06  loss=2.56433126834871
step 9884  lr=6.77432921881049e-06  loss=1.70556127566009
step 9885  lr=6.65804678892101e-06  loss=1.87050698707212
step 9886  lr=6.54277068829368e-06  loss=2.36370526433166
step 9887  lr=6.42850092853586e-06  loss=1.59420471801729
step 9888  lr=6.31523752115504e-06  loss=2.4753285885826
step 9889  lr=6.20298047755541e-06  loss=2.76321633930708
step 9890  lr=6.09172980904238e-06  loss=1.66938414274952
step 9891  lr=5.98148552681921e-06  loss=1.76486185390221
step 9892  lr=5.87224764198702e-06  loss=2.08879289424757
step 9893  lr=5.76401616554589e-06  loss=2.68395519898977
step 9894  lr=5.65679110839379e-06  loss=2.02538653661981
step 9895  lr=5.55057248133095e-06  loss=2.80453636548583
step 9896  lr=5.44536029505105e-06  loss=1.73736502512914
step 9897  lr=5.34115456015005e-06  loss=2.58375856991863
step 9898  lr=5.23795528712179e-06  loss=1.81252099191759
step 9899  lr=5.13576248635794e-06  loss=2.10202852545181
step 9900  lr=5.03457616814917e-06  loss=2.52332853399937
step 9901  lr=4.934396342684e-06  loss=2.56182585389024
step 9902  lr=4.83522302005324e-06  loss=2.59231686232329
step 9903  lr=4.73705621024112e-06  loss=2.54203311562204
step 9904  lr=4.63989592313419e-06  loss=1.81693942814991
step 9905  lr=4.54374216851683e-06  loss=2.66986961308904
step 9906  lr=4.4485949560702e-06  loss=1.75169728489457
step 9907  lr=4.35445429537662e-06  loss=1.73470199467872
step 9908  lr=4.2613201959163e-06  loss=1.69627873720321
step 9909  lr=4.16919266706728e-06  loss=2.6894793109596
step 9910  lr=4.0780717181077e-06  loss=2.63307287236587
step 9911  lr=3.98795735821245e-06  loss=1.76477297023457
step 9912  lr=3.89884959645648e-06  loss=2.6682437957303
step 9913  lr=3.81074844181262e-06  loss=1.9722697632572
step 9914  lr=3.72365390315266e-06  loss=1.80382809825261
step 9915  lr=3.63756598924736e-06  loss=2.16895797738109
step 9916  lr=3.55248470876646e-06  loss=1.74484124296653
step 9917  lr=3.46841007027643e-06  loss=1.32829332100184
step 9918  lr=3.38534208224384e-06  loss=2.57567990967168
step 9919  lr=3.3032807530331e-06  loss=2.70400503733597
step 9920  lr=3.22222609090872e-06  loss=2.40841325692589
step 9921  lr=3.14217810403306e-06  loss=2.87138374106442
step 9922  lr=3.06313680046633e-06  loss=1.73032429995773
step 9923  lr=2.98510218816883e-06  loss=1.81625081132528
step 9924  lr=2.90807427499762e-06  loss=1.9057049078343
step 9925  lr=2.83205306870982e-06  loss=2.6317378647699
step 9926  lr=2.75703857696041e-06  loss=2.73600532530166
step 9927  lr=2.68303080730337e-06  loss=1.70278389476565
step 9928  lr=2.6100297671916e-06  loss=1.92408992715573
step 9929  lr=2.53803546397702e-06  loss=1.78918901766277
step 9930  lr=2.46704790490826e-06  loss=1.70527144113984
step 9931  lr=2.39706709713516e-06  loss=2.89064597653192
step 9932  lr=2.32809304770321e-06  loss=1.86672505979354
step 9933  lr=2.26012576355794e-06  loss=1.96484817221639
step 9934  lr=2.193165251545e-06  loss=1.58197348310989
step 9935  lr=2.12721151840678e-06  loss=2.45594307512761
step 9936  lr=2.06226457078573e-06  loss=2.60623969520031
step 9937  lr=1.99832441521997e-06  loss=2.54910391053531
step 9938  lr=1.93539105814988e-06  loss=2.47736052426956
step 9939  lr=1.87346450591153e-06  loss=1.92518891819132
step 9940  lr=1.81254476474213e-06  loss=2.52413115385636
step 9941  lr=1.75263184077679e-06  loss=2.37231363431232
step 9942  lr=1.69372574004623e-06  loss=1.98325221390901
step 9943  lr=1.6358264684857e-06  loss=2.61973594977784
step 9944  lr=1.57893403192277e-06  loss=1.74282372542818
step 9945  lr=1.5230484360873e-06  loss=1.84659415065719
step 9946  lr=1.46816968660812e-06  loss=1.79455624772504
step 9947  lr=1.41429778901081e-06  loss=2.07952615195307
step 9948  lr=1.3614327487188e-06  loss=2.58968801365124
step 9949  lr=1.30957457105785e-06  loss=1.72518479505908
step 9950  lr=1.25872326124932e-06  loss=2.6604384159561
step 9951  lr=1.20887882441356e-06  loss=2.76962307563362
step 9952  lr=1.16004126557101e-06  loss=1.96472930386296
step 9953  lr=1.11221058963773e-06  loss=1.67368549870923
step 9954  lr=1.06538680143098e-06  loss=1.83564877572765
step 9955  lr=1.01956990566698e-06  loss=1.78283429908038
step 9956  lr=9.74759906957612e-07  loss=2.5315094386881
step 9957  lr=9.3095680981703e-07  loss=2.3110441997802
step 9958  lr=8.88160618656153e-07  loss=2.00738279089678
step 9959  lr=8.46371337782648e-07  loss=1.59985287363163
step 9960  lr=8.05588971406479e-07  loss=1.91456046619507
step 9961  lr=7.65813523634362e-07  loss=1.66391949657929
step 9962  lr=7.27044998470872e-07  loss=2.03080138246559
step 9963  lr=6.89283399820662e-07  loss=2.57847339024963
step 9964  lr=6.52528731485136e-07  loss=1.96765157996022
step 9965  lr=6.16780997166888e-07  loss=3.02796801272012
step 9966  lr=5.82040200465261e-07  loss=2.45754657754263
step 9967  lr=5.48306344878569e-07  loss=2.83119777768618
step 9968  lr=5.15579433804092e-07  loss=2.10188754229658
step 9969  lr=4.83859470536974e-07  loss=1.83172551669902
step 9970  lr=4.53146458271325e-07  loss=1.78889205752811
step 9971  lr=4.23440400100228e-07  loss=1.75023433176334
step 9972  lr=3.94741299015733e-07  loss=1.71284237423052
step 9973  lr=3.6704915790664e-07  loss=2.59902362374322
step 9974  lr=3.40363979561831e-07  loss=1.62621260204472
step 9975  lr=3.14685766669154e-07  loss=2.88534587099918
step 9976  lr=2.90014521814319e-07  loss=1.80979991555697
step 9977  lr=2.66350247480895e-07  loss=1.87785632512285
step 9978  lr=2.43692946052532e-07  loss=2.81161185863936
step 9979  lr=2.22042619810736e-07  loss=1.56813243595787
step 9980  lr=2.01399270934877e-07  loss=2.41090933904239
step 9981  lr=1.81762901505511e-07  loss=2.89916228225784
step 9982  lr=1.63133513498837e-07  loss=2.33322144561129
step 9983  lr=1.4551110879002e-07  loss=1.87861794604888
step 9984  lr=1.28895689155417e-07  loss=2.68579551030447
step 9985  lr=1.13287256268135e-07  loss=2.2387569408644
step 9986  lr=9.86858116980294e-08  loss=1.81571494818832
step 9987  lr=8.50913569172551e-08  loss=2.05679973498045
step 9988  lr=7.25038932947175e-08  loss=2.27311060078636
step 9989  lr=6.09234220960708e-08  loss=1.77166930561588
step 9990  lr=5.03499444892697e-08  loss=1.78984076207262
step 9991  lr=4.07834615390179e-08  loss=2.52220973968646
step 9992  lr=3.22239742078789e-08  loss=1.64175815887399
step 9993  lr=2.4671483358496e-08  loss=1.67718403362333
step 9994  lr=1.81259897513719e-08  loss=2.77528299103863
step 9995  lr=1.25874940448689e-08  loss=2.3307494660419
step 9996  lr=8.05599679742919e-09  loss=2.66835707714383
step 9997  lr=4.53149846424417e-09  loss=2.81418143621997
step 9998  lr=2.01399940169544e-09  loss=2.10208733116555
step 9999  lr=5.0349986291387e-10  loss=2.76719920384903

final loss (fresh chunk)=1.74742144556064
(compare to lm_v3_multi fixed-corpus baseline: 1.546 at step 429)
